Customer_ID,District,Sector,Cell,Customer_Type,Status,Connection_Date,Latitude,Longitude
CUST-000001,Kicukiro,Kigarama,Bwerankori,Residential,Disconnected,2024-07-19,-2.034827,30.108522
CUST-000002,Gasabo,Kimironko,Nyagatovu,Residential,Active,2020-06-17,-1.872762,30.115307
CUST-000003,Kicukiro,Kigarama,Nyarurama,Residential,Transferred,2022-04-30,-1.96597,30.059428
CUST-000004,Gasabo,Remera,Rukiri I,Residential,Active,2023-12-21,-1.822647,30.180464
CUST-000005,Nyarugenge,Muhima,Tetero,Residential,Active,2020-01-22,-1.946755,30.058949
CUST-000006,Kicukiro,Kanombe,Kabeza,Residential,Active,2024-02-28,-2.004751,30.088862
CUST-000007,Kicukiro,Kagarama,Kanserege,Non-Residential,Active,2025-03-06,-1.997915,30.098717
CUST-000008,Kicukiro,Gikondo,Kagunga,Residential,Disconnected,2023-10-20,-1.957963,30.072988
CUST-000009,Gasabo,Gatsata,Nyamabuye,Residential,Active,2025-10-04,-1.848661,30.086538
CUST-000010,Kicukiro,Nyarugunga,Kamashashi,Residential,Suspended,2020-12-07,-1.973859,30.114382
CUST-000011,Gasabo,Rutunga,Kibenga,Residential,Active,2024-09-17,-1.860811,30.14846
CUST-000012,Kicukiro,Nyarugunga,Rwimbogo,Residential,Active,2024-04-08,-1.985576,30.080233
CUST-000013,Gasabo,Rusororo,Kabuga I,Residential,Active,2020-08-19,-1.859074,30.166028
CUST-000014,Kicukiro,Gikondo,Kagunga,Residential,Suspended,2024-07-14,-1.970061,30.085983
CUST-000015,Gasabo,Jali,Nkusi,Residential,Active,2021-05-14,-1.889637,30.159047
CUST-000016,Gasabo,Kacyiru,Kamutwa,Residential,Active,2021-02-20,-1.92446,30.101221
CUST-000017,Gasabo,Nduba,Gatunga,Non-Residential,Active,2025-04-18,-1.921638,30.13496
CUST-000018,Nyarugenge,Nyarugenge,Kiyovu,Residential,Active,2020-11-02,-1.982522,30.042539
CUST-000019,Gasabo,Nduba,Gatunga,Residential,Transferred,2020-01-03,-1.863659,30.140234
CUST-000020,Gasabo,Jali,Nyakabungo,Residential,Disconnected,2025-04-18,-1.882138,30.121903
CUST-000021,Gasabo,Ndera,Kibenga,Residential,Transferred,2025-01-17,-1.930076,30.130236
CUST-000022,Kicukiro,Kagarama,Kanserege,Residential,Active,2020-07-18,-1.96469,30.155659
CUST-000023,Gasabo,Kimironko,Bibare,Residential,Active,2021-12-10,-1.915826,30.122663
CUST-000024,Gasabo,Jali,Nkusi,Residential,Active,2023-06-28,-1.884607,30.134679
CUST-000025,Kicukiro,Kanombe,Rubirizi,Residential,Active,2025-05-18,-1.963471,30.117687
CUST-000026,Nyarugenge,Muhima,Rugenge,Residential,Active,2022-06-09,-1.920313,30.063263
CUST-000027,Gasabo,Kimironko,Bibare,Residential,Active,2025-03-24,-1.834732,30.125718
CUST-000028,Gasabo,Bumbogo,Nkuzuzu,Residential,Active,2020-12-21,-1.909873,30.134996
CUST-000029,Gasabo,Bumbogo,Mvuzo,Non-Residential,Active,2021-05-15,-1.935208,30.12951
CUST-000030,Gasabo,Kinyinya,Murama,Residential,Active,2020-11-17,-1.904686,30.107805
CUST-000031,Nyarugenge,Kigali,Rwesero,Non-Residential,Active,2023-06-07,-1.99954,30.047759
CUST-000032,Nyarugenge,Mageragere,Ntungamo,Residential,Active,2024-08-24,-1.943151,30.017656
CUST-000033,Kicukiro,Masaka,Mbabe,Residential,Active,2022-08-30,-1.970697,30.10153
CUST-000034,Kicukiro,Gikondo,Kanserege,Residential,Active,2022-07-13,-1.977493,30.13387
CUST-000035,Gasabo,Jali,Nkusi,Residential,Active,2023-06-08,-1.879833,30.149781
CUST-000036,Gasabo,Remera,Rukiri II,Residential,Active,2021-01-15,-1.895984,30.101604
CUST-000037,Kicukiro,Gatenga,Karambo,Residential,Active,2023-07-11,-2.003081,30.076118
CUST-000038,Gasabo,Gatsata,Nyamabuye,Residential,Active,2020-06-15,-1.910324,30.140092
CUST-000039,Gasabo,Gatsata,Nyamabuye,Residential,Active,2020-08-24,-1.814735,30.157513
CUST-000040,Gasabo,Jali,Nkusi,Residential,Active,2023-07-01,-1.9121,30.152721
CUST-000041,Gasabo,Kimironko,Kibagabaga,Residential,Active,2021-02-17,-1.884425,30.119291
CUST-000042,Nyarugenge,Gitega,Gacyamo,Residential,Active,2025-11-26,-1.99658,30.08024
CUST-000043,Kicukiro,Masaka,Rusheshe,Residential,Active,2021-03-13,-2.014432,30.137338
CUST-000044,Nyarugenge,Nyakabanda,Munanira I,Residential,Active,2023-01-04,-1.981183,29.974112
CUST-000045,Gasabo,Nduba,Gasura,Residential,Active,2020-03-21,-1.890959,30.081729
CUST-000046,Nyarugenge,Mageragere,Kankuba,Residential,Active,2023-04-17,-1.967454,30.025518
CUST-000047,Kicukiro,Masaka,Cyimo,Residential,Active,2020-02-19,-1.959841,30.116076
CUST-000048,Gasabo,Rusororo,Kabuga II,Residential,Active,2021-01-27,-1.919688,30.147988
CUST-000049,Gasabo,Kacyiru,Kibaza,Residential,Active,2022-05-26,-1.903772,30.102858
CUST-000050,Kicukiro,Gatenga,Gatenga,Residential,Active,2021-08-30,-1.971705,30.10269
CUST-000051,Gasabo,Jali,Agateko,Residential,Active,2025-10-01,-1.92264,30.152849
CUST-000052,Nyarugenge,Nyamirambo,Gasharu,Residential,Active,2025-01-23,-1.993751,30.099133
CUST-000053,Kicukiro,Gahanga,Kagasa,Residential,Active,2020-08-18,-1.950733,30.114215
CUST-000054,Gasabo,Rusororo,Kabuga I,Residential,Active,2021-09-21,-1.887334,30.136477
CUST-000055,Nyarugenge,Nyarugenge,Biryogo,Residential,Active,2020-06-17,-2.0085,30.096867
CUST-000056,Nyarugenge,Kanyinya,Nzove,Residential,Active,2020-08-15,-1.971341,30.03387
CUST-000057,Gasabo,Nduba,Gatunga,Residential,Active,2025-01-15,-1.916981,30.107594
CUST-000058,Kicukiro,Gahanga,Karembure,Residential,Active,2021-04-16,-2.028324,30.063037
CUST-000059,Nyarugenge,Kanyinya,Nyamweru,Residential,Active,2020-01-30,-1.980427,30.030904
CUST-000060,Kicukiro,Kigarama,Karugira,Residential,Active,2021-10-11,-1.989584,30.091926
CUST-000061,Kicukiro,Gatenga,Nyarurama,Residential,Suspended,2025-09-24,-1.948263,30.147764
CUST-000062,Gasabo,Gikomero,Munini,Residential,Active,2021-10-02,-1.90279,30.071452
CUST-000063,Nyarugenge,Gitega,Kinyange,Residential,Active,2020-07-14,-1.9307,30.057291
CUST-000064,Nyarugenge,Muhima,Tetero,Residential,Active,2021-09-15,-2.017856,30.056912
CUST-000065,Nyarugenge,Kigali,Kigali,Residential,Active,2024-09-05,-2.001277,30.099347
CUST-000066,Kicukiro,Kanombe,Kabeza,Residential,Active,2024-07-04,-1.992844,30.128565
CUST-000067,Nyarugenge,Gitega,Gacyamo,Residential,Active,2023-07-25,-1.996594,30.034102
CUST-000068,Gasabo,Rutunga,Kigabiro,Residential,Active,2023-05-15,-1.893617,30.135984
CUST-000069,Gasabo,Rutunga,Kacyatwa,Non-Residential,Active,2024-04-18,-1.890955,30.093633
CUST-000070,Kicukiro,Gatenga,Karambo,Residential,Active,2024-02-03,-1.986486,30.078691
CUST-000071,Nyarugenge,Gitega,Gacyamo,Residential,Disconnected,2022-12-12,-1.970316,30.073545
CUST-000072,Gasabo,Rusororo,Mbandazi,Residential,Active,2021-03-10,-1.829174,30.158672
CUST-000073,Kicukiro,Kicukiro,Ngoma,Residential,Active,2025-10-22,-1.994355,30.073315
CUST-000074,Nyarugenge,Gitega,Akabahizi,Residential,Suspended,2022-06-15,-1.931049,30.060022
CUST-000075,Kicukiro,Gahanga,Nunga,Residential,Active,2022-04-25,-2.007912,30.171348
CUST-000076,Gasabo,Rutunga,Gasabo,Residential,Active,2024-08-25,-1.874483,30.126532
CUST-000077,Gasabo,Jali,Agateko,Residential,Active,2023-10-26,-1.89515,30.168323
CUST-000078,Gasabo,Kimihurura,Kimihurura,Residential,Active,2020-09-28,-1.898491,30.128088
CUST-000079,Nyarugenge,Gitega,Kinyange,Residential,Disconnected,2022-11-09,-1.918391,30.083357
CUST-000080,Gasabo,Nduba,Butare,Residential,Active,2023-07-10,-1.897637,30.129948
CUST-000081,Kicukiro,Gahanga,Nunga,Residential,Active,2025-09-08,-1.974817,30.035777
CUST-000082,Gasabo,Rutunga,Kabaliza,Residential,Active,2024-06-19,-1.846189,30.076437
CUST-000083,Nyarugenge,Gitega,Gacyamo,Residential,Active,2025-02-28,-1.91464,30.015752
CUST-000084,Nyarugenge,Kigali,Nyabugogo,Residential,Active,2021-03-06,-1.90594,30.045535
CUST-000085,Nyarugenge,Gitega,Kigarama,Residential,Active,2024-12-08,-1.934777,30.068573
CUST-000086,Kicukiro,Kicukiro,Gasharu,Residential,Active,2023-11-01,-1.993443,30.091316
CUST-000087,Nyarugenge,Rwezamenyo,Rwezamenyo II,Public Taps,Active,2023-07-01,-2.000981,30.001537
CUST-000088,Gasabo,Rutunga,Kabaliza,Residential,Active,2025-12-14,-1.895298,30.120171
CUST-000089,Gasabo,Nduba,Butare,Non-Residential,Active,2021-01-29,-1.851271,30.093537
CUST-000090,Kicukiro,Kanombe,Kabeza,Residential,Active,2025-07-03,-2.002749,30.11502
CUST-000091,Gasabo,Rutunga,Kibenga,Residential,Active,2021-04-04,-1.864776,30.157467
CUST-000092,Kicukiro,Kigarama,Nyarurama,Residential,Active,2025-09-13,-1.964567,30.099387
CUST-000093,Kicukiro,Kanombe,Kabeza,Residential,Active,2021-03-26,-1.977174,30.12654
CUST-000094,Kicukiro,Gahanga,Rwabutenge,Residential,Active,2024-11-13,-1.941326,30.099742
CUST-000095,Gasabo,Rusororo,Kabuga I,Residential,Active,2025-04-25,-1.887193,30.159595
CUST-000096,Kicukiro,Niboye,Gatare,Residential,Active,2023-12-09,-2.002845,30.096732
CUST-000097,Kicukiro,Kanombe,Busanza,Residential,Transferred,2021-05-03,-1.95169,30.082821
CUST-000098,Nyarugenge,Rwezamenyo,Rwezamenyo II,Residential,Active,2020-03-14,-1.960512,30.046646
CUST-000099,Kicukiro,Kanombe,Kabeza,Residential,Active,2025-09-13,-1.982818,30.122693
CUST-000100,Kicukiro,Kigarama,Kigarama,Residential,Active,2023-07-19,-1.987932,30.0662
CUST-000101,Gasabo,Bumbogo,Nkuzuzu,Residential,Active,2024-07-03,-1.87002,30.142165
CUST-000102,Gasabo,Jabana,Ngiryi,Residential,Active,2023-12-16,-1.90464,30.157396
CUST-000103,Gasabo,Gikomero,Gicaca,Residential,Active,2023-02-27,-1.898393,30.153951
CUST-000104,Gasabo,Nduba,Gatunga,Residential,Disconnected,2025-12-27,-1.850857,30.119628
CUST-000105,Nyarugenge,Mageragere,Kavumu,Residential,Active,2024-01-23,-1.953712,30.091781
CUST-000106,Kicukiro,Gikondo,Kagunga,Residential,Active,2023-12-05,-1.993884,30.0981
CUST-000107,Gasabo,Rusororo,Bisenga,Non-Residential,Active,2022-12-19,-1.909224,30.149196
CUST-000108,Gasabo,Kinyinya,Gasharu,Residential,Active,2020-11-21,-1.824967,30.129569
CUST-000109,Kicukiro,Kanombe,Busanza,Residential,Suspended,2020-11-17,-1.975681,30.078532
CUST-000110,Nyarugenge,Kigali,Rwesero,Residential,Active,2023-05-04,-2.010853,30.069691
CUST-000111,Gasabo,Gikomero,Murambi,Residential,Transferred,2023-09-10,-1.813834,30.116159
CUST-000112,Kicukiro,Kanombe,Rubirizi,Residential,Active,2023-01-08,-1.886777,30.084913
CUST-000113,Gasabo,Kinyinya,Murama,Residential,Active,2023-10-27,-1.881881,30.198392
CUST-000114,Gasabo,Jali,Muko,Residential,Active,2023-03-12,-1.842251,30.196472
CUST-000115,Kicukiro,Masaka,Gitaraga,Residential,Active,2022-01-23,-1.903575,30.080931
CUST-000116,Gasabo,Rusororo,Kabuga I,Residential,Suspended,2024-07-18,-1.887848,30.170344
CUST-000117,Gasabo,Bumbogo,Kinyaga,Residential,Active,2024-03-19,-1.913364,30.124121
CUST-000118,Nyarugenge,Muhima,Kabeza,Residential,Active,2023-08-20,-2.004335,30.021954
CUST-000119,Nyarugenge,Nyarugenge,Agatare,Residential,Active,2022-11-12,-1.968968,30.051456
CUST-000120,Kicukiro,Kagarama,Muyange,Residential,Active,2024-05-03,-1.974812,30.148455
CUST-000121,Gasabo,Jali,Nkusi,Public Taps,Active,2024-12-04,-1.906922,30.078269
CUST-000122,Nyarugenge,Gitega,Kigarama,Residential,Disconnected,2025-05-29,-1.956357,30.057029
CUST-000123,Kicukiro,Masaka,Gitaraga,Residential,Active,2024-03-11,-1.994905,30.073218
CUST-000124,Kicukiro,Gahanga,Karembure,Residential,Active,2025-12-17,-1.991326,30.084388
CUST-000125,Kicukiro,Kigarama,Rwampara,Residential,Active,2021-11-26,-1.980305,30.108655
CUST-000126,Kicukiro,Kagarama,Rukatsa,Residential,Active,2020-08-23,-1.981287,30.082131
CUST-000127,Nyarugenge,Nyamirambo,Rugarama,Residential,Suspended,2020-12-31,-1.952126,30.041434
CUST-000128,Gasabo,Gisozi,Ruhango,Residential,Active,2022-01-15,-1.902461,30.108676
CUST-000129,Gasabo,Ndera,Cyaruzinge,Residential,Active,2020-09-15,-1.879618,30.097678
CUST-000130,Kicukiro,Gahanga,Murinja,Residential,Active,2025-12-07,-1.979919,30.117397
CUST-000131,Gasabo,Jabana,Akamatamu,Residential,Transferred,2024-04-04,-1.898254,30.127648
CUST-000132,Nyarugenge,Gitega,Akabahizi,Residential,Active,2022-07-09,-2.030735,30.093394
CUST-000133,Gasabo,Jali,Agateko,Residential,Active,2021-12-14,-1.812754,30.138656
CUST-000134,Kicukiro,Kagarama,Rukatsa,Residential,Active,2023-09-07,-1.948186,30.154698
CUST-000135,Nyarugenge,Kigali,Kigali,Public Taps,Active,2020-05-12,-1.963389,30.104203
CUST-000136,Nyarugenge,Mageragere,Mataba,Residential,Active,2023-05-21,-1.933695,30.025956
CUST-000137,Kicukiro,Kanombe,Busanza,Residential,Active,2021-01-03,-1.967809,30.061378
CUST-000138,Gasabo,Jali,Nyakabungo,Public Taps,Active,2021-03-21,-1.842795,30.09068
CUST-000139,Nyarugenge,Mageragere,Runzenze,Residential,Active,2024-04-28,-1.970305,29.97883
CUST-000140,Nyarugenge,Muhima,Rugenge,Residential,Active,2022-09-25,-2.009595,30.014217
CUST-000141,Kicukiro,Gahanga,Kagasa,Non-Residential,Active,2022-05-10,-1.982333,30.09508
CUST-000142,Kicukiro,Kigarama,Karugira,Residential,Active,2024-12-26,-1.977671,30.120949
CUST-000143,Gasabo,Ndera,Cyaruzinge,Residential,Active,2021-07-11,-1.843516,30.101186
CUST-000144,Nyarugenge,Gitega,Akabeza,Residential,Disconnected,2025-08-31,-1.996007,30.048262
CUST-000145,Nyarugenge,Nyakabanda,Munanira I,Residential,Active,2020-05-18,-1.934281,30.017249
CUST-000146,Gasabo,Bumbogo,Kinyaga,Residential,Active,2022-02-04,-1.826828,30.087708
CUST-000147,Kicukiro,Kigarama,Nyarurama,Non-Residential,Active,2021-12-16,-2.03156,30.142489
CUST-000148,Gasabo,Kacyiru,Kamatamu,Residential,Active,2021-07-01,-1.882272,30.150324
CUST-000149,Gasabo,Jali,Nyamitanga,Residential,Active,2020-09-08,-1.865486,30.092251
CUST-000150,Nyarugenge,Muhima,Kabeza,Residential,Active,2021-10-20,-1.928564,30.075916
CUST-000151,Kicukiro,Kigarama,Kigarama,Residential,Disconnected,2020-05-19,-1.969149,30.112163
CUST-000152,Nyarugenge,Mageragere,Nyarurenzi,Residential,Active,2024-06-25,-1.956688,30.026347
CUST-000153,Gasabo,Jabana,Kabuye,Residential,Active,2021-05-10,-1.892528,30.146513
CUST-000154,Nyarugenge,Mageragere,Ntungamo,Residential,Active,2024-11-03,-1.977245,30.057785
CUST-000155,Gasabo,Kimironko,Kibagabaga,Residential,Active,2021-04-03,-1.884116,30.14187
CUST-000156,Nyarugenge,Nyarugenge,Rwampara,Non-Residential,Active,2020-06-10,-1.951002,30.057704
CUST-000157,Kicukiro,Niboye,Gatare,Residential,Active,2022-03-20,-1.960748,30.088422
CUST-000158,Kicukiro,Kigarama,Rwampara,Residential,Active,2022-10-05,-1.966763,30.134136
CUST-000159,Kicukiro,Gahanga,Karembure,Non-Residential,Active,2024-03-23,-1.987133,30.153295
CUST-000160,Gasabo,Nduba,Sha,Non-Residential,Active,2025-06-27,-1.912539,30.16271
CUST-000161,Gasabo,Bumbogo,Musave,Residential,Active,2025-03-06,-1.816052,30.184321
CUST-000162,Nyarugenge,Muhima,Kabeza,Non-Residential,Active,2020-04-11,-1.933004,30.094809
CUST-000163,Gasabo,Kimironko,Nyagatovu,Residential,Active,2021-07-13,-1.891033,30.184562
CUST-000164,Gasabo,Ndera,Mukuyu,Residential,Active,2022-02-21,-1.896877,30.124748
CUST-000165,Gasabo,Gikomero,Murambi,Residential,Active,2022-12-30,-1.937762,30.165099
CUST-000166,Gasabo,Nduba,Muremure,Residential,Active,2022-11-04,-1.859849,30.132078
CUST-000167,Kicukiro,Gikondo,Kinunga,Residential,Active,2021-02-19,-1.95327,30.129728
CUST-000168,Nyarugenge,Nyamirambo,Mumena,Residential,Active,2022-01-19,-2.008173,30.123483
CUST-000169,Nyarugenge,Nyakabanda,Munanira II,Residential,Active,2021-07-06,-1.960339,30.071677
CUST-000170,Kicukiro,Gikondo,Kanserege,Residential,Suspended,2023-11-02,-1.928589,30.07436
CUST-000171,Nyarugenge,Rwezamenyo,Kabuguru II,Residential,Active,2020-02-17,-1.993351,30.028232
CUST-000172,Gasabo,Jabana,Bweramvura,Residential,Active,2024-10-01,-1.881044,30.187703
CUST-000173,Gasabo,Jabana,Kabuye,Residential,Active,2020-08-09,-1.915695,30.159338
CUST-000174,Gasabo,Kimironko,Nyagatovu,Residential,Active,2023-04-04,-1.886866,30.086512
CUST-000175,Nyarugenge,Nyamirambo,Cyivugiza,Residential,Active,2020-12-12,-2.036839,30.061353
CUST-000176,Gasabo,Jabana,Akamatamu,Residential,Transferred,2021-07-01,-1.923457,30.141592
CUST-000177,Kicukiro,Gahanga,Rwabutenge,Residential,Suspended,2025-12-26,-1.972322,30.085219
CUST-000178,Kicukiro,Kicukiro,Ngoma,Residential,Active,2025-01-14,-1.990199,30.138839
CUST-000179,Kicukiro,Kicukiro,Kicukiro,Residential,Active,2020-10-14,-1.974778,30.101001
CUST-000180,Nyarugenge,Muhima,Tetero,Public Taps,Disconnected,2023-03-23,-1.861494,30.088919
CUST-000181,Kicukiro,Kanombe,Karama,Residential,Active,2022-08-03,-2.024463,30.104885
CUST-000182,Gasabo,Remera,Rukiri II,Residential,Active,2021-04-03,-1.894757,30.130154
CUST-000183,Gasabo,Bumbogo,Ngara,Residential,Active,2023-02-02,-1.890455,30.154621
CUST-000184,Gasabo,Gikomero,Gicaca,Residential,Active,2023-06-24,-1.877301,30.132598
CUST-000185,Gasabo,Nduba,Gasura,Residential,Suspended,2020-06-25,-1.850785,30.11879
CUST-000186,Gasabo,Bumbogo,Nyabikenke,Residential,Active,2020-04-23,-1.910464,30.150584
CUST-000187,Nyarugenge,Gitega,Kigarama,Residential,Active,2020-07-09,-1.988229,30.115887
CUST-000188,Kicukiro,Gahanga,Nunga,Residential,Suspended,2023-07-25,-1.992029,30.101994
CUST-000189,Gasabo,Jali,Nyabuliba,Industries,Active,2021-07-11,-1.880159,30.075796
CUST-000190,Gasabo,Kacyiru,Kibaza,Residential,Active,2023-09-19,-1.87969,30.073028
CUST-000191,Nyarugenge,Muhima,Nyabugogo,Residential,Active,2023-06-24,-1.939608,30.047659
CUST-000192,Nyarugenge,Kimisagara,Katabaro,Non-Residential,Active,2021-03-28,-1.995504,30.069922
CUST-000193,Kicukiro,Gatenga,Gatenga,Residential,Active,2025-01-28,-1.990855,30.045355
CUST-000194,Gasabo,Gikomero,Murambi,Residential,Active,2025-06-22,-1.873583,30.146889
CUST-000195,Nyarugenge,Kigali,Mwendo,Residential,Active,2022-09-28,-1.951556,30.111577
CUST-000196,Kicukiro,Kicukiro,Kicukiro,Residential,Suspended,2021-11-10,-2.011949,30.054996
CUST-000197,Gasabo,Kinyinya,Gasharu,Residential,Disconnected,2025-07-08,-1.895004,30.133152
CUST-000198,Gasabo,Rusororo,Ruhanga,Residential,Active,2024-08-24,-1.869898,30.137315
CUST-000199,Gasabo,Ndera,Rudashya,Residential,Active,2022-02-03,-1.912599,30.103533
CUST-000200,Nyarugenge,Kigali,Kigali,Residential,Active,2025-01-24,-1.985197,30.030759
CUST-000201,Nyarugenge,Kanyinya,Nyamweru,Residential,Active,2021-02-12,-1.955993,30.050711
CUST-000202,Gasabo,Jabana,Akamatamu,Residential,Active,2021-12-11,-1.892423,30.121804
CUST-000203,Nyarugenge,Nyarugenge,Agatare,Residential,Active,2025-06-23,-1.91811,30.091403
CUST-000204,Nyarugenge,Nyarugenge,Biryogo,Residential,Active,2022-05-12,-1.978588,30.084911
CUST-000205,Gasabo,Rusororo,Kabuga I,Residential,Active,2020-03-19,-1.847674,30.146543
CUST-000206,Nyarugenge,Nyamirambo,Gasharu,Residential,Active,2020-07-21,-1.954209,30.08609
CUST-000207,Kicukiro,Kicukiro,Kagina,Residential,Active,2025-07-03,-1.96444,30.136719
CUST-000208,Nyarugenge,Kigali,Mwendo,Residential,Suspended,2020-10-12,-1.979584,30.080444
CUST-000209,Kicukiro,Kicukiro,Kicukiro,Industries,Active,2024-07-31,-1.976236,30.074934
CUST-000210,Nyarugenge,Muhima,Kabasengerezi,Residential,Active,2023-02-02,-2.02264,30.052556
CUST-000211,Gasabo,Nduba,Sha,Residential,Active,2024-03-31,-1.949412,30.142467
CUST-000212,Gasabo,Gatsata,Nyamabuye,Residential,Active,2021-01-09,-1.846427,30.100326
CUST-000213,Gasabo,Kacyiru,Kibaza,Residential,Active,2023-11-06,-1.886885,30.13299
CUST-000214,Gasabo,Rutunga,Indatemwa,Residential,Active,2025-03-27,-1.82117,30.157969
CUST-000215,Gasabo,Kimihurura,Rugando,Residential,Active,2022-04-17,-1.884289,30.134183
CUST-000216,Nyarugenge,Mageragere,Kavumu,Residential,Active,2021-08-23,-1.915318,30.072776
CUST-000217,Nyarugenge,Nyamirambo,Cyivugiza,Residential,Active,2023-12-19,-1.966904,30.031684
CUST-000218,Kicukiro,Kigarama,Rwampara,Residential,Active,2025-11-18,-1.988276,30.095966
CUST-000219,Nyarugenge,Kimisagara,Kimisagara,Residential,Active,2024-07-15,-1.943814,30.026773
CUST-000220,Gasabo,Kimironko,Kibagabaga,Non-Residential,Active,2020-03-10,-1.85239,30.166885
CUST-000221,Nyarugenge,Nyamirambo,Mumena,Residential,Active,2025-04-16,-1.968709,30.024877
CUST-000222,Kicukiro,Gahanga,Karembure,Residential,Transferred,2023-05-18,-1.985798,30.13778
CUST-000223,Gasabo,Kacyiru,Kibaza,Residential,Active,2023-02-03,-1.878363,30.071129
CUST-000224,Gasabo,Bumbogo,Nyagasozi,Industries,Active,2023-12-14,-1.842134,30.100115
CUST-000225,Nyarugenge,Muhima,Amahoro,Residential,Active,2023-11-21,-2.001513,30.0303
CUST-000226,Kicukiro,Gahanga,Murinja,Public Taps,Active,2021-08-02,-1.965824,30.072055
CUST-000227,Gasabo,Rutunga,Kacyatwa,Residential,Suspended,2021-11-05,-1.911054,30.196462
CUST-000228,Kicukiro,Kigarama,Karugira,Residential,Active,2025-11-17,-1.985985,30.033845
CUST-000229,Gasabo,Jali,Muko,Residential,Active,2024-11-16,-1.892481,30.09737
CUST-000230,Nyarugenge,Kimisagara,Kimisagara,Residential,Active,2021-05-01,-1.962638,30.097109
CUST-000231,Nyarugenge,Nyamirambo,Rugarama,Non-Residential,Active,2023-11-23,-1.903567,30.040862
CUST-000232,Gasabo,Gikomero,Kibara,Public Taps,Transferred,2023-09-18,-1.877299,30.195504
CUST-000233,Gasabo,Nduba,Gasanze,Residential,Active,2021-04-26,-1.882973,30.13331
CUST-000234,Gasabo,Rusororo,Kabuga I,Residential,Active,2022-04-22,-1.890859,30.08057
CUST-000235,Kicukiro,Kigarama,Karugira,Residential,Active,2024-07-08,-1.996487,30.124626
CUST-000236,Kicukiro,Masaka,Ayabaraya,Residential,Active,2024-12-05,-1.983498,30.139973
CUST-000237,Gasabo,Rusororo,Kinyana,Residential,Active,2021-07-14,-1.920947,30.144778
CUST-000238,Gasabo,Kacyiru,Kibaza,Residential,Active,2022-10-25,-1.888992,30.149781
CUST-000239,Kicukiro,Masaka,Ayabaraya,Residential,Active,2025-06-14,-2.021529,30.12254
CUST-000240,Gasabo,Remera,Rukiri II,Residential,Active,2024-02-24,-1.951552,30.161613
CUST-000241,Gasabo,Ndera,Bwiza,Residential,Active,2024-10-23,-1.885349,30.139771
CUST-000242,Gasabo,Jabana,Bweramvura,Public Taps,Active,2024-08-25,-1.911181,30.182205
CUST-000243,Gasabo,Kimihurura,Kamukina,Residential,Active,2021-07-11,-1.879091,30.164787
CUST-000244,Gasabo,Nduba,Gatunga,Residential,Active,2025-10-27,-1.899635,30.092895
CUST-000245,Nyarugenge,Rwezamenyo,Rwezamenyo I,Residential,Active,2021-10-22,-1.932872,30.010799
CUST-000246,Gasabo,Ndera,Kibenga,Residential,Active,2021-01-17,-1.915952,30.109768
CUST-000247,Nyarugenge,Gitega,Akabeza,Residential,Active,2020-09-06,-1.934216,30.017729
CUST-000248,Kicukiro,Masaka,Cyimo,Residential,Active,2022-10-20,-1.990658,30.086035
CUST-000249,Nyarugenge,Muhima,Amahoro,Residential,Active,2022-09-11,-1.967286,30.042083
CUST-000250,Gasabo,Nduba,Sha,Residential,Active,2025-10-30,-1.87528,30.108395
CUST-000251,Nyarugenge,Gitega,Akabeza,Residential,Transferred,2020-06-30,-1.975588,30.087636
CUST-000252,Nyarugenge,Muhima,Kabeza,Residential,Active,2025-11-03,-1.987542,30.043405
CUST-000253,Nyarugenge,Mageragere,Nyarurenzi,Residential,Active,2023-11-30,-1.954178,30.033589
CUST-000254,Gasabo,Kimihurura,Rugando,Residential,Active,2021-09-11,-1.906621,30.118045
CUST-000255,Kicukiro,Niboye,Gatare,Residential,Active,2022-02-06,-1.96898,30.090711
CUST-000256,Kicukiro,Masaka,Gako,Residential,Active,2021-06-01,-2.021717,30.071786
CUST-000257,Gasabo,Gikomero,Kibara,Residential,Active,2022-10-09,-1.867734,30.104406
CUST-000258,Gasabo,Rusororo,Ruhanga,Residential,Active,2022-10-04,-1.878675,30.181184
CUST-000259,Gasabo,Gatsata,Nyamabuye,Residential,Active,2021-08-18,-1.874141,30.057779
CUST-000260,Nyarugenge,Nyarugenge,Rwampara,Residential,Active,2022-01-19,-2.009847,30.021426
CUST-000261,Gasabo,Jabana,Ngiryi,Public Taps,Suspended,2025-01-24,-1.876991,30.10193
CUST-000262,Kicukiro,Gikondo,Kagunga,Residential,Suspended,2025-10-23,-1.973583,30.137925
CUST-000263,Kicukiro,Kicukiro,Ngoma,Residential,Active,2021-05-16,-1.932468,30.143506
CUST-000264,Gasabo,Rusororo,Kabuga I,Residential,Active,2022-01-03,-1.9046,30.137237
CUST-000265,Nyarugenge,Gitega,Akabeza,Residential,Active,2021-03-15,-1.975085,30.114618
CUST-000266,Gasabo,Jabana,Bweramvura,Residential,Active,2025-10-09,-1.868157,30.140762
CUST-000267,Nyarugenge,Mageragere,Nyarufunzo,Residential,Suspended,2022-09-22,-2.001009,30.063497
CUST-000268,Nyarugenge,Kimisagara,Katabaro,Residential,Active,2022-10-02,-1.934279,30.03436
CUST-000269,Gasabo,Rutunga,Kibenga,Residential,Active,2025-03-11,-1.849825,30.144212
CUST-000270,Nyarugenge,Kanyinya,Nyamweru,Residential,Active,2021-05-28,-1.977707,30.063572
CUST-000271,Nyarugenge,Gitega,Gacyamo,Non-Residential,Active,2025-11-25,-1.950793,30.002104
CUST-000272,Kicukiro,Nyarugunga,Kamashashi,Residential,Suspended,2023-05-20,-1.946572,30.113905
CUST-000273,Gasabo,Bumbogo,Nkuzuzu,Residential,Active,2023-07-17,-1.90454,30.135931
CUST-000274,Gasabo,Nduba,Sha,Residential,Active,2021-06-07,-1.859348,30.200468
CUST-000275,Nyarugenge,Mageragere,Ntungamo,Residential,Active,2024-07-19,-1.978486,30.091863
CUST-000276,Nyarugenge,Nyakabanda,Nyakabanda II,Public Taps,Active,2025-11-20,-1.978418,30.010338
CUST-000277,Nyarugenge,Gitega,Akabeza,Residential,Active,2022-04-04,-1.992167,30.064788
CUST-000278,Nyarugenge,Rwezamenyo,Kabuguru I,Residential,Active,2025-05-13,-1.926364,30.021942
CUST-000279,Gasabo,Nduba,Sha,Residential,Active,2023-03-18,-1.908981,30.172247
CUST-000280,Nyarugenge,Rwezamenyo,Kabuguru II,Residential,Active,2021-02-20,-1.99097,30.055829
CUST-000281,Kicukiro,Gahanga,Rwabutenge,Non-Residential,Active,2025-02-06,-1.982832,30.095007
CUST-000282,Gasabo,Rutunga,Indatemwa,Residential,Active,2022-11-29,-1.886842,30.112168
CUST-000283,Kicukiro,Kanombe,Rubirizi,Residential,Active,2023-04-25,-1.966127,30.134393
CUST-000284,Gasabo,Bumbogo,Nyabikenke,Residential,Active,2023-11-13,-1.930287,30.136917
CUST-000285,Gasabo,Gikomero,Munini,Residential,Transferred,2024-03-05,-1.829735,30.133074
CUST-000286,Kicukiro,Gahanga,Kagasa,Residential,Active,2021-11-09,-1.993297,30.076398
CUST-000287,Gasabo,Jali,Nkusi,Residential,Active,2025-08-15,-1.907138,30.122433
CUST-000288,Kicukiro,Kigarama,Karugira,Residential,Disconnected,2020-12-05,-2.001372,30.112905
CUST-000289,Gasabo,Ndera,Cyaruzinge,Residential,Active,2025-02-11,-1.894931,30.13229
CUST-000290,Gasabo,Kinyinya,Gasharu,Residential,Disconnected,2024-02-21,-1.919014,30.094033
CUST-000291,Nyarugenge,Mageragere,Runzenze,Residential,Active,2023-07-02,-1.972858,29.998145
CUST-000292,Nyarugenge,Gitega,Kora,Non-Residential,Active,2020-06-10,-1.938308,30.068067
CUST-000293,Gasabo,Nduba,Gasura,Residential,Active,2024-09-24,-1.911326,30.158778
CUST-000294,Kicukiro,Kagarama,Kanserege,Residential,Active,2020-09-13,-1.974231,30.100302
CUST-000295,Gasabo,Kinyinya,Gasharu,Residential,Active,2021-11-20,-1.871568,30.111992
CUST-000296,Gasabo,Kinyinya,Murama,Residential,Active,2025-05-20,-1.870919,30.166798
CUST-000297,Nyarugenge,Kigali,Kigali,Residential,Active,2023-02-15,-1.986418,30.095419
CUST-000298,Nyarugenge,Muhima,Amahoro,Residential,Active,2023-04-30,-1.965881,30.042906
CUST-000299,Kicukiro,Gahanga,Kagasa,Residential,Active,2023-07-17,-1.994005,30.086158
CUST-000300,Nyarugenge,Rwezamenyo,Rwezamenyo I,Residential,Active,2022-07-08,-1.982285,30.089189
CUST-000301,Gasabo,Rusororo,Ruhanga,Residential,Active,2020-01-06,-1.856214,30.15352
CUST-000302,Nyarugenge,Nyarugenge,Biryogo,Residential,Active,2025-12-29,-1.915334,30.097304
CUST-000303,Nyarugenge,Nyakabanda,Nyakabanda I,Residential,Active,2025-11-18,-1.938728,30.092162
CUST-000304,Gasabo,Rusororo,Mbandazi,Residential,Active,2024-06-12,-1.930912,30.102942
CUST-000305,Kicukiro,Niboye,Nyakabanda,Residential,Active,2023-05-05,-1.994556,30.111039
CUST-000306,Gasabo,Nduba,Muremure,Residential,Active,2024-09-17,-1.839938,30.122526
CUST-000307,Gasabo,Jabana,Kidashya,Residential,Active,2023-06-19,-1.840519,30.131095
CUST-000308,Kicukiro,Kigarama,Karugira,Residential,Active,2020-10-14,-1.963497,30.093168
CUST-000309,Gasabo,Remera,Rukiri I,Residential,Active,2020-11-24,-1.837924,30.188769
CUST-000310,Gasabo,Jali,Agateko,Residential,Active,2020-05-07,-1.898099,30.111134
CUST-000311,Kicukiro,Kicukiro,Gasharu,Residential,Active,2025-11-22,-1.958716,30.087247
CUST-000312,Nyarugenge,Nyamirambo,Cyivugiza,Non-Residential,Active,2022-12-15,-1.96183,30.108912
CUST-000313,Kicukiro,Gikondo,Kinunga,Residential,Active,2023-05-08,-1.990914,30.123505
CUST-000314,Nyarugenge,Muhima,Rugenge,Residential,Active,2023-05-28,-1.938476,30.047131
CUST-000315,Nyarugenge,Nyamirambo,Mumena,Non-Residential,Suspended,2024-08-11,-1.930227,30.119359
CUST-000316,Gasabo,Jabana,Ngiryi,Residential,Active,2025-03-26,-1.926477,30.168886
CUST-000317,Gasabo,Nduba,Muremure,Public Taps,Active,2023-08-16,-1.88012,30.145413
CUST-000318,Gasabo,Kinyinya,Gasharu,Non-Residential,Active,2022-07-24,-1.855326,30.147136
CUST-000319,Nyarugenge,Nyamirambo,Gasharu,Residential,Active,2024-02-21,-1.952154,30.110728
CUST-000320,Gasabo,Gatsata,Nyamugari,Residential,Transferred,2021-08-28,-1.929904,30.107463
CUST-000321,Gasabo,Nduba,Sha,Residential,Active,2024-04-01,-1.870748,30.111265
CUST-000322,Gasabo,Rutunga,Kacyatwa,Residential,Active,2021-01-08,-1.892291,30.077474
CUST-000323,Nyarugenge,Nyakabanda,Munanira I,Residential,Active,2023-09-15,-1.919695,30.075863
CUST-000324,Nyarugenge,Nyakabanda,Munanira II,Residential,Active,2020-01-16,-1.966635,30.065794
CUST-000325,Kicukiro,Gikondo,Kanserege,Public Taps,Active,2024-02-17,-1.956478,30.071352
CUST-000326,Gasabo,Jabana,Kidashya,Residential,Active,2025-02-07,-1.903212,30.151979
CUST-000327,Gasabo,Kimihurura,Kimihurura,Residential,Active,2021-12-31,-1.863993,30.17678
CUST-000328,Gasabo,Rusororo,Gasagara,Residential,Active,2021-05-12,-1.853741,30.091888
CUST-000329,Gasabo,Bumbogo,Musave,Residential,Active,2024-08-07,-1.837559,30.112079
CUST-000330,Nyarugenge,Gitega,Gacyamo,Residential,Active,2022-08-25,-1.970598,30.082232
CUST-000331,Kicukiro,Kanombe,Karama,Residential,Active,2025-01-06,-1.973467,30.094006
CUST-000332,Kicukiro,Masaka,Mbabe,Residential,Active,2021-08-30,-2.035152,30.104853
CUST-000333,Kicukiro,Gatenga,Gatenga,Residential,Active,2024-02-27,-1.990379,30.155156
CUST-000334,Gasabo,Nduba,Gasura,Residential,Active,2022-11-25,-1.860268,30.170683
CUST-000335,Gasabo,Rutunga,Kigabiro,Residential,Active,2024-12-17,-1.915942,30.123947
CUST-000336,Nyarugenge,Muhima,Amahoro,Residential,Disconnected,2021-04-14,-1.909684,30.090437
CUST-000337,Gasabo,Gikomero,Munini,Residential,Active,2020-10-13,-1.902965,30.123122
CUST-000338,Nyarugenge,Kigali,Nyabugogo,Non-Residential,Active,2020-06-04,-1.97201,30.039943
CUST-000339,Gasabo,Kinyinya,Gasharu,Residential,Suspended,2022-12-20,-1.949901,30.064016
CUST-000340,Gasabo,Bumbogo,Kinyaga,Non-Residential,Active,2023-03-31,-1.880436,30.073481
CUST-000341,Nyarugenge,Gitega,Kora,Residential,Active,2020-03-21,-1.9542,29.985259
CUST-000342,Gasabo,Kimironko,Bibare,Public Taps,Active,2025-05-18,-1.875297,30.120604
CUST-000343,Gasabo,Jabana,Ngiryi,Residential,Active,2024-08-17,-1.89205,30.1255
CUST-000344,Kicukiro,Niboye,Niboye,Residential,Active,2022-09-30,-1.936836,30.111467
CUST-000345,Kicukiro,Kicukiro,Kicukiro,Residential,Active,2024-01-17,-2.015318,30.10611
CUST-000346,Kicukiro,Kigarama,Nyarurama,Residential,Active,2024-01-26,-1.995058,30.080794
CUST-000347,Gasabo,Ndera,Mukuyu,Residential,Active,2025-03-15,-1.8422,30.196581
CUST-000348,Nyarugenge,Gitega,Kigarama,Residential,Active,2024-10-08,-1.924565,30.078841
CUST-000349,Nyarugenge,Nyarugenge,Agatare,Residential,Active,2020-05-20,-1.944683,30.078209
CUST-000350,Kicukiro,Gikondo,Kanserege,Residential,Active,2024-12-13,-1.953003,30.099321
CUST-000351,Kicukiro,Kagarama,Rukatsa,Residential,Active,2021-10-10,-1.984218,30.115031
CUST-000352,Gasabo,Nduba,Shango,Residential,Active,2022-06-29,-1.880618,30.062553
CUST-000353,Gasabo,Nduba,Gasanze,Residential,Active,2022-03-19,-1.967737,30.150774
CUST-000354,Kicukiro,Niboye,Gatare,Residential,Active,2025-02-20,-2.020784,30.124871
CUST-000355,Kicukiro,Nyarugunga,Kamashashi,Residential,Active,2025-04-29,-1.996971,30.078647
CUST-000356,Nyarugenge,Mageragere,Nyarufunzo,Residential,Active,2022-05-23,-1.9691,30.061888
CUST-000357,Nyarugenge,Muhima,Rugenge,Residential,Active,2021-06-10,-2.010952,30.034133
CUST-000358,Gasabo,Bumbogo,Kinyaga,Residential,Active,2021-01-11,-1.896714,30.12836
CUST-000359,Gasabo,Gikomero,Gasagara,Non-Residential,Active,2024-06-25,-1.86653,30.147583
CUST-000360,Nyarugenge,Muhima,Nyabugogo,Residential,Active,2023-01-27,-1.950891,30.095676
CUST-000361,Gasabo,Rusororo,Gasagara,Residential,Active,2022-09-09,-1.861925,30.144491
CUST-000362,Gasabo,Ndera,Mukuyu,Residential,Active,2024-01-21,-1.809748,30.122299
CUST-000363,Nyarugenge,Mageragere,Nyarurenzi,Residential,Active,2020-05-10,-1.964058,30.025678
CUST-000364,Nyarugenge,Kanyinya,Nzove,Residential,Active,2022-04-02,-2.003918,30.074496
CUST-000365,Kicukiro,Niboye,Nyakabanda,Residential,Disconnected,2021-12-15,-1.958853,30.169212
CUST-000366,Kicukiro,Nyarugunga,Nonko,Residential,Active,2021-09-22,-1.97512,30.10845
CUST-000367,Nyarugenge,Mageragere,Nyarufunzo,Residential,Active,2025-01-07,-2.007424,30.07069
CUST-000368,Nyarugenge,Kigali,Ruriba,Residential,Suspended,2021-02-25,-1.963498,30.053783
CUST-000369,Nyarugenge,Gitega,Akabahizi,Residential,Active,2024-07-24,-1.974578,30.01751
CUST-000370,Nyarugenge,Nyamirambo,Gasharu,Residential,Active,2021-03-17,-1.986479,30.077955
CUST-000371,Nyarugenge,Mageragere,Kavumu,Residential,Active,2024-12-08,-1.989201,30.072395
CUST-000372,Nyarugenge,Nyarugenge,Biryogo,Residential,Active,2025-02-11,-1.97856,30.034861
CUST-000373,Nyarugenge,Nyamirambo,Mumena,Residential,Active,2024-02-15,-1.904347,30.0727
CUST-000374,Gasabo,Rutunga,Gasabo,Residential,Active,2020-12-27,-1.876506,30.193183
CUST-000375,Nyarugenge,Mageragere,Runzenze,Residential,Active,2025-03-20,-1.957157,30.037145
CUST-000376,Gasabo,Jali,Agateko,Residential,Active,2024-04-02,-1.878781,30.116618
CUST-000377,Nyarugenge,Gitega,Akabahizi,Non-Residential,Suspended,2023-05-06,-1.980496,30.060435
CUST-000378,Gasabo,Gatsata,Nyamabuye,Residential,Active,2025-02-04,-1.82522,30.035978
CUST-000379,Gasabo,Rutunga,Kacyatwa,Residential,Active,2025-04-27,-1.900457,30.196496
CUST-000380,Nyarugenge,Nyakabanda,Nyakabanda I,Residential,Active,2020-12-24,-2.046337,30.113784
CUST-000381,Gasabo,Ndera,Mukuyu,Residential,Suspended,2024-03-31,-1.894097,30.109979
CUST-000382,Nyarugenge,Kimisagara,Kimisagara,Residential,Active,2022-01-03,-1.92658,30.063788
CUST-000383,Kicukiro,Niboye,Gatare,Residential,Active,2023-03-21,-1.996928,30.080977
CUST-000384,Nyarugenge,Nyakabanda,Nyakabanda II,Non-Residential,Active,2025-01-19,-1.983744,30.078275
CUST-000385,Kicukiro,Masaka,Gako,Residential,Active,2021-04-29,-1.976297,30.102668
CUST-000386,Nyarugenge,Muhima,Ubumwe,Residential,Active,2025-09-04,-1.93608,30.04494
CUST-000387,Kicukiro,Kanombe,Kabeza,Residential,Active,2023-11-10,-1.961691,30.125821
CUST-000388,Gasabo,Nduba,Gasura,Residential,Active,2023-09-22,-1.911436,30.16275
CUST-000389,Kicukiro,Gatenga,Gatenga,Non-Residential,Disconnected,2023-04-01,-1.965819,30.089037
CUST-000390,Gasabo,Remera,Rukiri I,Residential,Active,2025-05-01,-1.836749,30.186255
CUST-000391,Nyarugenge,Nyarugenge,Kiyovu,Residential,Suspended,2024-01-15,-1.923449,30.053205
CUST-000392,Kicukiro,Gatenga,Nyanza,Residential,Active,2023-03-16,-2.022519,30.103949
CUST-000393,Kicukiro,Masaka,Gako,Residential,Suspended,2022-05-12,-1.962055,30.105298
CUST-000394,Nyarugenge,Kimisagara,Kimisagara,Public Taps,Active,2024-11-15,-1.958595,30.05149
CUST-000395,Kicukiro,Masaka,Ayabaraya,Residential,Active,2025-06-07,-2.042213,30.104472
CUST-000396,Nyarugenge,Rwezamenyo,Kabuguru I,Residential,Active,2024-01-17,-1.96605,30.057834
CUST-000397,Nyarugenge,Muhima,Ubumwe,Residential,Active,2021-11-16,-1.903716,30.009804
CUST-000398,Nyarugenge,Nyamirambo,Rugarama,Residential,Active,2025-04-20,-2.012115,30.015346
CUST-000399,Kicukiro,Masaka,Cyimo,Residential,Active,2020-07-27,-1.969361,30.108097
CUST-000400,Gasabo,Kimihurura,Kimihurura,Residential,Active,2023-06-14,-1.931061,30.094278
CUST-000401,Nyarugenge,Nyakabanda,Munanira I,Residential,Active,2020-05-30,-1.957506,30.063198
CUST-000402,Nyarugenge,Nyakabanda,Nyakabanda II,Residential,Active,2023-08-01,-2.002957,30.117974
CUST-000403,Kicukiro,Masaka,Gako,Residential,Active,2023-01-05,-1.927205,30.134546
CUST-000404,Nyarugenge,Nyamirambo,Cyivugiza,Residential,Active,2022-10-29,-1.950904,30.026868
CUST-000405,Kicukiro,Niboye,Niboye,Residential,Active,2025-12-13,-1.950277,30.080416
CUST-000406,Nyarugenge,Mageragere,Kankuba,Public Taps,Active,2020-04-10,-1.980109,30.073985
CUST-000407,Gasabo,Kinyinya,Gasharu,Residential,Active,2022-05-15,-1.894688,30.173192
CUST-000408,Nyarugenge,Gitega,Kinyange,Residential,Active,2022-06-04,-1.984084,30.066848
CUST-000409,Nyarugenge,Kigali,Mwendo,Non-Residential,Active,2023-08-23,-1.973477,30.049169
CUST-000410,Gasabo,Rutunga,Gasabo,Residential,Active,2020-06-10,-1.827246,30.114766
CUST-000411,Kicukiro,Masaka,Gitaraga,Non-Residential,Active,2025-05-07,-1.939376,30.087953
CUST-000412,Gasabo,Rusororo,Kinyana,Residential,Disconnected,2023-12-06,-1.878387,30.109368
CUST-000413,Gasabo,Nduba,Shango,Residential,Active,2020-05-30,-1.828276,30.143822
CUST-000414,Kicukiro,Gikondo,Kanserege,Residential,Active,2022-01-31,-2.014333,30.074999
CUST-000415,Kicukiro,Gikondo,Kagunga,Non-Residential,Active,2022-02-20,-1.992931,30.118797
CUST-000416,Gasabo,Gikomero,Kibara,Residential,Active,2024-06-17,-1.917306,30.125389
CUST-000417,Nyarugenge,Mageragere,Ntungamo,Residential,Active,2021-07-11,-1.933058,30.031739
CUST-000418,Kicukiro,Kanombe,Busanza,Residential,Suspended,2020-05-15,-2.019191,30.144799
CUST-000419,Gasabo,Jabana,Bweramvura,Residential,Suspended,2020-10-12,-1.848349,30.124014
CUST-000420,Gasabo,Ndera,Bwiza,Non-Residential,Active,2020-10-20,-1.891056,30.133259
CUST-000421,Gasabo,Remera,Nyabisindu,Residential,Active,2025-02-07,-1.851296,30.086025
CUST-000422,Gasabo,Nduba,Sha,Residential,Active,2021-02-26,-1.912928,30.136658
CUST-000423,Gasabo,Kimihurura,Kamukina,Residential,Active,2025-03-17,-1.901911,30.120895
CUST-000424,Gasabo,Bumbogo,Nyagasozi,Non-Residential,Active,2022-06-27,-1.917089,30.131586
CUST-000425,Nyarugenge,Kimisagara,Kimisagara,Residential,Active,2023-07-17,-1.961783,30.075251
CUST-000426,Nyarugenge,Nyakabanda,Munanira II,Residential,Disconnected,2021-07-29,-1.965463,30.075011
CUST-000427,Gasabo,Nduba,Muremure,Residential,Suspended,2021-01-16,-1.922619,30.113561
CUST-000428,Kicukiro,Kigarama,Bwerankori,Residential,Active,2023-08-24,-2.011669,30.145132
CUST-000429,Gasabo,Rutunga,Indatemwa,Residential,Active,2021-04-17,-1.870404,30.120052
CUST-000430,Kicukiro,Gahanga,Rwabutenge,Residential,Disconnected,2020-04-04,-2.021056,30.065596
CUST-000431,Gasabo,Jali,Nyabuliba,Residential,Active,2022-01-24,-1.844556,30.159452
CUST-000432,Gasabo,Kinyinya,Murama,Residential,Active,2023-04-14,-1.89365,30.106011
CUST-000433,Nyarugenge,Mageragere,Nyarufunzo,Residential,Active,2025-12-09,-1.996352,30.031548
CUST-000434,Gasabo,Bumbogo,Nyabikenke,Residential,Active,2023-09-18,-1.875572,30.134176
CUST-000435,Kicukiro,Gikondo,Kanserege,Residential,Active,2024-03-02,-1.925179,30.085674
CUST-000436,Gasabo,Rutunga,Gasabo,Residential,Active,2025-07-17,-1.881069,30.121199
CUST-000437,Gasabo,Bumbogo,Ngara,Residential,Active,2025-07-18,-1.901197,30.179952
CUST-000438,Kicukiro,Gatenga,Karambo,Residential,Active,2025-09-21,-1.948042,30.1625
CUST-000439,Gasabo,Rutunga,Kigabiro,Residential,Active,2024-01-25,-1.863329,30.097027
CUST-000440,Nyarugenge,Muhima,Kabeza,Non-Residential,Disconnected,2020-11-20,-1.957592,30.03952
CUST-000441,Nyarugenge,Kimisagara,Kamuhoza,Residential,Suspended,2020-11-11,-1.930244,30.080548
CUST-000442,Gasabo,Kinyinya,Kagugu,Residential,Disconnected,2025-04-11,-1.89505,30.10158
CUST-000443,Nyarugenge,Mageragere,Nyarurenzi,Public Taps,Active,2023-11-08,-2.032387,30.052336
CUST-000444,Gasabo,Jabana,Kabuye,Residential,Active,2025-06-09,-1.858435,30.114922
CUST-000445,Nyarugenge,Nyarugenge,Agatare,Residential,Active,2024-12-05,-1.977558,30.093854
CUST-000446,Gasabo,Rutunga,Kibenga,Residential,Active,2020-11-04,-1.87007,30.089425
CUST-000447,Gasabo,Gatsata,Nyamugari,Residential,Disconnected,2020-12-29,-1.906111,30.129568
CUST-000448,Gasabo,Ndera,Masoro,Residential,Disconnected,2021-03-28,-1.864035,30.123101
CUST-000449,Gasabo,Kinyinya,Gacuriro,Residential,Active,2022-04-29,-1.9169,30.155272
CUST-000450,Nyarugenge,Rwezamenyo,Rwezamenyo I,Residential,Disconnected,2024-03-06,-1.949584,30.005774
CUST-000451,Kicukiro,Kanombe,Kabeza,Residential,Active,2020-06-21,-1.945719,30.116639
CUST-000452,Nyarugenge,Kanyinya,Nzove,Residential,Suspended,2023-10-25,-1.984035,30.04919
CUST-000453,Nyarugenge,Nyakabanda,Munanira II,Residential,Active,2022-02-26,-1.936418,30.06185
CUST-000454,Gasabo,Remera,Rukiri II,Residential,Active,2023-09-22,-1.913049,30.109307
CUST-000455,Gasabo,Nduba,Gatunga,Residential,Active,2024-07-01,-1.940057,30.123663
CUST-000456,Gasabo,Gatsata,Karuruma,Residential,Suspended,2022-02-28,-1.841976,30.133665
CUST-000457,Gasabo,Bumbogo,Ngara,Residential,Active,2021-11-26,-1.828592,30.145767
CUST-000458,Gasabo,Kimihurura,Kimihurura,Industries,Suspended,2022-01-30,-1.897632,30.100116
CUST-000459,Gasabo,Kinyinya,Gasharu,Residential,Active,2022-06-20,-1.921528,30.091081
CUST-000460,Nyarugenge,Rwezamenyo,Rwezamenyo II,Residential,Active,2020-11-01,-1.944346,30.037331
CUST-000461,Gasabo,Rusororo,Bisenga,Residential,Active,2021-08-07,-1.889378,30.155974
CUST-000462,Gasabo,Ndera,Cyaruzinge,Residential,Active,2021-11-27,-1.895038,30.095744
CUST-000463,Gasabo,Jabana,Akamatamu,Residential,Active,2024-09-13,-1.912701,30.110341
CUST-000464,Gasabo,Bumbogo,Musave,Residential,Active,2020-09-02,-1.91475,30.098556
CUST-000465,Kicukiro,Gahanga,Karembure,Residential,Active,2025-03-13,-2.009369,30.129174
CUST-000466,Gasabo,Jabana,Bweramvura,Residential,Active,2023-11-22,-1.896296,30.1062
CUST-000467,Gasabo,Kacyiru,Kibaza,Residential,Active,2025-09-21,-1.920356,30.140528
CUST-000468,Nyarugenge,Gitega,Kora,Residential,Active,2022-07-01,-1.981376,30.081874
CUST-000469,Nyarugenge,Nyakabanda,Nyakabanda I,Residential,Active,2023-11-06,-1.984888,30.023773
CUST-000470,Gasabo,Kimironko,Bibare,Non-Residential,Active,2020-02-02,-1.875918,30.123086
CUST-000471,Gasabo,Jali,Nyamitanga,Residential,Active,2022-03-24,-1.901634,30.192846
CUST-000472,Kicukiro,Gahanga,Gahanga,Residential,Disconnected,2022-01-11,-1.987392,30.102551
CUST-000473,Gasabo,Gikomero,Munini,Residential,Suspended,2021-11-16,-1.8578,30.090795
CUST-000474,Kicukiro,Masaka,Mbabe,Residential,Active,2025-04-23,-1.973527,30.160534
CUST-000475,Nyarugenge,Mageragere,Mataba,Residential,Active,2021-02-09,-1.980223,30.04583
CUST-000476,Gasabo,Rutunga,Kabaliza,Non-Residential,Active,2023-11-24,-1.948235,30.079193
CUST-000477,Gasabo,Nduba,Sha,Residential,Active,2023-06-17,-1.843357,30.175915
CUST-000478,Gasabo,Nduba,Shango,Residential,Disconnected,2021-05-23,-1.899093,30.189181
CUST-000479,Nyarugenge,Gitega,Akabahizi,Residential,Active,2020-08-05,-1.947225,30.056354
CUST-000480,Gasabo,Kimironko,Bibare,Residential,Active,2025-06-24,-1.858687,30.166763
CUST-000481,Gasabo,Remera,Rukiri I,Residential,Active,2020-01-31,-1.932649,30.180277
CUST-000482,Nyarugenge,Gitega,Kigarama,Residential,Active,2023-06-15,-1.97104,30.015435
CUST-000483,Gasabo,Gisozi,Musezero,Residential,Active,2025-07-22,-1.908262,30.057566
CUST-000484,Nyarugenge,Rwezamenyo,Rwezamenyo I,Residential,Active,2021-12-06,-1.974955,30.088789
CUST-000485,Kicukiro,Masaka,Rusheshe,Residential,Active,2020-03-19,-1.939752,30.102175
CUST-000486,Nyarugenge,Nyakabanda,Munanira I,Residential,Active,2020-05-24,-2.003321,30.019503
CUST-000487,Gasabo,Rusororo,Ruhanga,Industries,Suspended,2023-12-14,-1.877546,30.103547
CUST-000488,Gasabo,Bumbogo,Nkuzuzu,Residential,Active,2024-11-05,-1.886374,30.098309
CUST-000489,Gasabo,Gikomero,Gasagara,Residential,Active,2021-07-21,-1.882619,30.110425
CUST-000490,Gasabo,Rusororo,Gasagara,Non-Residential,Active,2020-02-06,-1.897425,30.159785
CUST-000491,Nyarugenge,Nyarugenge,Rwampara,Residential,Active,2022-09-26,-1.993142,30.01195
CUST-000492,Nyarugenge,Kigali,Rwesero,Public Taps,Active,2024-04-21,-1.988698,30.049734
CUST-000493,Gasabo,Ndera,Mukuyu,Residential,Active,2025-02-17,-1.887588,30.133479
CUST-000494,Nyarugenge,Nyamirambo,Rugarama,Industries,Disconnected,2024-10-12,-2.028968,30.019855
CUST-000495,Nyarugenge,Muhima,Ubumwe,Residential,Active,2021-06-23,-2.027324,30.073757
CUST-000496,Gasabo,Jabana,Bweramvura,Residential,Active,2024-01-10,-1.951577,30.059775
CUST-000497,Gasabo,Ndera,Cyaruzinge,Residential,Active,2021-07-21,-1.909448,30.136358
CUST-000498,Kicukiro,Kigarama,Nyarurama,Residential,Active,2023-09-01,-1.994758,30.106004
CUST-000499,Kicukiro,Gahanga,Kagasa,Public Taps,Disconnected,2021-10-18,-2.023981,30.082544
CUST-000500,Gasabo,Kimironko,Kibagabaga,Residential,Active,2024-08-02,-1.871731,30.15761
CUST-000501,Nyarugenge,Muhima,Amahoro,Residential,Active,2024-07-05,-1.98398,30.031696
CUST-000502,Gasabo,Rusororo,Kinyana,Residential,Active,2025-01-09,-1.895768,30.143037
CUST-000503,Gasabo,Nduba,Shango,Residential,Active,2025-05-31,-1.911407,30.153367
CUST-000504,Kicukiro,Kagarama,Rukatsa,Residential,Active,2024-04-27,-1.959304,30.122724
CUST-000505,Gasabo,Rusororo,Nyagahinga,Residential,Active,2022-02-07,-1.855428,30.1211
CUST-000506,Kicukiro,Gatenga,Karambo,Public Taps,Active,2020-10-23,-1.969101,30.07376
CUST-000507,Gasabo,Bumbogo,Musave,Residential,Active,2021-04-21,-1.850124,30.112479
CUST-000508,Nyarugenge,Nyamirambo,Cyivugiza,Residential,Active,2025-12-23,-1.923384,30.13399
CUST-000509,Nyarugenge,Kanyinya,Taba,Residential,Active,2022-10-25,-1.970271,30.069674
CUST-000510,Nyarugenge,Nyakabanda,Nyakabanda II,Public Taps,Transferred,2022-04-14,-1.971988,30.043914
CUST-000511,Kicukiro,Kanombe,Kabeza,Residential,Active,2020-05-27,-2.035886,30.100156
CUST-000512,Nyarugenge,Kimisagara,Kimisagara,Residential,Active,2020-03-11,-1.952007,30.001407
CUST-000513,Kicukiro,Kanombe,Rubirizi,Residential,Active,2024-03-20,-1.908857,30.082458
CUST-000514,Kicukiro,Kigarama,Nyarurama,Residential,Active,2024-03-07,-1.994777,30.05629
CUST-000515,Nyarugenge,Muhima,Amahoro,Residential,Active,2025-06-12,-1.97919,30.044457
CUST-000516,Gasabo,Rutunga,Kabaliza,Non-Residential,Disconnected,2023-08-19,-1.837053,30.078151
CUST-000517,Kicukiro,Gikondo,Kinunga,Non-Residential,Active,2023-08-03,-1.977379,30.13147
CUST-000518,Kicukiro,Nyarugunga,Rwimbogo,Public Taps,Active,2022-02-20,-2.007459,30.122025
CUST-000519,Kicukiro,Kicukiro,Kagina,Residential,Active,2024-06-13,-1.975314,30.104088
CUST-000520,Nyarugenge,Nyamirambo,Mumena,Residential,Active,2020-07-28,-1.975598,30.0348
CUST-000521,Nyarugenge,Nyarugenge,Rwampara,Residential,Active,2025-07-30,-1.976158,30.029316
CUST-000522,Gasabo,Nduba,Butare,Residential,Active,2023-03-08,-1.859555,30.119569
CUST-000523,Gasabo,Gatsata,Nyamabuye,Residential,Active,2024-12-28,-1.893847,30.061354
CUST-000524,Gasabo,Kimironko,Kibagabaga,Residential,Active,2021-05-01,-1.823708,30.12718
CUST-000525,Kicukiro,Kicukiro,Kagina,Public Taps,Active,2020-01-01,-1.963784,30.152153
CUST-000526,Nyarugenge,Nyakabanda,Munanira I,Residential,Active,2023-12-10,-1.985279,30.028306
CUST-000527,Gasabo,Kimihurura,Kamukina,Residential,Active,2025-03-31,-1.860365,30.144241
CUST-000528,Gasabo,Jali,Agateko,Non-Residential,Disconnected,2025-08-22,-1.856957,30.185974
CUST-000529,Gasabo,Bumbogo,Nkuzuzu,Residential,Suspended,2023-02-22,-1.889961,30.084748
CUST-000530,Nyarugenge,Nyamirambo,Rugarama,Residential,Disconnected,2025-09-17,-1.977482,30.060166
CUST-000531,Nyarugenge,Nyamirambo,Cyivugiza,Residential,Active,2020-09-27,-1.915978,30.042855
CUST-000532,Nyarugenge,Nyakabanda,Munanira II,Residential,Active,2020-07-18,-2.019701,30.017528
CUST-000533,Nyarugenge,Kanyinya,Nzove,Residential,Active,2021-02-13,-1.957518,30.071944
CUST-000534,Kicukiro,Kigarama,Bwerankori,Residential,Active,2025-11-11,-2.031961,30.078737
CUST-000535,Nyarugenge,Nyarugenge,Biryogo,Residential,Active,2021-05-09,-2.001009,30.027612
CUST-000536,Gasabo,Kinyinya,Murama,Residential,Active,2024-08-11,-1.84242,30.148068
CUST-000537,Kicukiro,Masaka,Gako,Residential,Active,2022-06-09,-2.001973,30.10975
CUST-000538,Nyarugenge,Kanyinya,Nyamweru,Residential,Active,2021-02-05,-1.92447,30.032543
CUST-000539,Gasabo,Rusororo,Nyagahinga,Residential,Active,2025-03-02,-1.898316,30.153658
CUST-000540,Kicukiro,Masaka,Gitaraga,Residential,Active,2021-04-13,-1.960166,30.067455
CUST-000541,Gasabo,Rusororo,Nyagahinga,Residential,Active,2024-09-23,-1.873025,30.148088
CUST-000542,Nyarugenge,Kigali,Mwendo,Residential,Active,2021-06-27,-2.010818,30.03276
CUST-000543,Nyarugenge,Kigali,Rwesero,Residential,Active,2020-12-17,-1.951042,29.987136
CUST-000544,Gasabo,Bumbogo,Ngara,Residential,Active,2025-01-18,-1.865402,30.17107
CUST-000545,Gasabo,Nduba,Gasura,Residential,Active,2024-04-06,-1.890885,30.124366
CUST-000546,Kicukiro,Kicukiro,Kicukiro,Public Taps,Transferred,2022-05-18,-1.947106,30.110309
CUST-000547,Gasabo,Kinyinya,Murama,Residential,Active,2020-03-03,-1.915043,30.128385
CUST-000548,Nyarugenge,Nyarugenge,Biryogo,Residential,Disconnected,2022-01-29,-1.941013,30.080324
CUST-000549,Gasabo,Gatsata,Karuruma,Residential,Active,2020-11-29,-1.887181,30.135175
CUST-000550,Nyarugenge,Nyakabanda,Nyakabanda I,Residential,Active,2022-06-20,-1.958868,30.024292
CUST-000551,Nyarugenge,Kanyinya,Taba,Residential,Active,2022-01-20,-1.960479,30.03822
CUST-000552,Kicukiro,Niboye,Gatare,Residential,Active,2021-07-30,-1.976994,30.111033
CUST-000553,Kicukiro,Gatenga,Karambo,Residential,Disconnected,2023-01-23,-1.980225,30.098256
CUST-000554,Nyarugenge,Rwezamenyo,Rwezamenyo I,Residential,Active,2020-02-24,-1.958968,30.061565
CUST-000555,Kicukiro,Masaka,Cyimo,Residential,Active,2021-12-06,-1.948275,30.096063
CUST-000556,Nyarugenge,Kigali,Rwesero,Residential,Active,2022-12-22,-1.963394,29.998791
CUST-000557,Gasabo,Jabana,Kabuye,Residential,Active,2024-06-30,-1.885004,30.171513
CUST-000558,Nyarugenge,Rwezamenyo,Rwezamenyo II,Residential,Active,2025-12-09,-1.929368,30.043714
CUST-000559,Kicukiro,Kanombe,Busanza,Residential,Active,2021-03-25,-1.999209,30.080611
CUST-000560,Gasabo,Remera,Rukiri I,Residential,Active,2025-12-13,-1.909662,30.145726
CUST-000561,Gasabo,Rutunga,Gasabo,Non-Residential,Active,2020-03-12,-1.843914,30.142986
CUST-000562,Gasabo,Nduba,Butare,Residential,Active,2024-08-24,-1.942775,30.129974
CUST-000563,Nyarugenge,Nyamirambo,Mumena,Residential,Active,2024-02-29,-1.956168,30.068713
CUST-000564,Gasabo,Kinyinya,Kagugu,Residential,Active,2023-11-17,-1.867017,30.148811
CUST-000565,Kicukiro,Kigarama,Rwampara,Residential,Active,2021-08-19,-2.000247,30.040871
CUST-000566,Nyarugenge,Kigali,Ruriba,Residential,Disconnected,2024-01-14,-1.993932,29.990523
CUST-000567,Gasabo,Jali,Buhiza,Residential,Suspended,2021-12-26,-1.869833,30.08119
CUST-000568,Nyarugenge,Nyamirambo,Gasharu,Residential,Transferred,2025-05-23,-1.963188,30.111325
CUST-000569,Nyarugenge,Gitega,Gacyamo,Residential,Active,2022-11-03,-1.94751,30.033378
CUST-000570,Gasabo,Nduba,Gasanze,Residential,Active,2024-08-29,-1.900675,30.15892
CUST-000571,Gasabo,Kinyinya,Gacuriro,Residential,Active,2023-05-09,-1.893533,30.102759
CUST-000572,Nyarugenge,Mageragere,Kankuba,Residential,Active,2021-01-28,-1.929551,30.105816
CUST-000573,Nyarugenge,Mageragere,Kavumu,Residential,Active,2023-07-20,-1.968176,30.061289
CUST-000574,Gasabo,Rusororo,Kabuga I,Residential,Active,2025-03-20,-1.894977,30.118516
CUST-000575,Gasabo,Jali,Buhiza,Residential,Active,2020-06-11,-1.875616,30.132874
CUST-000576,Gasabo,Jabana,Akamatamu,Residential,Suspended,2025-07-06,-1.884624,30.127197
CUST-000577,Kicukiro,Nyarugunga,Nonko,Residential,Active,2025-08-15,-1.889977,30.071465
CUST-000578,Kicukiro,Gahanga,Kagasa,Residential,Active,2022-04-05,-1.982508,30.111935
CUST-000579,Kicukiro,Gahanga,Gahanga,Residential,Active,2025-08-11,-2.005522,30.096583
CUST-000580,Nyarugenge,Mageragere,Kankuba,Residential,Active,2021-01-16,-1.930075,30.039749
CUST-000581,Nyarugenge,Nyakabanda,Munanira II,Residential,Active,2023-07-17,-1.941242,30.06819
CUST-000582,Kicukiro,Masaka,Gitaraga,Residential,Active,2023-11-17,-1.985313,30.097384
CUST-000583,Nyarugenge,Kanyinya,Taba,Residential,Active,2024-08-13,-1.962362,30.025724
CUST-000584,Nyarugenge,Muhima,Tetero,Residential,Active,2022-10-14,-1.941829,30.070984
CUST-000585,Gasabo,Bumbogo,Mvuzo,Residential,Active,2021-02-18,-1.882849,30.122953
CUST-000586,Gasabo,Bumbogo,Ngara,Residential,Active,2020-07-24,-1.921266,30.153111
CUST-000587,Gasabo,Rutunga,Gasabo,Residential,Suspended,2025-12-25,-1.884948,30.110817
CUST-000588,Nyarugenge,Mageragere,Kavumu,Public Taps,Active,2024-08-11,-1.98661,30.066221
CUST-000589,Gasabo,Gisozi,Ruhango,Residential,Active,2022-03-26,-1.86704,30.101788
CUST-000590,Kicukiro,Gahanga,Rwabutenge,Public Taps,Active,2021-10-02,-2.002758,30.0844
CUST-000591,Kicukiro,Gahanga,Murinja,Residential,Active,2024-06-10,-1.96855,30.080115
CUST-000592,Kicukiro,Niboye,Gatare,Residential,Active,2025-08-08,-1.982744,30.114031
CUST-000593,Gasabo,Gisozi,Ruhango,Residential,Active,2020-09-16,-1.870671,30.109426
CUST-000594,Gasabo,Rusororo,Kinyana,Residential,Active,2022-10-15,-1.86828,30.13278
CUST-000595,Kicukiro,Masaka,Rusheshe,Residential,Active,2024-04-12,-1.986264,30.078592
CUST-000596,Kicukiro,Gikondo,Kanserege,Residential,Active,2020-06-22,-1.98173,30.092036
CUST-000597,Kicukiro,Masaka,Gitaraga,Residential,Active,2020-06-30,-1.997792,30.077698
CUST-000598,Gasabo,Rusororo,Bisenga,Residential,Active,2021-03-03,-1.913831,30.153823
CUST-000599,Nyarugenge,Nyakabanda,Nyakabanda I,Residential,Active,2021-12-17,-1.980061,30.11588
CUST-000600,Gasabo,Gatsata,Nyamugari,Residential,Active,2025-12-25,-1.887072,30.070419
CUST-000601,Kicukiro,Gatenga,Karambo,Residential,Active,2024-08-05,-1.981163,30.108244
CUST-000602,Kicukiro,Kagarama,Kanserege,Public Taps,Active,2021-10-01,-1.977128,30.144618
CUST-000603,Gasabo,Ndera,Masoro,Public Taps,Active,2025-02-01,-1.903258,30.171449
CUST-000604,Gasabo,Nduba,Gasura,Residential,Active,2021-02-09,-1.887912,30.111214
CUST-000605,Gasabo,Jabana,Bweramvura,Residential,Suspended,2025-12-04,-1.847745,30.149452
CUST-000606,Gasabo,Jabana,Akamatamu,Residential,Active,2024-06-20,-1.904664,30.159859
CUST-000607,Gasabo,Kinyinya,Gacuriro,Residential,Active,2025-07-15,-1.956129,30.128018
CUST-000608,Kicukiro,Gahanga,Gahanga,Residential,Active,2025-03-10,-1.975603,30.1005
CUST-000609,Kicukiro,Gahanga,Kagasa,Residential,Disconnected,2021-12-05,-1.948901,30.130481
CUST-000610,Gasabo,Kinyinya,Kagugu,Residential,Active,2020-08-25,-1.897797,30.137004
CUST-000611,Gasabo,Bumbogo,Ngara,Residential,Active,2023-06-04,-1.878327,30.150841
CUST-000612,Kicukiro,Gahanga,Rwabutenge,Residential,Active,2023-05-06,-2.007486,30.081569
CUST-000613,Gasabo,Gisozi,Musezero,Residential,Active,2023-04-16,-1.847061,30.129573
CUST-000614,Kicukiro,Gahanga,Rwabutenge,Residential,Active,2022-12-27,-1.955237,30.13226
CUST-000615,Gasabo,Rusororo,Kinyana,Residential,Active,2022-10-23,-1.89582,30.159015
CUST-000616,Nyarugenge,Mageragere,Runzenze,Residential,Active,2021-07-10,-1.983538,30.03595
CUST-000617,Nyarugenge,Mageragere,Nyarurenzi,Residential,Active,2022-12-01,-1.948831,30.016482
CUST-000618,Gasabo,Kinyinya,Gacuriro,Residential,Active,2022-10-26,-1.925543,30.13061
CUST-000619,Gasabo,Kinyinya,Murama,Residential,Transferred,2020-09-27,-1.873983,30.103422
CUST-000620,Gasabo,Kinyinya,Gasharu,Residential,Active,2021-08-23,-1.855941,30.085194
CUST-000621,Gasabo,Rusororo,Nyagahinga,Residential,Active,2024-09-20,-1.924791,30.101626
CUST-000622,Gasabo,Gikomero,Gicaca,Residential,Active,2025-08-27,-1.904652,30.151398
CUST-000623,Gasabo,Rusororo,Kabuga I,Industries,Active,2022-03-11,-1.87401,30.120104
CUST-000624,Kicukiro,Gatenga,Nyanza,Residential,Transferred,2024-09-06,-2.007557,30.09623
CUST-000625,Gasabo,Kimihurura,Kamukina,Non-Residential,Active,2022-08-01,-1.871576,30.14725
CUST-000626,Kicukiro,Masaka,Rusheshe,Non-Residential,Active,2023-09-21,-1.989411,30.097148
CUST-000627,Nyarugenge,Nyakabanda,Munanira II,Residential,Active,2020-04-03,-1.929275,30.0284
CUST-000628,Gasabo,Rutunga,Kibenga,Residential,Active,2022-01-20,-1.889742,30.155473
CUST-000629,Gasabo,Gikomero,Kibara,Residential,Active,2021-11-09,-1.878403,30.170704
CUST-000630,Gasabo,Jali,Buhiza,Residential,Disconnected,2020-09-20,-1.875144,30.138304
CUST-000631,Gasabo,Rutunga,Indatemwa,Residential,Active,2020-05-11,-1.816884,30.113377
CUST-000632,Gasabo,Nduba,Muremure,Public Taps,Active,2023-10-29,-1.87969,30.148282
CUST-000633,Gasabo,Nduba,Muremure,Residential,Active,2024-09-16,-1.933966,30.16706
CUST-000634,Nyarugenge,Nyamirambo,Mumena,Residential,Active,2020-05-02,-1.966444,30.007602
CUST-000635,Nyarugenge,Nyarugenge,Rwampara,Residential,Active,2021-12-17,-2.014625,30.037639
CUST-000636,Gasabo,Kacyiru,Kibaza,Residential,Active,2021-08-23,-1.889201,30.115207
CUST-000637,Nyarugenge,Gitega,Gacyamo,Residential,Active,2024-01-15,-1.960373,30.060683
CUST-000638,Gasabo,Remera,Nyarutarama,Residential,Active,2024-04-06,-1.909334,30.07568
CUST-000639,Nyarugenge,Nyamirambo,Rugarama,Residential,Active,2025-02-04,-1.966,30.098614
CUST-000640,Nyarugenge,Muhima,Tetero,Non-Residential,Active,2025-04-02,-1.952694,30.037304
CUST-000641,Kicukiro,Masaka,Cyimo,Residential,Active,2022-04-17,-1.95792,30.122818
CUST-000642,Gasabo,Kimironko,Bibare,Residential,Disconnected,2025-08-07,-1.835559,30.148975
CUST-000643,Gasabo,Gisozi,Ruhango,Residential,Active,2022-04-24,-1.933154,30.137749
CUST-000644,Kicukiro,Kicukiro,Kicukiro,Residential,Active,2023-05-11,-1.930768,30.142475
CUST-000645,Gasabo,Bumbogo,Mvuzo,Residential,Active,2021-06-28,-1.885576,30.122377
CUST-000646,Gasabo,Gatsata,Karuruma,Residential,Active,2025-03-12,-1.891324,30.102992
CUST-000647,Kicukiro,Kanombe,Rubirizi,Residential,Active,2022-10-21,-2.032568,30.086426
CUST-000648,Gasabo,Jabana,Ngiryi,Residential,Active,2024-05-07,-1.865832,30.123581
CUST-000649,Gasabo,Nduba,Gatunga,Residential,Active,2020-07-22,-1.928799,30.09519
CUST-000650,Gasabo,Kinyinya,Gacuriro,Residential,Active,2023-05-04,-1.879658,30.122247
CUST-000651,Nyarugenge,Kanyinya,Taba,Residential,Suspended,2025-06-25,-1.929385,30.115798
CUST-000652,Kicukiro,Gatenga,Nyanza,Residential,Active,2021-07-16,-2.009669,30.101081
CUST-000653,Gasabo,Gikomero,Murambi,Residential,Active,2020-03-28,-1.851466,30.169008
CUST-000654,Kicukiro,Kicukiro,Ngoma,Residential,Active,2021-09-03,-1.982219,30.066074
CUST-000655,Gasabo,Gikomero,Kibara,Residential,Suspended,2020-10-27,-1.880832,30.11442
CUST-000656,Gasabo,Kimironko,Nyagatovu,Residential,Active,2022-11-26,-1.895673,30.163279
CUST-000657,Gasabo,Gisozi,Ruhango,Residential,Active,2022-09-05,-1.865992,30.13357
CUST-000658,Gasabo,Bumbogo,Nyabikenke,Residential,Active,2020-07-26,-1.907178,30.105131
CUST-000659,Nyarugenge,Nyakabanda,Nyakabanda II,Residential,Active,2023-05-23,-1.984132,30.08841
CUST-000660,Kicukiro,Kanombe,Karama,Non-Residential,Active,2020-08-28,-2.001935,30.092914
CUST-000661,Gasabo,Bumbogo,Mvuzo,Residential,Active,2023-05-03,-1.890655,30.143737
CUST-000662,Kicukiro,Gatenga,Nyanza,Residential,Suspended,2023-06-21,-2.030379,30.116064
CUST-000663,Nyarugenge,Muhima,Amahoro,Residential,Disconnected,2021-04-26,-1.96185,30.077817
CUST-000664,Gasabo,Kacyiru,Kamutwa,Residential,Disconnected,2025-07-25,-1.896095,30.138511
CUST-000665,Gasabo,Rutunga,Indatemwa,Residential,Active,2023-04-29,-1.821244,30.105937
CUST-000666,Kicukiro,Gatenga,Karambo,Residential,Active,2025-02-10,-1.972301,30.065024
CUST-000667,Gasabo,Jabana,Ngiryi,Non-Residential,Active,2024-01-21,-1.903514,30.104607
CUST-000668,Gasabo,Nduba,Gasanze,Residential,Disconnected,2025-07-18,-1.866665,30.133915
CUST-000669,Gasabo,Kimihurura,Kamukina,Residential,Active,2021-01-03,-1.912605,30.159303
CUST-000670,Gasabo,Gikomero,Gasagara,Residential,Suspended,2023-07-01,-1.837108,30.126425
CUST-000671,Gasabo,Kacyiru,Kamutwa,Residential,Active,2020-08-26,-1.911339,30.105869
CUST-000672,Nyarugenge,Nyarugenge,Agatare,Residential,Active,2020-10-26,-1.963242,30.090353
CUST-000673,Gasabo,Gikomero,Kibara,Residential,Active,2023-12-23,-1.847291,30.137684
CUST-000674,Nyarugenge,Rwezamenyo,Kabuguru I,Residential,Suspended,2025-02-19,-1.974297,30.067354
CUST-000675,Kicukiro,Masaka,Ayabaraya,Residential,Active,2021-10-31,-1.961669,30.124523
CUST-000676,Gasabo,Rutunga,Kacyatwa,Residential,Active,2020-09-22,-1.853359,30.110614
CUST-000677,Nyarugenge,Kanyinya,Nyamweru,Residential,Active,2021-05-20,-1.969819,30.095379
CUST-000678,Gasabo,Kacyiru,Kamutwa,Residential,Active,2024-07-02,-1.956723,30.131933
CUST-000679,Gasabo,Nduba,Shango,Residential,Active,2025-01-01,-1.897151,30.169714
CUST-000680,Kicukiro,Kigarama,Bwerankori,Residential,Active,2025-07-18,-2.000213,30.153558
CUST-000681,Nyarugenge,Kimisagara,Kamuhoza,Residential,Active,2021-12-21,-1.960058,30.043187
CUST-000682,Nyarugenge,Rwezamenyo,Rwezamenyo I,Residential,Active,2020-07-17,-2.0189,30.067526
CUST-000683,Nyarugenge,Muhima,Rugenge,Residential,Active,2022-03-18,-1.963678,30.040792
CUST-000684,Gasabo,Ndera,Masoro,Residential,Active,2020-10-03,-1.919986,30.050475
CUST-000685,Gasabo,Kacyiru,Kamutwa,Residential,Active,2023-04-09,-1.86869,30.136421
CUST-000686,Gasabo,Rusororo,Nyagahinga,Residential,Active,2023-08-03,-1.919406,30.084977
CUST-000687,Nyarugenge,Nyarugenge,Biryogo,Residential,Active,2023-02-23,-1.941513,30.055706
CUST-000688,Nyarugenge,Rwezamenyo,Kabuguru II,Residential,Active,2022-05-25,-1.915655,30.077329
CUST-000689,Gasabo,Bumbogo,Musave,Residential,Active,2024-07-13,-1.856879,30.14729
CUST-000690,Nyarugenge,Nyakabanda,Munanira II,Residential,Active,2021-01-05,-1.965925,30.08218
CUST-000691,Gasabo,Remera,Nyabisindu,Residential,Active,2023-12-29,-1.858019,30.11168
CUST-000692,Gasabo,Kinyinya,Gasharu,Residential,Active,2020-09-15,-1.886696,30.133756
CUST-000693,Gasabo,Kacyiru,Kamatamu,Residential,Active,2020-01-05,-1.888927,30.187847
CUST-000694,Gasabo,Jali,Nyabuliba,Residential,Active,2025-09-11,-1.898503,30.149145
CUST-000695,Nyarugenge,Mageragere,Kankuba,Residential,Active,2022-12-16,-1.895469,30.022326
CUST-000696,Gasabo,Jali,Nkusi,Residential,Active,2025-02-09,-1.835437,30.068344
CUST-000697,Gasabo,Rusororo,Gasagara,Residential,Active,2024-12-16,-1.883457,30.136074
CUST-000698,Nyarugenge,Kigali,Nyabugogo,Residential,Suspended,2021-11-04,-2.01158,30.109924
CUST-000699,Gasabo,Nduba,Butare,Residential,Active,2020-01-30,-1.871298,30.211414
CUST-000700,Gasabo,Remera,Rukiri I,Residential,Active,2022-11-04,-1.955225,30.130003
CUST-000701,Gasabo,Kinyinya,Gasharu,Residential,Active,2025-11-02,-1.870333,30.176478
CUST-000702,Gasabo,Bumbogo,Musave,Residential,Active,2022-06-21,-1.890245,30.144131
CUST-000703,Gasabo,Ndera,Rudashya,Residential,Disconnected,2024-08-27,-1.873966,30.11785
CUST-000704,Gasabo,Jali,Nkusi,Residential,Active,2025-09-09,-1.843729,30.150633
CUST-000705,Nyarugenge,Kanyinya,Taba,Residential,Active,2024-09-29,-1.986898,30.071392
CUST-000706,Kicukiro,Gahanga,Nunga,Residential,Active,2021-07-29,-1.968522,30.128714
CUST-000707,Kicukiro,Gikondo,Kanserege,Industries,Active,2022-04-10,-1.964891,30.096441
CUST-000708,Kicukiro,Kanombe,Busanza,Residential,Active,2022-10-31,-1.983124,30.11915
CUST-000709,Gasabo,Nduba,Gasura,Residential,Active,2021-05-04,-1.871789,30.106885
CUST-000710,Gasabo,Ndera,Masoro,Residential,Active,2025-09-03,-1.84808,30.118741
CUST-000711,Kicukiro,Niboye,Nyakabanda,Residential,Suspended,2024-08-31,-1.98255,30.062515
CUST-000712,Nyarugenge,Mageragere,Kankuba,Residential,Active,2023-08-11,-1.997902,30.060124
CUST-000713,Gasabo,Gikomero,Munini,Residential,Active,2022-12-29,-1.897821,30.085703
CUST-000714,Gasabo,Ndera,Bwiza,Residential,Active,2020-01-13,-1.91715,30.115781
CUST-000715,Gasabo,Nduba,Gasanze,Residential,Active,2021-01-11,-1.813472,30.107735
CUST-000716,Gasabo,Rusororo,Kabuga II,Residential,Active,2025-01-11,-1.908379,30.171021
CUST-000717,Gasabo,Gikomero,Kibara,Residential,Active,2023-05-11,-1.926112,30.153582
CUST-000718,Gasabo,Rusororo,Mbandazi,Residential,Active,2024-07-22,-1.892815,30.126208
CUST-000719,Gasabo,Rutunga,Gasabo,Industries,Active,2025-07-11,-1.884836,30.139174
CUST-000720,Nyarugenge,Mageragere,Kankuba,Non-Residential,Active,2025-03-10,-1.997651,30.106495
CUST-000721,Gasabo,Bumbogo,Nyabikenke,Residential,Active,2025-07-19,-1.872476,30.11356
CUST-000722,Gasabo,Jabana,Kabuye,Residential,Active,2020-10-23,-1.880092,30.097012
CUST-000723,Gasabo,Kacyiru,Kibaza,Residential,Active,2021-09-23,-1.882881,30.131625
CUST-000724,Kicukiro,Nyarugunga,Nonko,Residential,Active,2025-10-06,-1.962098,30.099589
CUST-000725,Nyarugenge,Kigali,Nyabugogo,Public Taps,Disconnected,2023-09-30,-1.939524,30.093846
CUST-000726,Nyarugenge,Nyarugenge,Agatare,Residential,Active,2024-03-02,-1.98473,30.045817
CUST-000727,Gasabo,Rutunga,Kigabiro,Residential,Active,2021-05-19,-1.892398,30.1623
CUST-000728,Kicukiro,Gatenga,Nyarurama,Residential,Active,2022-06-13,-1.954627,30.084193
CUST-000729,Gasabo,Bumbogo,Mvuzo,Residential,Active,2023-08-27,-1.872952,30.152761
CUST-000730,Nyarugenge,Nyarugenge,Agatare,Residential,Active,2025-06-26,-2.011872,30.054344
CUST-000731,Nyarugenge,Rwezamenyo,Rwezamenyo I,Residential,Active,2023-04-12,-1.961049,30.020945
CUST-000732,Nyarugenge,Kigali,Ruriba,Residential,Active,2021-06-22,-1.945103,30.08293
CUST-000733,Gasabo,Kinyinya,Gacuriro,Residential,Active,2022-03-06,-1.872048,30.151234
CUST-000734,Kicukiro,Masaka,Ayabaraya,Residential,Active,2023-07-06,-1.94238,30.132946
CUST-000735,Gasabo,Gisozi,Ruhango,Residential,Active,2021-08-01,-1.850929,30.160686
CUST-000736,Gasabo,Rusororo,Nyagahinga,Residential,Active,2024-03-02,-1.901661,30.088982
CUST-000737,Gasabo,Jali,Agateko,Residential,Active,2024-03-19,-1.904283,30.175906
CUST-000738,Kicukiro,Kagarama,Kanserege,Residential,Active,2022-07-09,-1.935997,30.059922
CUST-000739,Gasabo,Gikomero,Gicaca,Residential,Active,2024-01-08,-1.872556,30.109356
CUST-000740,Gasabo,Jabana,Kabuye,Residential,Active,2022-01-01,-1.881267,30.180491
CUST-000741,Nyarugenge,Mageragere,Mataba,Residential,Active,2020-02-18,-1.967821,30.07555
CUST-000742,Nyarugenge,Mageragere,Nyarurenzi,Residential,Active,2025-11-09,-1.990927,30.101008
CUST-000743,Kicukiro,Gikondo,Kanserege,Residential,Active,2021-01-01,-2.016752,30.088013
CUST-000744,Kicukiro,Nyarugunga,Nonko,Residential,Active,2020-10-01,-1.987605,30.12163
CUST-000745,Kicukiro,Nyarugunga,Nonko,Residential,Active,2022-07-16,-1.976901,30.112365
CUST-000746,Gasabo,Remera,Nyarutarama,Residential,Active,2024-07-20,-1.868688,30.126588
CUST-000747,Kicukiro,Gahanga,Kagasa,Residential,Active,2022-03-05,-1.969596,30.042583
CUST-000748,Gasabo,Gikomero,Kibara,Residential,Active,2020-02-15,-1.925596,30.162691
CUST-000749,Nyarugenge,Kimisagara,Kimisagara,Residential,Active,2022-08-27,-1.961637,30.090479
CUST-000750,Nyarugenge,Mageragere,Runzenze,Residential,Active,2022-05-27,-1.962209,30.042115
CUST-000751,Gasabo,Bumbogo,Ngara,Residential,Active,2024-07-15,-1.870891,30.193271
CUST-000752,Gasabo,Jabana,Ngiryi,Non-Residential,Active,2023-09-05,-1.911672,30.119202
CUST-000753,Nyarugenge,Kigali,Mwendo,Residential,Active,2021-04-15,-2.042972,30.057672
CUST-000754,Kicukiro,Niboye,Gatare,Residential,Active,2022-03-11,-1.967462,30.128046
CUST-000755,Gasabo,Jabana,Kabuye,Residential,Active,2024-09-01,-1.874094,30.143455
CUST-000756,Gasabo,Gikomero,Kibara,Residential,Active,2022-08-01,-1.888136,30.112814
CUST-000757,Kicukiro,Niboye,Nyakabanda,Residential,Active,2025-11-16,-1.973861,30.073008
CUST-000758,Gasabo,Rusororo,Mbandazi,Residential,Active,2025-02-28,-1.86351,30.16599
CUST-000759,Nyarugenge,Kanyinya,Taba,Residential,Active,2020-07-24,-2.021765,30.073202
CUST-000760,Nyarugenge,Nyakabanda,Nyakabanda II,Residential,Active,2024-01-09,-1.987468,30.055923
CUST-000761,Kicukiro,Kicukiro,Kagina,Residential,Active,2021-09-03,-1.941863,30.057745
CUST-000762,Gasabo,Ndera,Bwiza,Residential,Active,2020-08-01,-1.889425,30.183612
CUST-000763,Gasabo,Ndera,Rudashya,Residential,Active,2023-07-25,-1.900743,30.096168
CUST-000764,Nyarugenge,Kigali,Rwesero,Residential,Active,2021-01-26,-1.927483,30.019783
CUST-000765,Gasabo,Bumbogo,Ngara,Residential,Active,2021-10-10,-1.919627,30.116405
CUST-000766,Gasabo,Remera,Rukiri II,Residential,Active,2022-07-17,-1.911868,30.099913
CUST-000767,Gasabo,Bumbogo,Kinyaga,Residential,Active,2023-08-26,-1.909318,30.119929
CUST-000768,Gasabo,Nduba,Gasanze,Residential,Active,2021-02-01,-1.929748,30.159282
CUST-000769,Kicukiro,Kanombe,Kabeza,Residential,Active,2024-03-08,-2.004389,30.079931
CUST-000770,Nyarugenge,Rwezamenyo,Kabuguru I,Residential,Active,2025-11-23,-1.921459,30.059184
CUST-000771,Gasabo,Bumbogo,Mvuzo,Residential,Active,2022-11-30,-1.892529,30.182125
CUST-000772,Nyarugenge,Gitega,Akabeza,Residential,Active,2021-08-27,-1.956602,30.092131
CUST-000773,Nyarugenge,Mageragere,Mataba,Residential,Active,2021-11-22,-1.974665,30.091274
CUST-000774,Gasabo,Gatsata,Nyamugari,Residential,Active,2022-11-28,-1.940237,30.080293
CUST-000775,Kicukiro,Gahanga,Kagasa,Industries,Active,2025-11-28,-1.960684,30.154363
CUST-000776,Kicukiro,Kanombe,Karama,Residential,Active,2024-10-03,-1.95206,30.094376
CUST-000777,Nyarugenge,Nyarugenge,Rwampara,Residential,Active,2020-01-17,-1.961295,30.104683
CUST-000778,Gasabo,Remera,Nyarutarama,Industries,Active,2024-03-18,-1.876626,30.118509
CUST-000779,Nyarugenge,Nyamirambo,Mumena,Residential,Active,2021-11-01,-1.985818,30.084458
CUST-000780,Kicukiro,Gahanga,Kagasa,Residential,Active,2023-07-12,-2.001184,30.026189
CUST-000781,Nyarugenge,Mageragere,Ntungamo,Residential,Active,2021-09-04,-1.946017,30.087272
CUST-000782,Nyarugenge,Nyakabanda,Nyakabanda II,Residential,Active,2022-11-19,-1.976987,30.048194
CUST-000783,Kicukiro,Kicukiro,Kicukiro,Residential,Active,2022-05-26,-1.961425,30.109233
CUST-000784,Nyarugenge,Mageragere,Runzenze,Residential,Active,2021-02-09,-1.993026,30.064883
CUST-000785,Gasabo,Bumbogo,Musave,Residential,Active,2023-01-20,-1.851737,30.158057
CUST-000786,Gasabo,Rusororo,Nyagahinga,Residential,Active,2021-03-04,-1.873974,30.159448
CUST-000787,Gasabo,Rusororo,Gasagara,Residential,Active,2020-02-20,-1.845867,30.074436
CUST-000788,Kicukiro,Gahanga,Kagasa,Residential,Active,2023-11-02,-2.006471,30.088869
CUST-000789,Gasabo,Jabana,Ngiryi,Residential,Active,2023-12-16,-1.894833,30.169664
CUST-000790,Gasabo,Jali,Buhiza,Residential,Active,2024-04-28,-1.896232,30.119078
CUST-000791,Gasabo,Gikomero,Gasagara,Residential,Active,2022-05-09,-1.883511,30.176823
CUST-000792,Gasabo,Bumbogo,Kinyaga,Residential,Active,2022-01-10,-1.885519,30.161323
CUST-000793,Gasabo,Rusororo,Kabuga II,Residential,Active,2020-03-03,-1.955957,30.152105
CUST-000794,Gasabo,Rusororo,Bisenga,Residential,Active,2021-02-15,-1.908937,30.098477
CUST-000795,Kicukiro,Gikondo,Kanserege,Residential,Active,2023-02-10,-1.986653,30.096543
CUST-000796,Gasabo,Ndera,Rudashya,Residential,Active,2020-03-13,-1.903611,30.096472
CUST-000797,Kicukiro,Kanombe,Kabeza,Residential,Active,2021-09-13,-1.986444,30.083332
CUST-000798,Kicukiro,Nyarugunga,Nonko,Residential,Active,2025-01-31,-1.974342,30.079686
CUST-000799,Kicukiro,Nyarugunga,Kamashashi,Residential,Active,2025-04-20,-2.049391,30.114506
CUST-000800,Kicukiro,Gatenga,Karambo,Residential,Active,2021-02-26,-2.00339,30.146001
CUST-000801,Kicukiro,Kanombe,Kabeza,Residential,Active,2023-05-01,-1.983907,30.102047
CUST-000802,Gasabo,Rusororo,Ruhanga,Residential,Active,2020-03-22,-1.921249,30.070295
CUST-000803,Gasabo,Jabana,Kidashya,Residential,Active,2025-09-03,-1.897369,30.154424
CUST-000804,Gasabo,Rutunga,Kigabiro,Residential,Active,2023-02-21,-1.913363,30.050763
CUST-000805,Nyarugenge,Nyakabanda,Nyakabanda II,Public Taps,Active,2023-05-15,-1.975105,30.031022
CUST-000806,Nyarugenge,Kimisagara,Kimisagara,Non-Residential,Active,2020-07-27,-1.9749,30.104975
CUST-000807,Nyarugenge,Muhima,Nyabugogo,Residential,Active,2023-01-21,-1.980421,30.068985
CUST-000808,Gasabo,Jabana,Kidashya,Residential,Disconnected,2022-11-13,-1.861568,30.146487
CUST-000809,Gasabo,Bumbogo,Mvuzo,Residential,Active,2025-04-06,-1.871302,30.065511
CUST-000810,Kicukiro,Kicukiro,Kicukiro,Residential,Active,2023-09-03,-1.95328,30.067148
CUST-000811,Gasabo,Rusororo,Ruhanga,Residential,Active,2022-07-28,-1.910364,30.112135
CUST-000812,Nyarugenge,Rwezamenyo,Kabuguru II,Residential,Active,2021-08-03,-1.965592,30.059009
CUST-000813,Gasabo,Kinyinya,Gasharu,Residential,Active,2020-07-23,-1.872732,30.188754
CUST-000814,Nyarugenge,Kigali,Ruriba,Residential,Active,2024-03-07,-1.993058,30.028982
CUST-000815,Gasabo,Nduba,Gasanze,Residential,Active,2024-05-16,-1.864163,30.111688
CUST-000816,Nyarugenge,Gitega,Kora,Residential,Active,2024-01-03,-1.923907,30.048239
CUST-000817,Nyarugenge,Nyakabanda,Munanira II,Residential,Active,2025-07-25,-1.986461,30.080966
CUST-000818,Gasabo,Kinyinya,Kagugu,Residential,Active,2021-09-17,-1.897388,30.152263
CUST-000819,Nyarugenge,Rwezamenyo,Kabuguru I,Public Taps,Suspended,2023-01-20,-1.952675,30.047522
CUST-000820,Gasabo,Gatsata,Nyamugari,Residential,Active,2023-12-26,-1.894993,30.149941
CUST-000821,Nyarugenge,Gitega,Akabeza,Residential,Active,2020-03-04,-1.992539,30.013378
CUST-000822,Nyarugenge,Kigali,Nyabugogo,Residential,Active,2020-09-30,-1.986909,30.020447
CUST-000823,Gasabo,Kimihurura,Kimihurura,Residential,Active,2021-09-20,-1.924238,30.113604
CUST-000824,Gasabo,Rusororo,Kabuga II,Residential,Active,2022-02-20,-1.876773,30.189782
CUST-000825,Kicukiro,Gatenga,Nyarurama,Residential,Active,2020-02-28,-1.961941,30.08414
CUST-000826,Gasabo,Nduba,Gatunga,Residential,Active,2023-05-31,-1.93319,30.100018
CUST-000827,Nyarugenge,Gitega,Akabahizi,Residential,Active,2022-06-10,-1.985828,30.095291
CUST-000828,Nyarugenge,Muhima,Tetero,Public Taps,Active,2024-06-25,-1.955412,30.050728
CUST-000829,Gasabo,Kacyiru,Kamatamu,Residential,Active,2022-09-20,-1.904523,30.178417
CUST-000830,Kicukiro,Masaka,Gako,Residential,Active,2021-09-19,-2.008069,30.154759
CUST-000831,Gasabo,Kimihurura,Rugando,Residential,Active,2020-04-20,-1.849743,30.152514
CUST-000832,Kicukiro,Masaka,Rusheshe,Residential,Active,2022-08-03,-1.923594,30.147358
CUST-000833,Gasabo,Gikomero,Gicaca,Residential,Active,2020-06-02,-1.900525,30.140395
CUST-000834,Nyarugenge,Nyakabanda,Munanira I,Residential,Suspended,2025-02-11,-1.911427,30.07001
CUST-000835,Nyarugenge,Muhima,Kabeza,Residential,Active,2020-08-16,-1.951202,30.090411
CUST-000836,Kicukiro,Gatenga,Nyarurama,Residential,Active,2021-03-20,-1.963075,30.043912
CUST-000837,Nyarugenge,Mageragere,Nyarufunzo,Residential,Active,2022-04-24,-1.955853,30.08033
CUST-000838,Gasabo,Nduba,Gatunga,Residential,Active,2023-09-04,-1.857998,30.133433
CUST-000839,Nyarugenge,Nyarugenge,Kiyovu,Residential,Active,2024-07-10,-1.93463,30.059256
CUST-000840,Gasabo,Rutunga,Kacyatwa,Residential,Active,2020-09-04,-1.842418,30.133055
CUST-000841,Gasabo,Kimihurura,Kimihurura,Residential,Disconnected,2024-01-27,-1.868148,30.088424
CUST-000842,Gasabo,Ndera,Mukuyu,Residential,Active,2022-10-22,-1.894196,30.178029
CUST-000843,Gasabo,Kinyinya,Gacuriro,Residential,Active,2022-06-13,-1.842983,30.123371
CUST-000844,Kicukiro,Masaka,Gitaraga,Residential,Active,2022-02-13,-1.994051,30.13969
CUST-000845,Nyarugenge,Kanyinya,Nzove,Residential,Active,2024-09-23,-1.94839,30.043135
CUST-000846,Nyarugenge,Kigali,Nyabugogo,Residential,Active,2025-12-19,-1.857456,30.121802
CUST-000847,Gasabo,Kinyinya,Gasharu,Residential,Active,2021-07-04,-1.914659,30.149408
CUST-000848,Kicukiro,Gahanga,Gahanga,Residential,Suspended,2023-03-25,-1.987964,30.12027
CUST-000849,Nyarugenge,Kigali,Kigali,Residential,Active,2024-07-30,-1.954378,30.029357
CUST-000850,Kicukiro,Kanombe,Kabeza,Residential,Active,2024-09-15,-1.98816,30.081183
CUST-000851,Gasabo,Bumbogo,Kinyaga,Residential,Active,2022-11-28,-1.866486,30.136894
CUST-000852,Nyarugenge,Kigali,Rwesero,Residential,Active,2020-09-16,-1.999302,30.027138
CUST-000853,Gasabo,Remera,Rukiri II,Residential,Active,2025-05-25,-1.86397,30.163171
CUST-000854,Gasabo,Jabana,Bweramvura,Residential,Active,2023-04-18,-1.830034,30.095085
CUST-000855,Nyarugenge,Nyakabanda,Nyakabanda II,Residential,Active,2023-08-25,-1.990663,30.105087
CUST-000856,Nyarugenge,Kigali,Rwesero,Residential,Active,2020-07-29,-2.020135,30.017251
CUST-000857,Kicukiro,Kigarama,Rwampara,Public Taps,Disconnected,2020-08-28,-2.033418,30.134392
CUST-000858,Nyarugenge,Kanyinya,Nyamweru,Residential,Active,2024-12-11,-2.021652,30.064615
CUST-000859,Kicukiro,Masaka,Gako,Residential,Active,2024-05-17,-1.968736,30.118681
CUST-000860,Gasabo,Kinyinya,Kagugu,Residential,Active,2020-10-01,-1.897148,30.123941
CUST-000861,Nyarugenge,Kanyinya,Nyamweru,Residential,Active,2025-10-13,-1.989763,30.063123
CUST-000862,Nyarugenge,Gitega,Akabeza,Residential,Active,2022-11-12,-1.931534,30.028517
CUST-000863,Gasabo,Kinyinya,Gacuriro,Residential,Active,2025-01-20,-1.882775,30.117185
CUST-000864,Gasabo,Gikomero,Gasagara,Residential,Active,2024-07-26,-1.91544,30.122878
CUST-000865,Gasabo,Rutunga,Kigabiro,Residential,Active,2021-04-28,-1.844922,30.105456
CUST-000866,Nyarugenge,Muhima,Nyabugogo,Residential,Active,2022-10-16,-1.95877,30.026484
CUST-000867,Gasabo,Jali,Agateko,Residential,Active,2023-12-18,-1.885843,30.179787
CUST-000868,Gasabo,Ndera,Cyaruzinge,Residential,Active,2021-11-20,-1.880483,30.13849
CUST-000869,Kicukiro,Kigarama,Bwerankori,Residential,Active,2021-01-17,-1.978548,30.149024
CUST-000870,Kicukiro,Niboye,Niboye,Residential,Active,2024-05-29,-1.989411,30.110374
CUST-000871,Gasabo,Remera,Nyabisindu,Public Taps,Active,2025-11-11,-1.908835,30.124983
CUST-000872,Gasabo,Ndera,Mukuyu,Residential,Active,2022-10-29,-1.86496,30.139136
CUST-000873,Kicukiro,Gikondo,Kinunga,Residential,Active,2024-05-23,-1.998445,30.067954
CUST-000874,Gasabo,Ndera,Mukuyu,Residential,Active,2023-02-12,-1.850505,30.168696
CUST-000875,Gasabo,Remera,Rukiri II,Residential,Active,2023-03-24,-1.926967,30.153703
CUST-000876,Gasabo,Gikomero,Kibara,Residential,Active,2024-12-06,-1.855876,30.105314
CUST-000877,Gasabo,Rusororo,Mbandazi,Residential,Active,2023-05-31,-1.878638,30.188826
CUST-000878,Gasabo,Jabana,Bweramvura,Residential,Suspended,2020-10-11,-1.875567,30.120617
CUST-000879,Kicukiro,Nyarugunga,Rwimbogo,Residential,Active,2021-05-09,-1.996801,30.096946
CUST-000880,Nyarugenge,Nyamirambo,Cyivugiza,Residential,Active,2020-09-12,-1.948552,30.076245
CUST-000881,Gasabo,Ndera,Kibenga,Residential,Active,2020-01-07,-1.854193,30.12196
CUST-000882,Gasabo,Rutunga,Kigabiro,Residential,Active,2025-12-27,-1.885455,30.157268
CUST-000883,Gasabo,Gatsata,Karuruma,Residential,Active,2021-10-03,-1.896361,30.164277
CUST-000884,Gasabo,Nduba,Gasura,Residential,Active,2025-11-26,-1.886598,30.108892
CUST-000885,Kicukiro,Kanombe,Rubirizi,Residential,Active,2022-10-27,-2.026092,30.105886
CUST-000886,Nyarugenge,Rwezamenyo,Rwezamenyo II,Residential,Active,2025-03-11,-1.929145,30.015562
CUST-000887,Gasabo,Kimihurura,Rugando,Residential,Active,2022-02-23,-1.897914,30.132504
CUST-000888,Gasabo,Kimironko,Kibagabaga,Non-Residential,Active,2023-07-27,-1.921903,30.124688
CUST-000889,Gasabo,Kinyinya,Murama,Residential,Active,2021-04-29,-1.789943,30.13389
CUST-000890,Gasabo,Kimironko,Nyagatovu,Residential,Active,2020-06-13,-1.858183,30.162895
CUST-000891,Kicukiro,Gahanga,Nunga,Residential,Active,2020-11-24,-1.931462,30.18341
CUST-000892,Kicukiro,Masaka,Cyimo,Residential,Disconnected,2021-01-14,-1.986263,30.062217
CUST-000893,Gasabo,Ndera,Bwiza,Residential,Active,2023-08-18,-1.858111,30.114261
CUST-000894,Nyarugenge,Kanyinya,Nzove,Residential,Active,2022-10-08,-1.909385,30.076982
CUST-000895,Nyarugenge,Rwezamenyo,Rwezamenyo I,Residential,Active,2020-04-04,-1.977369,30.030922
CUST-000896,Kicukiro,Gikondo,Kagunga,Residential,Active,2023-08-18,-1.991305,30.118569
CUST-000897,Nyarugenge,Kigali,Ruriba,Public Taps,Active,2022-04-19,-1.997746,29.991364
CUST-000898,Kicukiro,Kigarama,Nyarurama,Residential,Active,2022-02-25,-1.944546,30.172267
CUST-000899,Kicukiro,Gahanga,Gahanga,Residential,Active,2025-03-06,-1.950521,30.116615
CUST-000900,Kicukiro,Kanombe,Rubirizi,Residential,Active,2025-07-25,-1.958865,30.035032
CUST-000901,Kicukiro,Kagarama,Muyange,Residential,Active,2021-08-24,-2.026608,30.131592
CUST-000902,Nyarugenge,Kimisagara,Kimisagara,Non-Residential,Active,2024-08-31,-1.925662,30.043407
CUST-000903,Gasabo,Ndera,Bwiza,Residential,Active,2020-11-09,-1.936151,30.170846
CUST-000904,Gasabo,Gikomero,Munini,Residential,Active,2021-02-10,-1.898383,30.069722
CUST-000905,Gasabo,Kinyinya,Gacuriro,Residential,Active,2025-09-17,-1.88757,30.150656
CUST-000906,Gasabo,Rusororo,Ruhanga,Residential,Active,2023-11-13,-1.900944,30.114562
CUST-000907,Gasabo,Gisozi,Musezero,Residential,Active,2021-08-29,-1.859378,30.169358
CUST-000908,Nyarugenge,Kimisagara,Kimisagara,Public Taps,Disconnected,2021-04-15,-1.914248,30.023261
CUST-000909,Nyarugenge,Kigali,Mwendo,Residential,Active,2024-02-05,-1.934497,30.05882
CUST-000910,Kicukiro,Kagarama,Muyange,Residential,Active,2021-12-27,-1.981639,30.098701
CUST-000911,Gasabo,Kinyinya,Gasharu,Residential,Active,2023-01-19,-1.825321,30.154689
CUST-000912,Gasabo,Bumbogo,Ngara,Residential,Active,2020-12-29,-1.867978,30.100176
CUST-000913,Nyarugenge,Mageragere,Runzenze,Residential,Active,2023-02-23,-1.951454,30.048523
CUST-000914,Gasabo,Jali,Nyamitanga,Residential,Active,2021-07-12,-1.867936,30.168032
CUST-000915,Gasabo,Nduba,Gasanze,Residential,Active,2023-10-11,-1.904171,30.108137
CUST-000916,Gasabo,Bumbogo,Nyabikenke,Residential,Active,2022-06-23,-1.864927,30.154314
CUST-000917,Nyarugenge,Muhima,Nyabugogo,Residential,Active,2025-03-29,-1.986226,30.056553
CUST-000918,Gasabo,Gikomero,Munini,Non-Residential,Disconnected,2023-12-04,-1.829917,30.172676
CUST-000919,Nyarugenge,Kimisagara,Kamuhoza,Residential,Active,2025-07-06,-1.963467,30.044831
CUST-000920,Nyarugenge,Muhima,Kabasengerezi,Residential,Active,2025-03-17,-1.93265,30.055085
CUST-000921,Kicukiro,Masaka,Mbabe,Residential,Active,2020-04-10,-1.887579,30.183856
CUST-000922,Nyarugenge,Nyakabanda,Munanira II,Residential,Active,2020-12-25,-1.949589,30.002159
CUST-000923,Kicukiro,Masaka,Cyimo,Residential,Active,2021-08-12,-1.953554,30.079675
CUST-000924,Gasabo,Remera,Rukiri II,Residential,Active,2023-05-06,-1.919328,30.179194
CUST-000925,Gasabo,Rutunga,Kabaliza,Residential,Active,2022-04-24,-1.914558,30.099444
CUST-000926,Gasabo,Bumbogo,Nyabikenke,Residential,Active,2025-01-23,-1.87747,30.14657
CUST-000927,Gasabo,Rusororo,Kinyana,Public Taps,Active,2022-09-02,-1.900852,30.121071
CUST-000928,Nyarugenge,Gitega,Gacyamo,Residential,Active,2025-03-07,-1.905494,30.100929
CUST-000929,Kicukiro,Niboye,Gatare,Residential,Active,2023-02-02,-1.943019,30.121873
CUST-000930,Gasabo,Rusororo,Kabuga II,Industries,Active,2023-12-11,-1.936889,30.120333
CUST-000931,Gasabo,Rutunga,Kacyatwa,Residential,Active,2022-12-05,-1.904406,30.143245
CUST-000932,Nyarugenge,Gitega,Akabahizi,Residential,Active,2025-06-23,-2.007675,30.092765
CUST-000933,Kicukiro,Gahanga,Gahanga,Industries,Active,2020-04-28,-1.985355,30.126448
CUST-000934,Nyarugenge,Kigali,Nyabugogo,Residential,Active,2021-08-03,-1.961059,30.098691
CUST-000935,Nyarugenge,Nyakabanda,Nyakabanda I,Residential,Active,2022-09-02,-1.979407,30.04458
CUST-000936,Kicukiro,Masaka,Rusheshe,Residential,Active,2024-08-31,-2.010753,30.06582
CUST-000937,Gasabo,Jali,Muko,Residential,Active,2024-02-14,-1.896121,30.125961
CUST-000938,Gasabo,Rusororo,Gasagara,Non-Residential,Active,2022-07-10,-1.895224,30.1327
CUST-000939,Gasabo,Ndera,Kibenga,Residential,Active,2022-02-09,-1.852601,30.145354
CUST-000940,Gasabo,Rusororo,Ruhanga,Residential,Active,2025-09-23,-1.890184,30.097557
CUST-000941,Gasabo,Bumbogo,Nyabikenke,Residential,Active,2022-02-11,-1.937544,30.149908
CUST-000942,Gasabo,Gikomero,Gicaca,Residential,Active,2022-07-07,-1.923328,30.142634
CUST-000943,Nyarugenge,Kigali,Kigali,Public Taps,Active,2022-09-01,-1.974569,30.058917
CUST-000944,Gasabo,Rutunga,Indatemwa,Residential,Active,2025-08-02,-1.924067,30.135785
CUST-000945,Gasabo,Bumbogo,Nyagasozi,Residential,Active,2025-08-15,-1.889699,30.083103
CUST-000946,Kicukiro,Masaka,Gitaraga,Non-Residential,Active,2021-08-15,-1.958193,30.08396
CUST-000947,Gasabo,Kimironko,Nyagatovu,Residential,Active,2022-09-13,-1.875908,30.117037
CUST-000948,Gasabo,Rusororo,Nyagahinga,Residential,Active,2024-08-22,-1.881911,30.097252
CUST-000949,Gasabo,Jabana,Akamatamu,Residential,Active,2020-09-10,-1.81972,30.10111
CUST-000950,Gasabo,Kimironko,Bibare,Residential,Active,2024-12-07,-1.912951,30.149316
CUST-000951,Nyarugenge,Kanyinya,Nyamweru,Public Taps,Active,2025-07-23,-1.972015,30.105169
CUST-000952,Gasabo,Remera,Rukiri II,Residential,Active,2024-08-08,-1.906501,30.084445
CUST-000953,Gasabo,Kinyinya,Gacuriro,Residential,Active,2025-06-07,-1.87848,30.186133
CUST-000954,Gasabo,Jabana,Akamatamu,Residential,Active,2024-07-12,-1.842358,30.127465
CUST-000955,Gasabo,Nduba,Gasura,Residential,Active,2022-10-02,-1.845623,30.178292
CUST-000956,Gasabo,Rusororo,Ruhanga,Non-Residential,Active,2020-11-14,-1.950632,30.108025
CUST-000957,Gasabo,Gisozi,Ruhango,Residential,Active,2022-10-20,-1.911648,30.139922
CUST-000958,Gasabo,Bumbogo,Mvuzo,Residential,Active,2024-10-10,-1.823985,30.142394
CUST-000959,Gasabo,Jali,Nyamitanga,Residential,Active,2021-10-04,-1.880692,30.192314
CUST-000960,Kicukiro,Kanombe,Kabeza,Residential,Active,2020-07-02,-2.009422,30.084384
CUST-000961,Gasabo,Nduba,Gasanze,Residential,Active,2020-02-28,-1.858125,30.103135
CUST-000962,Gasabo,Ndera,Kibenga,Residential,Active,2021-12-31,-1.91052,30.145518
CUST-000963,Nyarugenge,Nyamirambo,Cyivugiza,Residential,Active,2022-08-28,-1.989051,30.050653
CUST-000964,Nyarugenge,Kigali,Mwendo,Residential,Disconnected,2021-04-08,-1.933987,30.058925
CUST-000965,Gasabo,Bumbogo,Ngara,Residential,Active,2021-07-08,-1.890042,30.100987
CUST-000966,Kicukiro,Gatenga,Gatenga,Residential,Transferred,2023-11-16,-1.966427,30.076971
CUST-000967,Nyarugenge,Nyamirambo,Rugarama,Residential,Active,2022-04-04,-1.942285,30.027975
CUST-000968,Gasabo,Kimihurura,Kamukina,Residential,Active,2023-12-16,-1.902451,30.141713
CUST-000969,Gasabo,Jali,Nkusi,Residential,Active,2025-09-09,-1.873311,30.108474
CUST-000970,Nyarugenge,Muhima,Kabeza,Residential,Active,2025-11-19,-1.969029,30.055323
CUST-000971,Nyarugenge,Nyarugenge,Rwampara,Residential,Transferred,2024-08-20,-1.998597,30.061387
CUST-000972,Nyarugenge,Nyakabanda,Nyakabanda II,Residential,Active,2023-05-22,-1.972003,30.078312
CUST-000973,Nyarugenge,Muhima,Nyabugogo,Residential,Active,2025-10-15,-1.93793,30.042881
CUST-000974,Nyarugenge,Nyakabanda,Nyakabanda I,Residential,Active,2022-03-03,-1.943219,30.092327
CUST-000975,Gasabo,Rusororo,Gasagara,Residential,Active,2023-09-01,-1.891654,30.122617
CUST-000976,Nyarugenge,Muhima,Tetero,Non-Residential,Active,2021-07-31,-1.967638,30.080517
CUST-000977,Kicukiro,Gatenga,Nyarurama,Residential,Active,2023-09-08,-1.999106,30.083812
CUST-000978,Nyarugenge,Nyarugenge,Kiyovu,Residential,Active,2024-03-05,-1.976023,30.113587
CUST-000979,Gasabo,Nduba,Butare,Residential,Active,2021-06-13,-1.918249,30.111269
CUST-000980,Nyarugenge,Gitega,Kora,Residential,Active,2023-07-20,-2.015753,30.068321
CUST-000981,Gasabo,Rusororo,Mbandazi,Residential,Active,2020-09-11,-1.883615,30.111279
CUST-000982,Gasabo,Rusororo,Kabuga I,Residential,Active,2023-06-29,-1.888551,30.09951
CUST-000983,Nyarugenge,Kigali,Rwesero,Non-Residential,Active,2023-04-08,-1.993788,30.021588
CUST-000984,Gasabo,Rusororo,Kabuga I,Residential,Suspended,2020-06-06,-1.906128,30.160784
CUST-000985,Gasabo,Jabana,Kidashya,Residential,Active,2023-08-03,-1.86394,30.083472
CUST-000986,Gasabo,Kinyinya,Gasharu,Residential,Active,2025-05-30,-1.850887,30.107198
CUST-000987,Kicukiro,Kagarama,Kanserege,Residential,Active,2020-10-27,-1.984403,30.084062
CUST-000988,Kicukiro,Gatenga,Nyarurama,Public Taps,Active,2020-03-25,-1.955733,30.09081
CUST-000989,Kicukiro,Kagarama,Kanserege,Residential,Active,2021-04-14,-1.950124,30.108209
CUST-000990,Gasabo,Jabana,Kabuye,Residential,Active,2021-12-30,-1.885188,30.098227
CUST-000991,Nyarugenge,Mageragere,Kankuba,Residential,Active,2021-07-02,-1.999335,30.062057
CUST-000992,Nyarugenge,Kigali,Nyabugogo,Residential,Suspended,2023-06-14,-1.974807,30.082861
CUST-000993,Nyarugenge,Gitega,Kora,Residential,Active,2022-02-11,-1.906427,30.079159
CUST-000994,Nyarugenge,Muhima,Nyabugogo,Non-Residential,Active,2023-08-15,-2.014495,30.023808
CUST-000995,Nyarugenge,Rwezamenyo,Rwezamenyo II,Residential,Active,2020-04-22,-1.969835,30.067029
CUST-000996,Gasabo,Jabana,Kidashya,Residential,Active,2023-11-07,-1.861844,30.153722
CUST-000997,Gasabo,Jali,Nyakabungo,Residential,Active,2024-01-25,-1.882486,30.16158
CUST-000998,Kicukiro,Masaka,Mbabe,Residential,Disconnected,2020-02-18,-2.018081,30.042751
CUST-000999,Nyarugenge,Gitega,Akabahizi,Residential,Disconnected,2020-01-04,-1.936472,30.053456
CUST-001000,Gasabo,Kimihurura,Kamukina,Residential,Active,2020-06-28,-1.928213,30.143884
CUST-001001,Gasabo,Gikomero,Gasagara,Residential,Active,2025-12-13,-1.85177,30.164529
CUST-001002,Gasabo,Ndera,Mukuyu,Residential,Active,2021-01-13,-1.865999,30.13436
CUST-001003,Gasabo,Gatsata,Karuruma,Residential,Active,2021-04-02,-1.919425,30.088944
CUST-001004,Gasabo,Jali,Buhiza,Non-Residential,Active,2024-02-04,-1.85927,30.114777
CUST-001005,Gasabo,Rutunga,Gasabo,Residential,Active,2023-07-09,-1.856578,30.098566
CUST-001006,Gasabo,Jabana,Kidashya,Residential,Active,2022-01-03,-1.858666,30.12694
CUST-001007,Gasabo,Remera,Nyarutarama,Residential,Active,2025-05-05,-1.893459,30.176417
CUST-001008,Gasabo,Kinyinya,Gasharu,Residential,Active,2024-03-16,-1.825063,30.085254
CUST-001009,Kicukiro,Gatenga,Nyanza,Residential,Active,2020-01-19,-1.994231,30.095363
CUST-001010,Gasabo,Rutunga,Indatemwa,Residential,Active,2025-01-10,-1.882463,30.118297
CUST-001011,Nyarugenge,Nyamirambo,Gasharu,Residential,Disconnected,2020-09-17,-2.017761,30.029424
CUST-001012,Gasabo,Gikomero,Kibara,Non-Residential,Active,2025-03-07,-1.894313,30.096468
CUST-001013,Nyarugenge,Rwezamenyo,Kabuguru I,Residential,Active,2025-10-28,-1.939105,30.077019
CUST-001014,Gasabo,Jabana,Akamatamu,Residential,Active,2023-02-24,-1.833549,30.2023
CUST-001015,Kicukiro,Kicukiro,Ngoma,Residential,Active,2022-01-24,-1.969559,30.068113
CUST-001016,Nyarugenge,Rwezamenyo,Rwezamenyo II,Residential,Active,2020-03-29,-2.019248,30.100892
CUST-001017,Nyarugenge,Muhima,Rugenge,Residential,Active,2024-05-30,-1.977682,30.050479
CUST-001018,Gasabo,Rutunga,Kacyatwa,Residential,Active,2025-10-27,-1.852916,30.116413
CUST-001019,Gasabo,Rutunga,Kacyatwa,Industries,Active,2024-07-18,-1.932231,30.113047
CUST-001020,Kicukiro,Gahanga,Karembure,Residential,Active,2022-01-06,-2.041768,30.099431
CUST-001021,Kicukiro,Kicukiro,Kicukiro,Public Taps,Active,2020-08-15,-2.019856,30.12527
CUST-001022,Gasabo,Jabana,Bweramvura,Residential,Active,2022-02-18,-1.851292,30.116342
CUST-001023,Kicukiro,Niboye,Gatare,Residential,Active,2025-10-01,-2.00945,30.096588
CUST-001024,Nyarugenge,Mageragere,Nyarurenzi,Residential,Active,2025-05-14,-1.998757,30.064554
CUST-001025,Nyarugenge,Muhima,Tetero,Residential,Active,2020-09-24,-1.947117,30.093057
CUST-001026,Gasabo,Gikomero,Munini,Residential,Active,2020-04-08,-1.910695,30.146261
CUST-001027,Gasabo,Nduba,Gasura,Non-Residential,Disconnected,2022-02-03,-1.865009,30.106132
CUST-001028,Nyarugenge,Nyarugenge,Agatare,Residential,Active,2022-09-11,-1.997256,30.087041
CUST-001029,Nyarugenge,Kimisagara,Kimisagara,Residential,Active,2020-05-27,-1.994421,30.045674
CUST-001030,Nyarugenge,Muhima,Rugenge,Residential,Active,2020-04-19,-1.933096,30.025398
CUST-001031,Nyarugenge,Mageragere,Nyarurenzi,Residential,Active,2025-06-13,-1.987731,30.05114
CUST-001032,Kicukiro,Gahanga,Nunga,Non-Residential,Active,2020-04-26,-1.998925,30.117946
CUST-001033,Gasabo,Kinyinya,Kagugu,Non-Residential,Disconnected,2024-04-30,-1.844003,30.159369
CUST-001034,Gasabo,Jabana,Ngiryi,Public Taps,Active,2022-12-27,-1.87729,30.103374
CUST-001035,Gasabo,Rutunga,Kibenga,Public Taps,Active,2025-05-14,-1.913298,30.104171
CUST-001036,Gasabo,Jali,Nyamitanga,Non-Residential,Active,2022-06-02,-1.898698,30.111705
CUST-001037,Nyarugenge,Rwezamenyo,Rwezamenyo II,Residential,Active,2024-11-30,-1.945289,30.04115
CUST-001038,Gasabo,Rusororo,Ruhanga,Residential,Active,2021-08-28,-1.879541,30.111126
CUST-001039,Kicukiro,Kicukiro,Gasharu,Residential,Active,2022-08-01,-1.960222,30.138869
CUST-001040,Gasabo,Gatsata,Nyamabuye,Residential,Active,2023-06-09,-1.847917,30.132337
CUST-001041,Kicukiro,Nyarugunga,Rwimbogo,Residential,Active,2025-08-31,-2.007467,30.130076
CUST-001042,Nyarugenge,Kigali,Ruriba,Residential,Active,2024-07-03,-1.967219,30.054462
CUST-001043,Kicukiro,Gikondo,Kanserege,Non-Residential,Active,2021-12-12,-2.008943,30.104928
CUST-001044,Kicukiro,Nyarugunga,Kamashashi,Residential,Active,2021-02-10,-1.958221,30.18626
CUST-001045,Gasabo,Kimihurura,Kimihurura,Residential,Active,2023-07-18,-1.871933,30.103267
CUST-001046,Gasabo,Jali,Muko,Residential,Active,2025-05-31,-1.894599,30.139111
CUST-001047,Gasabo,Jali,Nkusi,Non-Residential,Active,2021-10-20,-1.914102,30.171345
CUST-001048,Gasabo,Remera,Rukiri II,Residential,Active,2025-04-24,-1.91207,30.112853
CUST-001049,Kicukiro,Kicukiro,Kicukiro,Residential,Transferred,2020-12-28,-2.034272,30.128715
CUST-001050,Nyarugenge,Kanyinya,Nzove,Residential,Active,2025-02-26,-1.926011,30.086541
CUST-001051,Nyarugenge,Rwezamenyo,Kabuguru I,Residential,Active,2023-04-22,-2.003064,30.090401
CUST-001052,Nyarugenge,Gitega,Gacyamo,Residential,Active,2023-01-29,-1.971353,30.036756
CUST-001053,Nyarugenge,Rwezamenyo,Kabuguru II,Residential,Active,2020-08-07,-1.912666,30.097119
CUST-001054,Gasabo,Jali,Muko,Residential,Active,2024-04-11,-1.791701,30.164264
CUST-001055,Kicukiro,Kanombe,Busanza,Residential,Active,2020-03-05,-2.021041,30.166858
CUST-001056,Nyarugenge,Gitega,Akabeza,Residential,Active,2023-07-15,-1.968859,30.059644
CUST-001057,Kicukiro,Kigarama,Kigarama,Residential,Active,2020-12-04,-1.930381,30.115887
CUST-001058,Gasabo,Jabana,Ngiryi,Residential,Transferred,2023-12-18,-1.846873,30.141094
CUST-001059,Gasabo,Kimihurura,Kimihurura,Residential,Active,2023-05-06,-1.870215,30.12421
CUST-001060,Nyarugenge,Mageragere,Kavumu,Residential,Active,2022-08-06,-2.014229,30.028169
CUST-001061,Gasabo,Kimironko,Nyagatovu,Residential,Active,2020-05-09,-1.877889,30.09467
CUST-001062,Nyarugenge,Mageragere,Nyarurenzi,Residential,Suspended,2021-06-11,-1.954383,30.067056
CUST-001063,Gasabo,Rutunga,Kigabiro,Residential,Suspended,2023-08-19,-1.850878,30.134341
CUST-001064,Kicukiro,Gatenga,Nyarurama,Non-Residential,Active,2021-09-18,-1.958937,30.044739
CUST-001065,Gasabo,Kinyinya,Murama,Residential,Active,2020-12-08,-1.897914,30.14886
CUST-001066,Gasabo,Gatsata,Nyamugari,Residential,Active,2022-12-02,-1.889704,30.13863
CUST-001067,Gasabo,Gatsata,Karuruma,Residential,Active,2025-10-04,-1.912682,30.123541
CUST-001068,Kicukiro,Gahanga,Kagasa,Residential,Active,2022-06-07,-2.004064,30.129522
CUST-001069,Gasabo,Rutunga,Indatemwa,Residential,Suspended,2024-06-21,-1.907439,30.093876
CUST-001070,Gasabo,Kacyiru,Kamatamu,Public Taps,Active,2021-05-03,-1.906166,30.125128
CUST-001071,Gasabo,Bumbogo,Kinyaga,Non-Residential,Active,2021-04-30,-1.852549,30.150841
CUST-001072,Nyarugenge,Muhima,Kabeza,Non-Residential,Active,2023-01-02,-1.968521,30.071618
CUST-001073,Gasabo,Kinyinya,Murama,Residential,Active,2025-01-12,-1.892727,30.113401
CUST-001074,Nyarugenge,Mageragere,Runzenze,Residential,Active,2024-03-08,-2.007759,30.090551
CUST-001075,Gasabo,Nduba,Sha,Residential,Active,2024-06-15,-1.863361,30.136846
CUST-001076,Kicukiro,Kigarama,Rwampara,Residential,Active,2022-08-24,-1.945684,30.122537
CUST-001077,Gasabo,Kimironko,Bibare,Residential,Suspended,2023-01-12,-1.879132,30.117296
CUST-001078,Gasabo,Jali,Nyabuliba,Residential,Active,2025-05-19,-1.918646,30.16862
CUST-001079,Kicukiro,Gatenga,Karambo,Residential,Active,2021-12-08,-1.932633,30.097747
CUST-001080,Nyarugenge,Nyarugenge,Biryogo,Residential,Active,2021-07-18,-1.938148,30.100191
CUST-001081,Nyarugenge,Nyamirambo,Cyivugiza,Residential,Active,2024-05-06,-1.954005,30.038602
CUST-001082,Nyarugenge,Nyarugenge,Biryogo,Residential,Active,2025-11-26,-1.929338,30.049687
CUST-001083,Gasabo,Kacyiru,Kamutwa,Residential,Active,2023-10-13,-1.840683,30.158766
CUST-001084,Nyarugenge,Nyakabanda,Nyakabanda II,Residential,Active,2022-05-07,-1.944818,30.060081
CUST-001085,Nyarugenge,Nyamirambo,Rugarama,Residential,Active,2022-03-11,-1.988905,30.056018
CUST-001086,Kicukiro,Nyarugunga,Nonko,Non-Residential,Active,2024-02-26,-1.99961,30.043676
CUST-001087,Kicukiro,Gahanga,Nunga,Residential,Disconnected,2024-03-28,-2.032615,30.081147
CUST-001088,Gasabo,Rusororo,Ruhanga,Residential,Active,2023-06-08,-1.890031,30.204809
CUST-001089,Kicukiro,Masaka,Mbabe,Residential,Active,2025-11-16,-1.982314,30.118243
CUST-001090,Gasabo,Bumbogo,Musave,Public Taps,Active,2024-07-23,-1.889351,30.080606
CUST-001091,Gasabo,Jali,Nyamitanga,Residential,Active,2024-08-22,-1.861063,30.124768
CUST-001092,Gasabo,Gikomero,Murambi,Residential,Active,2022-05-05,-1.861051,30.169696
CUST-001093,Nyarugenge,Nyakabanda,Nyakabanda II,Public Taps,Active,2022-03-10,-1.936132,30.053315
CUST-001094,Nyarugenge,Muhima,Kabeza,Residential,Active,2024-12-31,-1.961537,30.040017
CUST-001095,Gasabo,Bumbogo,Mvuzo,Residential,Active,2022-12-11,-1.909548,30.125339
CUST-001096,Gasabo,Rutunga,Kibenga,Residential,Active,2021-01-25,-1.904185,30.101285
CUST-001097,Kicukiro,Niboye,Gatare,Residential,Active,2022-03-11,-2.048627,30.086872
CUST-001098,Gasabo,Gikomero,Munini,Residential,Active,2021-10-25,-1.911955,30.148442
CUST-001099,Kicukiro,Masaka,Mbabe,Residential,Active,2020-08-20,-1.966264,30.127154
CUST-001100,Gasabo,Nduba,Muremure,Residential,Active,2020-01-12,-1.896984,30.063942
CUST-001101,Kicukiro,Kicukiro,Kagina,Residential,Suspended,2020-07-30,-2.026323,30.147001
CUST-001102,Gasabo,Ndera,Masoro,Residential,Active,2024-11-30,-1.936533,30.06033
CUST-001103,Nyarugenge,Nyakabanda,Munanira I,Residential,Active,2021-03-18,-1.964644,30.012911
CUST-001104,Gasabo,Ndera,Masoro,Industries,Suspended,2024-10-30,-1.909641,30.115019
CUST-001105,Gasabo,Kacyiru,Kibaza,Residential,Active,2023-05-04,-1.878162,30.088102
CUST-001106,Kicukiro,Kagarama,Rukatsa,Residential,Active,2024-10-28,-2.04432,30.054796
CUST-001107,Gasabo,Jali,Nyamitanga,Residential,Active,2021-12-27,-1.939629,30.124494
CUST-001108,Nyarugenge,Rwezamenyo,Rwezamenyo I,Residential,Active,2023-12-23,-1.942151,30.049882
CUST-001109,Kicukiro,Kanombe,Busanza,Non-Residential,Active,2024-04-09,-1.989859,30.085873
CUST-001110,Gasabo,Remera,Nyarutarama,Residential,Active,2024-08-12,-1.910075,30.141786
CUST-001111,Kicukiro,Gahanga,Karembure,Residential,Suspended,2025-11-23,-2.020142,30.09677
CUST-001112,Nyarugenge,Gitega,Kora,Residential,Active,2024-03-23,-1.976382,30.050086
CUST-001113,Gasabo,Kinyinya,Gacuriro,Residential,Suspended,2024-05-16,-1.866734,30.156653
CUST-001114,Gasabo,Kinyinya,Kagugu,Residential,Active,2020-08-30,-1.938679,30.129262
CUST-001115,Kicukiro,Gikondo,Kagunga,Residential,Active,2024-06-16,-2.003819,30.128272
CUST-001116,Gasabo,Nduba,Butare,Residential,Suspended,2022-01-14,-1.868333,30.159649
CUST-001117,Gasabo,Rusororo,Kabuga II,Residential,Active,2025-01-08,-1.892414,30.161485
CUST-001118,Gasabo,Rutunga,Kacyatwa,Residential,Active,2025-04-28,-1.857755,30.088329
CUST-001119,Kicukiro,Gahanga,Kagasa,Residential,Active,2024-04-24,-2.031179,30.100968
CUST-001120,Kicukiro,Gahanga,Gahanga,Residential,Active,2025-07-05,-2.008931,30.108095
CUST-001121,Gasabo,Kimironko,Nyagatovu,Residential,Suspended,2023-09-22,-1.928592,30.139278
CUST-001122,Gasabo,Ndera,Rudashya,Residential,Active,2021-02-27,-1.912163,30.150728
CUST-001123,Gasabo,Rusororo,Kabuga I,Residential,Active,2025-04-09,-1.890614,30.147014
CUST-001124,Kicukiro,Gikondo,Kinunga,Residential,Active,2025-02-06,-2.009367,30.109245
CUST-001125,Kicukiro,Niboye,Nyakabanda,Residential,Active,2021-09-21,-2.02222,30.087872
CUST-001126,Gasabo,Ndera,Bwiza,Residential,Active,2020-11-14,-1.89818,30.115387
CUST-001127,Gasabo,Bumbogo,Nyabikenke,Residential,Active,2024-11-02,-1.893004,30.064995
CUST-001128,Gasabo,Rusororo,Gasagara,Residential,Active,2024-07-05,-1.88065,30.126662
CUST-001129,Gasabo,Jabana,Kidashya,Residential,Active,2020-09-19,-1.861751,30.082531
CUST-001130,Gasabo,Rutunga,Kigabiro,Residential,Active,2022-05-26,-1.853909,30.078768
CUST-001131,Nyarugenge,Gitega,Gacyamo,Public Taps,Active,2022-06-24,-1.942737,30.072645
CUST-001132,Gasabo,Kacyiru,Kamatamu,Residential,Active,2023-11-26,-1.885872,30.173881
CUST-001133,Gasabo,Kimironko,Kibagabaga,Residential,Active,2025-10-08,-1.93391,30.122544
CUST-001134,Gasabo,Rusororo,Bisenga,Residential,Active,2020-11-06,-1.877642,30.16064
CUST-001135,Kicukiro,Masaka,Ayabaraya,Residential,Transferred,2023-07-05,-1.970048,30.089091
CUST-001136,Nyarugenge,Mageragere,Kankuba,Residential,Active,2022-09-28,-1.95415,30.045892
CUST-001137,Kicukiro,Kicukiro,Gasharu,Residential,Suspended,2022-06-26,-2.031929,30.116435
CUST-001138,Nyarugenge,Nyamirambo,Mumena,Residential,Active,2022-01-07,-1.961627,30.037398
CUST-001139,Gasabo,Kacyiru,Kibaza,Residential,Active,2022-04-21,-1.897352,30.130133
CUST-001140,Nyarugenge,Nyamirambo,Gasharu,Residential,Active,2021-10-30,-2.014154,30.033944
CUST-001141,Gasabo,Gikomero,Gasagara,Residential,Active,2024-07-07,-1.838481,30.113304
CUST-001142,Nyarugenge,Kanyinya,Nyamweru,Residential,Active,2021-02-21,-1.977807,30.021072
CUST-001143,Gasabo,Gisozi,Musezero,Public Taps,Active,2023-03-05,-1.869836,30.121373
CUST-001144,Gasabo,Jabana,Kabuye,Residential,Active,2022-08-08,-1.88262,30.122453
CUST-001145,Gasabo,Remera,Rukiri I,Residential,Active,2022-12-07,-1.943717,30.12061
CUST-001146,Gasabo,Ndera,Rudashya,Residential,Active,2021-11-30,-1.887961,30.124279
CUST-001147,Nyarugenge,Muhima,Ubumwe,Residential,Active,2023-05-28,-1.934342,30.114419
CUST-001148,Gasabo,Kimihurura,Kimihurura,Residential,Active,2020-08-02,-1.868617,30.100033
CUST-001149,Gasabo,Nduba,Sha,Public Taps,Active,2021-12-21,-1.840468,30.105607
CUST-001150,Kicukiro,Niboye,Gatare,Residential,Active,2023-02-18,-1.930599,30.12192
CUST-001151,Nyarugenge,Nyarugenge,Rwampara,Residential,Active,2023-01-27,-1.959084,30.041587
CUST-001152,Nyarugenge,Kimisagara,Katabaro,Residential,Active,2021-05-02,-1.979237,30.082261
CUST-001153,Nyarugenge,Mageragere,Kavumu,Residential,Active,2025-09-13,-1.972722,30.061868
CUST-001154,Gasabo,Jali,Nyamitanga,Residential,Active,2025-08-01,-1.859685,30.143394
CUST-001155,Gasabo,Kimihurura,Rugando,Residential,Active,2024-01-18,-1.845493,30.102268
CUST-001156,Gasabo,Rutunga,Kibenga,Residential,Active,2022-11-02,-1.916008,30.179247
CUST-001157,Nyarugenge,Nyarugenge,Agatare,Residential,Active,2022-03-14,-1.983865,30.068817
CUST-001158,Gasabo,Rutunga,Kigabiro,Residential,Active,2023-11-21,-1.880102,30.117391
CUST-001159,Gasabo,Gisozi,Ruhango,Residential,Active,2025-02-14,-1.923514,30.17126
CUST-001160,Kicukiro,Masaka,Ayabaraya,Residential,Active,2024-11-11,-2.00697,30.133892
CUST-001161,Kicukiro,Kanombe,Kabeza,Residential,Active,2022-11-20,-2.005969,30.095441
CUST-001162,Gasabo,Gikomero,Kibara,Residential,Suspended,2023-01-07,-1.913382,30.116966
CUST-001163,Gasabo,Rusororo,Ruhanga,Residential,Transferred,2021-08-19,-1.876224,30.100314
CUST-001164,Kicukiro,Kanombe,Busanza,Residential,Active,2025-06-09,-1.991321,30.112559
CUST-001165,Gasabo,Nduba,Butare,Residential,Active,2021-09-04,-1.854283,30.116011
CUST-001166,Nyarugenge,Gitega,Gacyamo,Residential,Active,2020-08-19,-2.00902,30.065127
CUST-001167,Kicukiro,Gatenga,Nyarurama,Residential,Active,2024-08-31,-1.935155,30.077921
CUST-001168,Gasabo,Rutunga,Gasabo,Non-Residential,Active,2023-03-18,-1.875104,30.157054
CUST-001169,Gasabo,Nduba,Sha,Residential,Active,2021-08-17,-1.902747,30.109234
CUST-001170,Kicukiro,Nyarugunga,Kamashashi,Residential,Active,2023-04-20,-1.999459,30.134322
CUST-001171,Gasabo,Rutunga,Kibenga,Residential,Active,2025-07-05,-1.897896,30.154769
CUST-001172,Nyarugenge,Kanyinya,Taba,Residential,Active,2025-10-30,-1.950526,30.055665
CUST-001173,Gasabo,Remera,Nyabisindu,Residential,Active,2022-01-24,-1.892169,30.105075
CUST-001174,Gasabo,Remera,Nyarutarama,Residential,Active,2020-07-11,-1.811004,30.15231
CUST-001175,Gasabo,Rusororo,Ruhanga,Residential,Active,2020-10-21,-1.943403,30.127534
CUST-001176,Gasabo,Bumbogo,Kinyaga,Residential,Active,2020-05-27,-1.90338,30.128334
CUST-001177,Gasabo,Ndera,Kibenga,Residential,Active,2024-11-16,-1.826609,30.072019
CUST-001178,Nyarugenge,Mageragere,Mataba,Non-Residential,Active,2025-05-19,-1.93627,30.066867
CUST-001179,Kicukiro,Kanombe,Rubirizi,Residential,Active,2022-01-20,-1.938021,30.112147
CUST-001180,Gasabo,Kacyiru,Kibaza,Residential,Active,2023-06-05,-1.926677,30.118737
CUST-001181,Gasabo,Ndera,Cyaruzinge,Residential,Active,2023-02-15,-1.936196,30.198353
CUST-001182,Nyarugenge,Muhima,Amahoro,Residential,Active,2022-06-23,-1.967293,30.026997
CUST-001183,Gasabo,Jabana,Kidashya,Residential,Active,2022-01-18,-1.889763,30.160075
CUST-001184,Kicukiro,Gahanga,Gahanga,Residential,Active,2021-11-26,-1.968503,30.141101
CUST-001185,Gasabo,Kacyiru,Kamatamu,Residential,Active,2021-04-13,-1.881805,30.129276
CUST-001186,Nyarugenge,Gitega,Akabahizi,Residential,Active,2020-05-13,-2.016326,30.023116
CUST-001187,Gasabo,Kimihurura,Kimihurura,Residential,Active,2021-02-24,-1.898859,30.171923
CUST-001188,Kicukiro,Gikondo,Kagunga,Public Taps,Active,2024-03-20,-2.013594,30.116906
CUST-001189,Gasabo,Jali,Nyamitanga,Residential,Active,2024-05-06,-1.858504,30.15834
CUST-001190,Kicukiro,Gahanga,Gahanga,Residential,Transferred,2024-12-09,-1.994668,30.075698
CUST-001191,Kicukiro,Niboye,Nyakabanda,Residential,Active,2025-06-16,-2.000333,30.095843
CUST-001192,Gasabo,Jali,Nkusi,Residential,Active,2024-06-12,-1.88227,30.156612
CUST-001193,Kicukiro,Kicukiro,Gasharu,Residential,Active,2021-07-27,-1.985151,30.147571
CUST-001194,Kicukiro,Kicukiro,Kicukiro,Residential,Active,2023-02-09,-1.983543,30.08369
CUST-001195,Gasabo,Nduba,Muremure,Residential,Active,2020-12-07,-1.917763,30.191376
CUST-001196,Gasabo,Remera,Nyabisindu,Residential,Active,2022-01-20,-1.856865,30.127404
CUST-001197,Gasabo,Nduba,Butare,Residential,Active,2022-10-09,-1.836998,30.17378
CUST-001198,Gasabo,Kimihurura,Rugando,Residential,Active,2023-02-17,-1.883781,30.156517
CUST-001199,Gasabo,Bumbogo,Nyagasozi,Residential,Active,2020-03-25,-1.885485,30.184508
CUST-001200,Gasabo,Gikomero,Gasagara,Residential,Active,2024-11-13,-1.882622,30.087076
CUST-001201,Kicukiro,Masaka,Rusheshe,Residential,Active,2022-07-04,-1.977305,30.098464
CUST-001202,Nyarugenge,Kigali,Rwesero,Residential,Active,2021-07-14,-1.963896,30.059922
CUST-001203,Gasabo,Gikomero,Murambi,Residential,Active,2024-01-28,-1.890369,30.138881
CUST-001204,Nyarugenge,Kimisagara,Kimisagara,Residential,Active,2025-09-07,-1.957169,30.043826
CUST-001205,Gasabo,Jabana,Kabuye,Residential,Active,2022-12-31,-1.896612,30.140881
CUST-001206,Kicukiro,Kigarama,Rwampara,Residential,Active,2020-04-18,-2.0038,30.076613
CUST-001207,Kicukiro,Gikondo,Kinunga,Residential,Active,2021-07-03,-1.963117,30.03194
CUST-001208,Gasabo,Jabana,Akamatamu,Residential,Active,2021-02-09,-1.886385,30.114524
CUST-001209,Nyarugenge,Gitega,Gacyamo,Residential,Active,2025-04-02,-1.952252,29.97457
CUST-001210,Kicukiro,Masaka,Ayabaraya,Non-Residential,Active,2021-10-05,-2.013881,30.11771
CUST-001211,Gasabo,Rutunga,Kacyatwa,Public Taps,Active,2025-06-18,-1.884753,30.135004
CUST-001212,Gasabo,Remera,Rukiri II,Residential,Active,2021-07-18,-1.891555,30.121047
CUST-001213,Kicukiro,Masaka,Gitaraga,Non-Residential,Active,2021-04-25,-1.950531,30.111102
CUST-001214,Gasabo,Kimironko,Kibagabaga,Residential,Active,2021-05-06,-1.912521,30.14077
CUST-001215,Gasabo,Kimihurura,Rugando,Residential,Active,2022-12-13,-1.878418,30.117009
CUST-001216,Gasabo,Remera,Rukiri II,Residential,Active,2024-02-07,-1.933805,30.077768
CUST-001217,Gasabo,Bumbogo,Ngara,Residential,Active,2023-06-14,-1.894615,30.1488
CUST-001218,Gasabo,Kimihurura,Rugando,Residential,Active,2024-08-07,-1.881328,30.144527
CUST-001219,Gasabo,Rusororo,Mbandazi,Industries,Suspended,2023-10-26,-1.934556,30.127912
CUST-001220,Nyarugenge,Kigali,Ruriba,Residential,Active,2020-03-14,-1.960785,30.051794
CUST-001221,Gasabo,Nduba,Gatunga,Residential,Active,2022-11-01,-1.84554,30.129461
CUST-001222,Gasabo,Kinyinya,Gasharu,Residential,Active,2025-12-06,-1.926126,30.105148
CUST-001223,Nyarugenge,Kigali,Ruriba,Residential,Active,2022-10-15,-1.998734,30.027354
CUST-001224,Nyarugenge,Mageragere,Nyarurenzi,Residential,Active,2025-09-08,-1.962141,30.067714
CUST-001225,Gasabo,Rusororo,Kabuga II,Residential,Active,2020-03-06,-1.891039,30.121307
CUST-001226,Gasabo,Jali,Nyakabungo,Residential,Active,2025-10-23,-1.852638,30.14805
CUST-001227,Gasabo,Ndera,Kibenga,Residential,Active,2024-06-25,-1.939076,30.125801
CUST-001228,Gasabo,Kinyinya,Kagugu,Public Taps,Active,2021-05-31,-1.834446,30.122363
CUST-001229,Kicukiro,Gahanga,Gahanga,Residential,Active,2021-11-06,-1.977912,30.161988
CUST-001230,Kicukiro,Kigarama,Kigarama,Residential,Suspended,2020-01-31,-1.974305,30.091264
CUST-001231,Nyarugenge,Nyamirambo,Cyivugiza,Residential,Active,2025-11-03,-2.018784,30.100107
CUST-001232,Kicukiro,Kicukiro,Kagina,Residential,Suspended,2021-04-20,-2.005628,30.158303
CUST-001233,Gasabo,Gatsata,Karuruma,Residential,Active,2022-03-11,-1.868918,30.164132
CUST-001234,Gasabo,Rusororo,Mbandazi,Residential,Active,2023-02-06,-1.811129,30.170849
CUST-001235,Nyarugenge,Nyamirambo,Mumena,Residential,Active,2024-03-16,-1.99279,30.015239
CUST-001236,Gasabo,Jabana,Akamatamu,Residential,Active,2023-09-13,-1.885707,30.128499
CUST-001237,Nyarugenge,Kigali,Mwendo,Residential,Active,2022-09-10,-1.980567,30.106555
CUST-001238,Kicukiro,Masaka,Gako,Residential,Active,2022-08-21,-1.982323,30.127148
CUST-001239,Gasabo,Rusororo,Kabuga II,Residential,Active,2024-06-29,-1.896889,30.131436
CUST-001240,Gasabo,Ndera,Rudashya,Residential,Active,2022-06-29,-1.903869,30.148911
CUST-001241,Kicukiro,Gahanga,Gahanga,Non-Residential,Active,2023-05-30,-2.027241,30.104024
CUST-001242,Nyarugenge,Muhima,Nyabugogo,Residential,Active,2021-11-20,-1.973272,30.032353
CUST-001243,Nyarugenge,Muhima,Rugenge,Residential,Active,2023-01-14,-1.946128,30.053751
CUST-001244,Kicukiro,Gikondo,Kanserege,Residential,Active,2023-01-11,-1.985273,30.121644
CUST-001245,Kicukiro,Gatenga,Nyarurama,Residential,Active,2021-12-28,-2.011943,30.124369
CUST-001246,Gasabo,Kimironko,Bibare,Residential,Active,2022-11-13,-1.894475,30.14376
CUST-001247,Kicukiro,Gahanga,Nunga,Public Taps,Active,2023-05-12,-1.963049,30.137155
CUST-001248,Gasabo,Remera,Nyarutarama,Residential,Active,2023-03-29,-1.884602,30.160588
CUST-001249,Nyarugenge,Nyamirambo,Gasharu,Residential,Active,2021-04-16,-1.929027,30.026813
CUST-001250,Gasabo,Jali,Muko,Residential,Active,2025-01-26,-1.912732,30.141472
CUST-001251,Kicukiro,Gikondo,Kanserege,Residential,Active,2023-07-09,-1.966882,30.162211
CUST-001252,Nyarugenge,Gitega,Gacyamo,Residential,Active,2020-10-22,-1.992635,30.071509
CUST-001253,Nyarugenge,Rwezamenyo,Kabuguru I,Residential,Active,2023-02-23,-1.927314,29.993413
CUST-001254,Nyarugenge,Muhima,Tetero,Residential,Active,2024-10-31,-1.974131,30.045618
CUST-001255,Nyarugenge,Rwezamenyo,Kabuguru II,Residential,Active,2023-01-27,-1.959773,30.083469
CUST-001256,Nyarugenge,Kimisagara,Kimisagara,Residential,Active,2024-12-21,-1.992821,30.103906
CUST-001257,Kicukiro,Gatenga,Karambo,Residential,Active,2020-06-10,-1.948892,30.088351
CUST-001258,Nyarugenge,Nyarugenge,Kiyovu,Residential,Active,2024-08-17,-1.946947,30.079463
CUST-001259,Kicukiro,Kicukiro,Kicukiro,Residential,Active,2025-12-21,-1.942013,30.087148
CUST-001260,Gasabo,Nduba,Gasura,Residential,Active,2021-07-07,-1.920266,30.108951
CUST-001261,Kicukiro,Gahanga,Kagasa,Residential,Active,2021-04-03,-1.996852,30.098561
CUST-001262,Nyarugenge,Nyakabanda,Nyakabanda I,Residential,Active,2020-10-14,-1.99671,30.059967
CUST-001263,Nyarugenge,Kimisagara,Kimisagara,Residential,Active,2020-01-08,-1.944633,30.07737
CUST-001264,Gasabo,Kacyiru,Kamatamu,Non-Residential,Active,2020-04-19,-1.808317,30.129633
CUST-001265,Gasabo,Rutunga,Kacyatwa,Residential,Active,2021-03-30,-1.916268,30.096515
CUST-001266,Nyarugenge,Mageragere,Runzenze,Residential,Disconnected,2024-05-18,-1.959466,30.038971
CUST-001267,Kicukiro,Gahanga,Murinja,Residential,Active,2025-07-25,-2.024791,30.115302
CUST-001268,Nyarugenge,Mageragere,Kankuba,Residential,Disconnected,2021-12-21,-1.997148,30.043634
CUST-001269,Gasabo,Jali,Buhiza,Residential,Active,2024-03-05,-1.842516,30.103496
CUST-001270,Kicukiro,Kigarama,Kigarama,Residential,Active,2021-01-04,-2.021317,30.054294
CUST-001271,Gasabo,Ndera,Rudashya,Residential,Active,2025-09-13,-1.899301,30.095963
CUST-001272,Gasabo,Bumbogo,Nkuzuzu,Non-Residential,Active,2023-04-30,-1.924234,30.108039
CUST-001273,Nyarugenge,Gitega,Kora,Residential,Active,2025-02-11,-1.992261,30.021806
CUST-001274,Nyarugenge,Nyamirambo,Mumena,Residential,Active,2024-03-21,-1.896574,30.115154
CUST-001275,Gasabo,Rusororo,Kinyana,Residential,Active,2020-02-21,-1.895063,30.114556
CUST-001276,Nyarugenge,Muhima,Amahoro,Residential,Disconnected,2023-09-03,-1.971365,30.022666
CUST-001277,Gasabo,Remera,Nyarutarama,Residential,Active,2021-03-18,-1.915796,30.116085
CUST-001278,Nyarugenge,Nyamirambo,Rugarama,Residential,Active,2024-05-03,-1.980409,30.082612
CUST-001279,Kicukiro,Niboye,Niboye,Residential,Active,2024-11-22,-1.993879,30.102989
CUST-001280,Kicukiro,Kanombe,Rubirizi,Residential,Active,2020-01-06,-2.00079,30.160293
CUST-001281,Kicukiro,Kanombe,Karama,Residential,Active,2021-08-07,-1.909428,30.136714
CUST-001282,Nyarugenge,Kigali,Nyabugogo,Residential,Active,2023-01-30,-1.947301,29.995272
CUST-001283,Nyarugenge,Mageragere,Mataba,Residential,Active,2024-10-06,-1.954861,30.103151
CUST-001284,Nyarugenge,Rwezamenyo,Kabuguru I,Industries,Active,2024-10-15,-2.032427,30.074464
CUST-001285,Nyarugenge,Kigali,Rwesero,Residential,Active,2021-01-01,-1.891614,30.054369
CUST-001286,Gasabo,Rutunga,Kibenga,Residential,Active,2023-09-16,-1.880354,30.208514
CUST-001287,Nyarugenge,Kigali,Rwesero,Residential,Active,2020-12-22,-1.924063,29.971405
CUST-001288,Gasabo,Nduba,Butare,Residential,Active,2024-03-24,-1.914435,30.166798
CUST-001289,Kicukiro,Kigarama,Kigarama,Residential,Active,2021-04-14,-2.034952,30.0686
CUST-001290,Gasabo,Nduba,Shango,Residential,Active,2025-01-09,-1.907171,30.105017
CUST-001291,Gasabo,Nduba,Sha,Non-Residential,Active,2021-11-16,-1.912312,30.120298
CUST-001292,Kicukiro,Gatenga,Nyarurama,Residential,Active,2023-03-10,-2.017619,30.002646
CUST-001293,Gasabo,Remera,Rukiri I,Residential,Disconnected,2023-09-30,-1.87682,30.158679
CUST-001294,Nyarugenge,Mageragere,Nyarufunzo,Residential,Active,2024-08-23,-1.973317,30.067131
CUST-001295,Nyarugenge,Mageragere,Kavumu,Residential,Active,2024-06-16,-1.924729,30.069837
CUST-001296,Nyarugenge,Kigali,Ruriba,Residential,Suspended,2022-03-25,-1.97015,30.103297
CUST-001297,Nyarugenge,Kigali,Nyabugogo,Residential,Active,2023-10-18,-1.931512,30.049504
CUST-001298,Kicukiro,Gatenga,Nyanza,Residential,Active,2020-12-29,-1.956697,30.116733
CUST-001299,Kicukiro,Masaka,Mbabe,Residential,Active,2020-12-11,-1.899421,30.156366
CUST-001300,Kicukiro,Kagarama,Kanserege,Residential,Active,2020-10-30,-1.966644,30.131141
CUST-001301,Gasabo,Kimihurura,Rugando,Residential,Active,2024-02-17,-1.941198,30.13323
CUST-001302,Kicukiro,Kanombe,Kabeza,Residential,Active,2021-03-07,-1.978596,30.116063
CUST-001303,Kicukiro,Masaka,Ayabaraya,Residential,Active,2024-05-07,-1.997105,30.10239
CUST-001304,Gasabo,Gatsata,Nyamugari,Residential,Active,2021-09-02,-1.871877,30.116015
CUST-001305,Gasabo,Jabana,Bweramvura,Residential,Suspended,2025-10-27,-1.890192,30.119895
CUST-001306,Gasabo,Rusororo,Mbandazi,Residential,Active,2024-08-09,-1.850648,30.17355
CUST-001307,Kicukiro,Masaka,Rusheshe,Residential,Suspended,2025-12-03,-1.912906,30.102248
CUST-001308,Gasabo,Nduba,Gatunga,Residential,Active,2022-01-02,-1.825447,30.106097
CUST-001309,Kicukiro,Kicukiro,Ngoma,Residential,Active,2025-02-11,-2.026849,30.100555
CUST-001310,Gasabo,Ndera,Rudashya,Residential,Suspended,2023-09-13,-1.871652,30.086291
CUST-001311,Gasabo,Rutunga,Kibenga,Residential,Active,2022-08-19,-1.892489,30.13578
CUST-001312,Kicukiro,Kagarama,Muyange,Residential,Active,2023-04-24,-1.997719,30.096952
CUST-001313,Nyarugenge,Kimisagara,Kamuhoza,Residential,Active,2022-08-06,-1.960924,30.094472
CUST-001314,Kicukiro,Kagarama,Kanserege,Residential,Active,2025-12-01,-1.955984,30.118913
CUST-001315,Nyarugenge,Mageragere,Kankuba,Residential,Suspended,2023-10-28,-2.019469,30.055474
CUST-001316,Nyarugenge,Gitega,Akabahizi,Residential,Active,2023-04-30,-1.92717,30.063718
CUST-001317,Nyarugenge,Gitega,Kigarama,Residential,Active,2023-02-27,-1.947303,30.029729
CUST-001318,Gasabo,Kacyiru,Kamatamu,Residential,Active,2022-07-30,-1.914343,30.117062
CUST-001319,Gasabo,Ndera,Kibenga,Residential,Active,2025-06-12,-1.834399,30.135861
CUST-001320,Kicukiro,Kagarama,Rukatsa,Residential,Active,2024-10-21,-1.926083,30.077949
CUST-001321,Kicukiro,Kagarama,Muyange,Residential,Active,2021-06-01,-2.034743,30.098357
CUST-001322,Gasabo,Kinyinya,Kagugu,Residential,Active,2023-06-15,-1.899708,30.168396
CUST-001323,Nyarugenge,Gitega,Akabeza,Residential,Active,2025-10-19,-1.916392,30.104563
CUST-001324,Nyarugenge,Nyakabanda,Nyakabanda II,Residential,Active,2024-11-27,-1.950654,30.080869
CUST-001325,Gasabo,Gikomero,Munini,Residential,Active,2022-05-11,-1.860343,30.113394
CUST-001326,Nyarugenge,Mageragere,Mataba,Residential,Active,2024-12-16,-1.959266,30.05831
CUST-001327,Kicukiro,Gatenga,Nyarurama,Residential,Active,2025-07-23,-1.997912,30.09543
CUST-001328,Kicukiro,Kicukiro,Gasharu,Residential,Active,2025-04-24,-1.996184,30.126361
CUST-001329,Gasabo,Bumbogo,Musave,Residential,Active,2021-05-10,-1.854904,30.157955
CUST-001330,Kicukiro,Kigarama,Karugira,Residential,Active,2020-06-09,-1.984862,30.13125
CUST-001331,Gasabo,Gikomero,Murambi,Residential,Disconnected,2025-10-22,-1.892593,30.127
CUST-001332,Kicukiro,Gahanga,Rwabutenge,Residential,Active,2021-09-29,-1.98248,30.142784
CUST-001333,Nyarugenge,Kanyinya,Nzove,Residential,Disconnected,2025-12-03,-1.97013,30.040435
CUST-001334,Gasabo,Jali,Nyakabungo,Residential,Active,2023-02-05,-1.908445,30.12807
CUST-001335,Gasabo,Rutunga,Indatemwa,Residential,Active,2025-11-24,-1.935817,30.151735
CUST-001336,Nyarugenge,Mageragere,Kankuba,Residential,Disconnected,2021-01-01,-1.983899,29.977489
CUST-001337,Kicukiro,Kicukiro,Kicukiro,Residential,Active,2023-01-19,-2.02225,30.076621
CUST-001338,Nyarugenge,Gitega,Kinyange,Residential,Active,2021-07-14,-1.98145,30.046303
CUST-001339,Gasabo,Gikomero,Murambi,Residential,Active,2024-02-11,-1.862135,30.130552
CUST-001340,Nyarugenge,Kanyinya,Nzove,Residential,Disconnected,2020-12-27,-1.966704,30.069271
CUST-001341,Nyarugenge,Kimisagara,Katabaro,Residential,Active,2020-02-12,-1.99299,30.05356
CUST-001342,Nyarugenge,Nyarugenge,Agatare,Residential,Active,2024-07-03,-1.97437,30.098511
CUST-001343,Nyarugenge,Muhima,Rugenge,Industries,Active,2024-09-15,-1.959263,30.071931
CUST-001344,Nyarugenge,Mageragere,Runzenze,Public Taps,Active,2022-09-23,-1.958738,30.08289
CUST-001345,Kicukiro,Gatenga,Karambo,Residential,Active,2025-12-14,-1.940316,30.10875
CUST-001346,Gasabo,Jali,Buhiza,Residential,Active,2025-04-23,-1.907531,30.12934
CUST-001347,Nyarugenge,Kigali,Kigali,Residential,Active,2021-04-18,-2.0081,30.003928
CUST-001348,Gasabo,Bumbogo,Mvuzo,Residential,Active,2020-03-04,-1.886458,30.146543
CUST-001349,Kicukiro,Kicukiro,Ngoma,Residential,Active,2025-10-07,-1.991753,30.122348
CUST-001350,Nyarugenge,Rwezamenyo,Kabuguru I,Residential,Active,2022-10-07,-1.9038,30.091301
CUST-001351,Nyarugenge,Mageragere,Mataba,Residential,Active,2020-01-24,-1.989793,30.038451
CUST-001352,Kicukiro,Niboye,Gatare,Residential,Active,2020-05-30,-1.980609,30.037004
CUST-001353,Nyarugenge,Gitega,Kigarama,Residential,Active,2023-02-16,-1.96926,30.050861
CUST-001354,Gasabo,Gatsata,Karuruma,Residential,Active,2023-02-15,-1.839191,30.124107
CUST-001355,Gasabo,Rusororo,Mbandazi,Residential,Active,2021-08-11,-1.890783,30.144746
CUST-001356,Gasabo,Bumbogo,Nyagasozi,Residential,Active,2021-09-23,-1.870201,30.145932
CUST-001357,Kicukiro,Masaka,Rusheshe,Public Taps,Active,2021-01-19,-2.012233,30.085052
CUST-001358,Gasabo,Kacyiru,Kamutwa,Residential,Active,2025-08-05,-1.864907,30.136459
CUST-001359,Nyarugenge,Muhima,Ubumwe,Non-Residential,Active,2024-08-27,-1.972363,30.022074
CUST-001360,Gasabo,Ndera,Cyaruzinge,Residential,Active,2022-11-16,-1.897266,30.161438
CUST-001361,Gasabo,Gikomero,Gicaca,Residential,Active,2020-11-29,-1.821432,30.183359
CUST-001362,Gasabo,Jabana,Bweramvura,Residential,Active,2025-04-04,-1.914673,30.159796
CUST-001363,Gasabo,Gikomero,Murambi,Residential,Active,2020-10-25,-1.88787,30.084007
CUST-001364,Kicukiro,Nyarugunga,Rwimbogo,Residential,Active,2021-06-03,-1.963575,30.110447
CUST-001365,Gasabo,Kimironko,Nyagatovu,Residential,Active,2021-04-30,-1.868416,30.099308
CUST-001366,Gasabo,Jali,Nyamitanga,Residential,Suspended,2022-05-10,-1.938973,30.12469
CUST-001367,Gasabo,Jabana,Kidashya,Residential,Active,2024-07-05,-1.872635,30.154754
CUST-001368,Gasabo,Gikomero,Murambi,Public Taps,Active,2021-10-02,-1.897003,30.112032
CUST-001369,Gasabo,Jabana,Akamatamu,Residential,Active,2022-12-23,-1.892387,30.093373
CUST-001370,Gasabo,Bumbogo,Musave,Non-Residential,Active,2023-05-26,-1.883689,30.140219
CUST-001371,Nyarugenge,Mageragere,Nyarufunzo,Residential,Active,2022-08-11,-1.977409,30.069609
CUST-001372,Nyarugenge,Nyakabanda,Nyakabanda I,Residential,Active,2020-08-29,-1.948446,30.067626
CUST-001373,Nyarugenge,Gitega,Akabeza,Residential,Active,2021-04-20,-1.944341,30.078027
CUST-001374,Kicukiro,Kicukiro,Kicukiro,Residential,Disconnected,2021-02-06,-1.993337,30.114764
CUST-001375,Gasabo,Rusororo,Gasagara,Residential,Active,2022-04-18,-1.862205,30.125706
CUST-001376,Gasabo,Bumbogo,Mvuzo,Residential,Active,2024-08-21,-1.847701,30.156011
CUST-001377,Nyarugenge,Muhima,Nyabugogo,Residential,Active,2021-05-24,-1.938329,30.015614
CUST-001378,Nyarugenge,Kigali,Rwesero,Residential,Active,2022-11-20,-2.007921,30.072811
CUST-001379,Gasabo,Kimironko,Kibagabaga,Residential,Active,2024-07-31,-1.837905,30.14834
CUST-001380,Gasabo,Jabana,Akamatamu,Residential,Active,2025-07-29,-1.892525,30.141463
CUST-001381,Nyarugenge,Kanyinya,Nyamweru,Residential,Active,2023-04-12,-1.924035,30.115777
CUST-001382,Gasabo,Kimihurura,Rugando,Residential,Active,2020-11-17,-1.867321,30.112328
CUST-001383,Kicukiro,Gahanga,Karembure,Public Taps,Active,2020-02-29,-1.9589,30.124447
CUST-001384,Gasabo,Ndera,Cyaruzinge,Residential,Active,2021-07-06,-1.866576,30.166161
CUST-001385,Kicukiro,Gahanga,Kagasa,Residential,Active,2023-12-26,-1.988172,30.066229
CUST-001386,Kicukiro,Kigarama,Karugira,Residential,Active,2024-12-06,-1.930497,30.100067
CUST-001387,Gasabo,Bumbogo,Kinyaga,Residential,Active,2020-11-07,-1.927474,30.104868
CUST-001388,Kicukiro,Niboye,Gatare,Non-Residential,Active,2025-11-28,-1.924416,30.096966
CUST-001389,Gasabo,Remera,Nyarutarama,Residential,Active,2022-04-06,-1.924599,30.174088
CUST-001390,Nyarugenge,Mageragere,Kankuba,Residential,Transferred,2025-02-02,-1.984977,30.071629
CUST-001391,Gasabo,Jali,Nyakabungo,Residential,Active,2025-08-29,-1.881973,30.174182
CUST-001392,Gasabo,Ndera,Cyaruzinge,Residential,Active,2024-09-06,-1.874248,30.197136
CUST-001393,Gasabo,Jali,Nyakabungo,Residential,Active,2025-12-01,-1.906569,30.018625
CUST-001394,Kicukiro,Kicukiro,Kicukiro,Residential,Active,2022-07-20,-2.002123,30.101755
CUST-001395,Gasabo,Remera,Nyarutarama,Residential,Active,2023-08-31,-1.890984,30.130089
CUST-001396,Gasabo,Kinyinya,Murama,Residential,Active,2020-06-12,-1.897519,30.165137
CUST-001397,Gasabo,Nduba,Sha,Residential,Active,2025-07-02,-1.948397,30.108847
CUST-001398,Gasabo,Jali,Muko,Residential,Disconnected,2023-07-04,-1.83679,30.131297
CUST-001399,Kicukiro,Nyarugunga,Rwimbogo,Residential,Transferred,2022-09-15,-1.97985,30.076622
CUST-001400,Gasabo,Ndera,Bwiza,Residential,Active,2020-09-29,-1.875142,30.13359
CUST-001401,Gasabo,Nduba,Gatunga,Residential,Active,2021-03-16,-1.847702,30.150584
CUST-001402,Gasabo,Jali,Nyamitanga,Residential,Active,2022-12-14,-1.908115,30.152391
CUST-001403,Kicukiro,Nyarugunga,Kamashashi,Residential,Active,2024-11-25,-1.984157,30.137799
CUST-001404,Gasabo,Rutunga,Kigabiro,Residential,Active,2020-04-22,-1.84431,30.084568
CUST-001405,Nyarugenge,Mageragere,Nyarufunzo,Residential,Active,2023-06-27,-1.971147,30.027761
CUST-001406,Kicukiro,Kanombe,Karama,Residential,Disconnected,2022-08-17,-1.989906,30.059458
CUST-001407,Gasabo,Rusororo,Mbandazi,Residential,Active,2024-10-04,-1.858527,30.104539
CUST-001408,Gasabo,Ndera,Masoro,Residential,Active,2020-03-14,-1.87327,30.098396
CUST-001409,Gasabo,Gikomero,Kibara,Residential,Active,2025-04-07,-1.9367,30.125863
CUST-001410,Gasabo,Rutunga,Kabaliza,Residential,Active,2023-02-01,-1.848702,30.165034
CUST-001411,Kicukiro,Niboye,Niboye,Residential,Active,2025-09-16,-1.985431,30.062639
CUST-001412,Nyarugenge,Mageragere,Nyarufunzo,Residential,Active,2021-02-16,-1.991114,30.069061
CUST-001413,Nyarugenge,Kanyinya,Nzove,Residential,Active,2023-07-24,-1.987112,30.055729
CUST-001414,Gasabo,Jali,Nkusi,Residential,Transferred,2022-07-11,-1.886664,30.122142
CUST-001415,Kicukiro,Kanombe,Rubirizi,Residential,Active,2023-03-11,-1.948111,30.067491
CUST-001416,Nyarugenge,Muhima,Nyabugogo,Residential,Active,2021-06-07,-1.975178,30.092251
CUST-001417,Gasabo,Kinyinya,Murama,Residential,Active,2024-06-20,-1.919717,30.17365
CUST-001418,Nyarugenge,Muhima,Kabeza,Residential,Active,2024-05-06,-1.961452,30.048167
CUST-001419,Nyarugenge,Muhima,Ubumwe,Residential,Active,2022-09-26,-1.918521,29.994627
CUST-001420,Kicukiro,Kanombe,Busanza,Residential,Active,2023-08-23,-2.00468,30.075254
CUST-001421,Gasabo,Kimironko,Nyagatovu,Residential,Active,2023-11-23,-1.894736,30.080048
CUST-001422,Gasabo,Rutunga,Kibenga,Residential,Active,2020-03-10,-1.856354,30.138215
CUST-001423,Nyarugenge,Rwezamenyo,Rwezamenyo II,Residential,Active,2024-04-02,-1.948735,30.083244
CUST-001424,Nyarugenge,Kimisagara,Kimisagara,Residential,Active,2022-06-15,-1.964743,30.055926
CUST-001425,Gasabo,Kimironko,Kibagabaga,Industries,Active,2025-06-03,-1.893324,30.172582
CUST-001426,Gasabo,Bumbogo,Nyagasozi,Residential,Active,2021-02-13,-1.927143,30.127715
CUST-001427,Gasabo,Rusororo,Kabuga I,Residential,Transferred,2024-08-15,-1.875842,30.122755
CUST-001428,Gasabo,Bumbogo,Nkuzuzu,Residential,Active,2023-08-28,-1.910973,30.110413
CUST-001429,Gasabo,Jali,Nyakabungo,Residential,Suspended,2021-12-17,-1.905293,30.12063
CUST-001430,Gasabo,Remera,Nyarutarama,Residential,Active,2020-12-07,-1.838851,30.157243
CUST-001431,Kicukiro,Niboye,Gatare,Residential,Disconnected,2025-08-29,-1.98087,30.095578
CUST-001432,Nyarugenge,Kimisagara,Kimisagara,Residential,Active,2022-08-19,-1.936569,30.023031
CUST-001433,Gasabo,Bumbogo,Nyagasozi,Residential,Active,2020-12-11,-1.820526,30.101677
CUST-001434,Nyarugenge,Nyamirambo,Cyivugiza,Residential,Disconnected,2023-03-01,-1.943275,30.036631
CUST-001435,Kicukiro,Masaka,Cyimo,Residential,Active,2020-03-10,-2.014792,30.069575
CUST-001436,Gasabo,Kacyiru,Kamutwa,Non-Residential,Suspended,2022-04-29,-1.86388,30.140229
CUST-001437,Gasabo,Bumbogo,Musave,Residential,Active,2021-02-18,-1.89599,30.084302
CUST-001438,Gasabo,Rusororo,Kinyana,Residential,Active,2024-11-15,-1.889248,30.116615
CUST-001439,Gasabo,Gikomero,Gasagara,Residential,Active,2021-09-20,-1.859811,30.134362
CUST-001440,Kicukiro,Gatenga,Nyanza,Residential,Disconnected,2020-04-12,-1.994509,30.148314
CUST-001441,Nyarugenge,Mageragere,Runzenze,Non-Residential,Active,2023-01-11,-1.930665,30.112463
CUST-001442,Nyarugenge,Muhima,Kabeza,Non-Residential,Active,2025-12-16,-2.038697,30.084987
CUST-001443,Nyarugenge,Mageragere,Ntungamo,Residential,Active,2024-07-04,-1.980727,30.06403
CUST-001444,Nyarugenge,Mageragere,Nyarurenzi,Residential,Active,2022-01-11,-1.933595,30.038758
CUST-001445,Kicukiro,Gahanga,Nunga,Residential,Active,2025-08-28,-2.019577,30.077209
CUST-001446,Kicukiro,Masaka,Gitaraga,Residential,Active,2024-04-29,-1.978563,30.138489
CUST-001447,Nyarugenge,Kanyinya,Nyamweru,Residential,Active,2021-07-31,-1.938916,30.070939
CUST-001448,Gasabo,Jali,Nyakabungo,Residential,Active,2020-01-02,-1.923795,30.111969
CUST-001449,Gasabo,Jali,Nyabuliba,Residential,Active,2023-10-08,-1.937317,30.11403
CUST-001450,Gasabo,Gatsata,Nyamabuye,Residential,Suspended,2025-04-21,-1.87754,30.147319
CUST-001451,Gasabo,Kinyinya,Gacuriro,Residential,Active,2021-02-07,-1.865795,30.218081
CUST-001452,Gasabo,Kacyiru,Kibaza,Public Taps,Active,2023-11-11,-1.918356,30.123112
CUST-001453,Nyarugenge,Rwezamenyo,Rwezamenyo II,Residential,Suspended,2022-06-04,-1.937897,30.061684
CUST-001454,Kicukiro,Masaka,Gitaraga,Residential,Suspended,2020-09-28,-1.917601,30.065266
CUST-001455,Kicukiro,Masaka,Ayabaraya,Residential,Active,2021-08-19,-1.951543,30.107667
CUST-001456,Gasabo,Jabana,Kidashya,Residential,Active,2025-01-31,-1.840261,30.11342
CUST-001457,Nyarugenge,Kanyinya,Nzove,Residential,Active,2023-01-23,-1.99753,30.061647
CUST-001458,Kicukiro,Gahanga,Gahanga,Residential,Active,2021-10-05,-1.944731,30.089252
CUST-001459,Nyarugenge,Rwezamenyo,Kabuguru II,Residential,Active,2023-10-10,-1.961606,30.008657
CUST-001460,Nyarugenge,Mageragere,Nyarufunzo,Residential,Active,2025-08-23,-1.963277,30.104737
CUST-001461,Nyarugenge,Kigali,Rwesero,Residential,Active,2025-10-15,-2.017521,30.069068
CUST-001462,Kicukiro,Nyarugunga,Rwimbogo,Residential,Active,2020-06-12,-1.969995,30.093844
CUST-001463,Gasabo,Gikomero,Murambi,Residential,Active,2023-12-01,-1.857318,30.148921
CUST-001464,Kicukiro,Kicukiro,Kagina,Residential,Active,2024-04-25,-2.04486,30.063553
CUST-001465,Kicukiro,Kanombe,Rubirizi,Residential,Active,2022-09-25,-1.956968,30.134588
CUST-001466,Nyarugenge,Nyamirambo,Rugarama,Residential,Active,2024-07-21,-1.944569,30.071359
CUST-001467,Gasabo,Ndera,Bwiza,Residential,Disconnected,2022-02-23,-1.853929,30.043208
CUST-001468,Nyarugenge,Kigali,Mwendo,Residential,Suspended,2024-02-17,-1.997981,30.052781
CUST-001469,Kicukiro,Gahanga,Kagasa,Residential,Active,2021-06-05,-1.989643,30.093935
CUST-001470,Nyarugenge,Muhima,Rugenge,Residential,Active,2021-03-03,-1.965759,30.04526
CUST-001471,Kicukiro,Kigarama,Rwampara,Residential,Active,2025-08-26,-1.981153,30.076906
CUST-001472,Gasabo,Ndera,Kibenga,Residential,Active,2024-06-20,-1.893421,30.144875
CUST-001473,Nyarugenge,Muhima,Nyabugogo,Residential,Active,2023-12-24,-1.967562,30.044437
CUST-001474,Kicukiro,Masaka,Mbabe,Residential,Active,2023-12-15,-1.971467,30.126756
CUST-001475,Kicukiro,Gatenga,Nyanza,Non-Residential,Active,2024-04-20,-2.017901,30.100485
CUST-001476,Kicukiro,Kanombe,Rubirizi,Non-Residential,Active,2023-12-08,-2.000017,30.114463
CUST-001477,Kicukiro,Gikondo,Kinunga,Residential,Active,2020-04-06,-1.980175,30.115078
CUST-001478,Nyarugenge,Nyamirambo,Mumena,Residential,Active,2025-12-02,-1.950833,30.035754
CUST-001479,Kicukiro,Kanombe,Karama,Residential,Active,2023-05-31,-1.975171,30.054088
CUST-001480,Kicukiro,Gikondo,Kanserege,Residential,Active,2024-02-21,-2.003371,30.079717
CUST-001481,Nyarugenge,Muhima,Amahoro,Residential,Active,2021-12-09,-1.999724,30.127093
CUST-001482,Gasabo,Nduba,Gasura,Residential,Active,2021-05-14,-1.94101,30.148222
CUST-001483,Kicukiro,Masaka,Cyimo,Residential,Suspended,2020-03-23,-2.003488,30.085303
CUST-001484,Gasabo,Bumbogo,Nyabikenke,Residential,Active,2023-05-31,-1.839737,30.13117
CUST-001485,Kicukiro,Gahanga,Gahanga,Residential,Active,2025-07-30,-2.027416,30.128773
CUST-001486,Nyarugenge,Gitega,Kigarama,Residential,Active,2024-05-04,-1.955228,30.025214
CUST-001487,Kicukiro,Kagarama,Rukatsa,Residential,Active,2024-07-14,-2.012424,30.114292
CUST-001488,Kicukiro,Gatenga,Gatenga,Residential,Active,2020-05-10,-2.046465,30.09359
CUST-001489,Gasabo,Jali,Nyabuliba,Residential,Active,2025-02-22,-1.929506,30.123091
CUST-001490,Gasabo,Nduba,Sha,Residential,Active,2023-10-20,-1.877234,30.133617
CUST-001491,Nyarugenge,Kigali,Ruriba,Residential,Active,2022-03-02,-1.958862,30.025401
CUST-001492,Gasabo,Jabana,Kabuye,Residential,Suspended,2021-01-30,-1.89855,30.156688
CUST-001493,Kicukiro,Kigarama,Nyarurama,Residential,Active,2020-12-24,-1.987198,30.078468
CUST-001494,Gasabo,Rusororo,Mbandazi,Residential,Active,2022-06-06,-1.844791,30.12232
CUST-001495,Kicukiro,Kigarama,Kigarama,Residential,Active,2024-01-28,-1.990488,30.075111
CUST-001496,Gasabo,Nduba,Butare,Residential,Active,2025-08-11,-1.869241,30.142777
CUST-001497,Kicukiro,Nyarugunga,Nonko,Residential,Active,2020-03-25,-1.994956,30.148162
CUST-001498,Kicukiro,Kicukiro,Kagina,Residential,Active,2024-05-25,-1.940845,30.084229
CUST-001499,Gasabo,Gisozi,Ruhango,Residential,Active,2023-01-08,-1.861261,30.118478
CUST-001500,Nyarugenge,Muhima,Tetero,Residential,Active,2024-12-24,-1.964741,30.043597
CUST-001501,Nyarugenge,Rwezamenyo,Kabuguru II,Residential,Active,2022-06-20,-1.910884,30.034563
CUST-001502,Nyarugenge,Nyamirambo,Rugarama,Residential,Active,2020-10-19,-1.937789,30.080128
CUST-001503,Nyarugenge,Kigali,Ruriba,Residential,Active,2021-10-31,-1.94444,30.035318
CUST-001504,Nyarugenge,Kigali,Mwendo,Residential,Active,2020-07-29,-1.931872,30.077396
CUST-001505,Nyarugenge,Gitega,Kigarama,Residential,Active,2021-12-27,-1.958099,30.063645
CUST-001506,Kicukiro,Kicukiro,Kicukiro,Residential,Active,2020-07-29,-1.9549,30.094476
CUST-001507,Gasabo,Rusororo,Gasagara,Residential,Active,2025-06-21,-1.846687,30.139024
CUST-001508,Gasabo,Rusororo,Kabuga I,Residential,Active,2024-12-03,-1.857743,30.159671
CUST-001509,Nyarugenge,Nyakabanda,Nyakabanda II,Residential,Active,2022-11-30,-1.950312,30.045407
CUST-001510,Gasabo,Gikomero,Gicaca,Residential,Active,2022-04-08,-1.874997,30.083143
CUST-001511,Gasabo,Nduba,Gasura,Residential,Active,2022-11-27,-1.906967,30.133505
CUST-001512,Gasabo,Jali,Nyamitanga,Residential,Active,2020-06-24,-1.874961,30.124583
CUST-001513,Gasabo,Kacyiru,Kamatamu,Residential,Active,2022-10-29,-1.853172,30.144038
CUST-001514,Kicukiro,Masaka,Rusheshe,Residential,Active,2025-10-17,-2.028785,30.124745
CUST-001515,Gasabo,Ndera,Cyaruzinge,Residential,Active,2020-01-10,-1.876482,30.167828
CUST-001516,Gasabo,Gisozi,Musezero,Residential,Suspended,2025-09-29,-1.841864,30.169782
CUST-001517,Nyarugenge,Rwezamenyo,Rwezamenyo II,Residential,Active,2023-12-25,-1.947763,30.091463
CUST-001518,Kicukiro,Niboye,Gatare,Public Taps,Active,2020-09-21,-2.011071,30.143507
CUST-001519,Gasabo,Ndera,Cyaruzinge,Residential,Active,2022-04-07,-1.838352,30.173159
CUST-001520,Gasabo,Kinyinya,Gasharu,Residential,Disconnected,2023-10-04,-1.887616,30.158023
CUST-001521,Nyarugenge,Kanyinya,Nzove,Residential,Active,2021-10-22,-1.933866,30.039116
CUST-001522,Nyarugenge,Nyamirambo,Cyivugiza,Residential,Active,2024-01-24,-2.029635,30.06662
CUST-001523,Gasabo,Bumbogo,Mvuzo,Residential,Active,2023-11-25,-1.787969,30.079171
CUST-001524,Nyarugenge,Kigali,Nyabugogo,Residential,Active,2021-05-02,-2.014306,30.028378
CUST-001525,Gasabo,Gikomero,Kibara,Residential,Transferred,2021-11-06,-1.888743,30.117378
CUST-001526,Kicukiro,Kicukiro,Kagina,Residential,Disconnected,2020-06-22,-1.985205,30.115954
CUST-001527,Kicukiro,Kanombe,Karama,Residential,Suspended,2023-11-29,-1.999246,30.105153
CUST-001528,Gasabo,Bumbogo,Nyagasozi,Residential,Active,2020-03-14,-1.836086,30.134838
CUST-001529,Gasabo,Jabana,Kidashya,Non-Residential,Active,2024-09-20,-1.946879,30.116917
CUST-001530,Kicukiro,Kicukiro,Kicukiro,Residential,Active,2022-10-06,-1.983278,30.103715
CUST-001531,Kicukiro,Kanombe,Rubirizi,Residential,Active,2021-10-14,-1.945886,30.120647
CUST-001532,Gasabo,Kacyiru,Kibaza,Residential,Active,2022-06-22,-1.938245,30.121716
CUST-001533,Nyarugenge,Kimisagara,Kamuhoza,Residential,Active,2022-04-15,-1.966001,30.076272
CUST-001534,Gasabo,Ndera,Mukuyu,Residential,Active,2020-08-05,-1.941477,30.181689
CUST-001535,Gasabo,Jabana,Akamatamu,Residential,Active,2025-05-19,-1.869327,30.119545
CUST-001536,Nyarugenge,Kigali,Rwesero,Residential,Active,2020-02-19,-2.008138,30.036406
CUST-001537,Nyarugenge,Nyarugenge,Rwampara,Residential,Active,2022-12-25,-1.964951,30.050518
CUST-001538,Gasabo,Jabana,Kabuye,Residential,Active,2024-06-09,-1.881783,30.109401
CUST-001539,Nyarugenge,Kimisagara,Katabaro,Residential,Active,2025-06-15,-1.948749,30.025803
CUST-001540,Nyarugenge,Gitega,Akabahizi,Residential,Disconnected,2022-12-24,-1.904385,30.023818
CUST-001541,Nyarugenge,Kimisagara,Katabaro,Non-Residential,Active,2020-04-26,-1.998742,30.102208
CUST-001542,Gasabo,Nduba,Muremure,Residential,Active,2022-11-11,-1.88385,30.180053
CUST-001543,Kicukiro,Kagarama,Muyange,Residential,Active,2023-11-10,-1.955343,30.045856
CUST-001544,Kicukiro,Masaka,Gitaraga,Residential,Active,2023-01-05,-1.959739,30.10617
CUST-001545,Gasabo,Kinyinya,Murama,Residential,Active,2021-06-25,-1.885611,30.080797
CUST-001546,Gasabo,Bumbogo,Mvuzo,Residential,Active,2020-05-01,-1.879548,30.158234
CUST-001547,Nyarugenge,Nyakabanda,Nyakabanda II,Residential,Active,2025-11-07,-1.912646,30.024454
CUST-001548,Nyarugenge,Gitega,Kigarama,Residential,Active,2024-07-06,-1.953351,30.049648
CUST-001549,Gasabo,Kimihurura,Kimihurura,Residential,Disconnected,2025-04-19,-1.936975,30.120916
CUST-001550,Gasabo,Gatsata,Nyamugari,Residential,Disconnected,2025-09-30,-1.883708,30.165342
CUST-001551,Gasabo,Jali,Nkusi,Residential,Suspended,2020-01-19,-1.877212,30.103096
CUST-001552,Kicukiro,Kicukiro,Kicukiro,Residential,Disconnected,2024-09-06,-2.023441,30.098572
CUST-001553,Gasabo,Remera,Nyarutarama,Residential,Suspended,2020-02-02,-1.911058,30.120824
CUST-001554,Nyarugenge,Mageragere,Kankuba,Residential,Active,2023-01-29,-1.981872,30.088114
CUST-001555,Kicukiro,Masaka,Gako,Residential,Active,2024-11-11,-2.012965,30.055221
CUST-001556,Gasabo,Ndera,Bwiza,Residential,Active,2022-03-28,-1.86209,30.162312
CUST-001557,Gasabo,Gisozi,Ruhango,Residential,Active,2020-02-09,-1.92518,30.110284
CUST-001558,Gasabo,Gikomero,Kibara,Residential,Active,2024-06-02,-1.890092,30.033946
CUST-001559,Gasabo,Gikomero,Munini,Residential,Active,2025-09-10,-1.9169,30.157799
CUST-001560,Kicukiro,Gahanga,Karembure,Residential,Transferred,2022-04-05,-1.976725,30.133498
CUST-001561,Nyarugenge,Mageragere,Nyarufunzo,Residential,Active,2020-11-10,-1.925984,30.065924
CUST-001562,Nyarugenge,Kimisagara,Kimisagara,Residential,Active,2022-12-08,-1.962968,30.038382
CUST-001563,Gasabo,Remera,Nyarutarama,Residential,Active,2022-10-07,-1.861241,30.171947
CUST-001564,Nyarugenge,Kimisagara,Katabaro,Residential,Active,2021-11-22,-1.976447,30.106905
CUST-001565,Gasabo,Kacyiru,Kibaza,Residential,Active,2025-12-16,-1.869936,30.148578
CUST-001566,Gasabo,Bumbogo,Ngara,Residential,Active,2024-01-22,-1.864084,30.151173
CUST-001567,Kicukiro,Kanombe,Kabeza,Residential,Active,2020-03-11,-1.975254,30.12852
CUST-001568,Gasabo,Jali,Buhiza,Industries,Active,2022-02-11,-1.887141,30.067612
CUST-001569,Kicukiro,Kigarama,Rwampara,Residential,Suspended,2021-01-16,-1.954338,30.028809
CUST-001570,Gasabo,Kimihurura,Kamukina,Residential,Suspended,2024-03-14,-1.81964,30.089571
CUST-001571,Gasabo,Rusororo,Mbandazi,Residential,Active,2025-05-06,-1.907211,30.144575
CUST-001572,Kicukiro,Niboye,Niboye,Residential,Active,2022-08-29,-2.005993,30.070336
CUST-001573,Gasabo,Rutunga,Kibenga,Residential,Active,2020-01-05,-1.919088,30.144556
CUST-001574,Gasabo,Nduba,Butare,Residential,Active,2024-07-24,-1.91335,30.154896
CUST-001575,Kicukiro,Gikondo,Kinunga,Residential,Suspended,2021-10-15,-1.965117,30.027886
CUST-001576,Gasabo,Kimironko,Bibare,Residential,Active,2024-07-11,-1.921262,30.151638
CUST-001577,Kicukiro,Masaka,Rusheshe,Residential,Active,2020-05-17,-1.990488,30.092102
CUST-001578,Gasabo,Gatsata,Karuruma,Residential,Active,2025-11-30,-1.879913,30.154549
CUST-001579,Nyarugenge,Mageragere,Nyarufunzo,Residential,Active,2025-05-15,-1.931026,30.058986
CUST-001580,Gasabo,Bumbogo,Musave,Industries,Active,2021-08-09,-1.884396,30.143659
CUST-001581,Gasabo,Gikomero,Gasagara,Residential,Suspended,2020-11-11,-1.875607,30.141356
CUST-001582,Kicukiro,Nyarugunga,Nonko,Residential,Active,2020-04-25,-1.99095,30.082728
CUST-001583,Kicukiro,Kigarama,Karugira,Residential,Active,2020-06-19,-2.016135,30.11465
CUST-001584,Nyarugenge,Rwezamenyo,Kabuguru II,Residential,Suspended,2021-05-08,-1.929764,30.143997
CUST-001585,Kicukiro,Kigarama,Bwerankori,Public Taps,Active,2022-01-31,-1.981055,30.094734
CUST-001586,Nyarugenge,Kigali,Rwesero,Residential,Active,2025-10-10,-1.980161,30.031711
CUST-001587,Gasabo,Gatsata,Nyamugari,Residential,Suspended,2023-05-11,-1.859434,30.107093
CUST-001588,Kicukiro,Gahanga,Kagasa,Residential,Active,2024-07-21,-1.925087,30.076747
CUST-001589,Nyarugenge,Nyamirambo,Mumena,Residential,Active,2023-04-01,-1.923412,30.084543
CUST-001590,Nyarugenge,Kigali,Rwesero,Non-Residential,Active,2021-04-21,-1.987519,30.025811
CUST-001591,Kicukiro,Kicukiro,Ngoma,Residential,Active,2022-12-10,-1.98978,30.093933
CUST-001592,Nyarugenge,Nyarugenge,Kiyovu,Residential,Active,2025-06-10,-1.919555,30.068564
CUST-001593,Gasabo,Remera,Nyabisindu,Residential,Active,2021-01-29,-1.883916,30.141753
CUST-001594,Nyarugenge,Nyamirambo,Gasharu,Residential,Active,2022-09-22,-1.952462,30.043171
CUST-001595,Kicukiro,Kigarama,Nyarurama,Public Taps,Active,2025-11-13,-1.95064,30.107607
CUST-001596,Nyarugenge,Nyarugenge,Kiyovu,Non-Residential,Active,2023-10-29,-2.023073,30.081059
CUST-001597,Gasabo,Kinyinya,Gacuriro,Residential,Active,2024-02-04,-1.874835,30.132288
CUST-001598,Nyarugenge,Nyakabanda,Munanira II,Residential,Active,2024-03-27,-1.9787,30.056986
CUST-001599,Nyarugenge,Muhima,Rugenge,Residential,Active,2022-09-25,-1.962228,30.062003
CUST-001600,Kicukiro,Gahanga,Nunga,Residential,Active,2023-08-23,-2.001336,30.099524
CUST-001601,Gasabo,Bumbogo,Ngara,Residential,Disconnected,2020-03-18,-1.883349,30.110319
CUST-001602,Nyarugenge,Mageragere,Runzenze,Residential,Active,2023-05-05,-1.951903,30.032095
CUST-001603,Nyarugenge,Mageragere,Mataba,Residential,Active,2020-08-12,-1.970794,30.060371
CUST-001604,Gasabo,Jabana,Kabuye,Residential,Active,2025-12-07,-1.896568,30.095539
CUST-001605,Nyarugenge,Nyamirambo,Rugarama,Residential,Suspended,2021-07-17,-1.994946,30.06393
CUST-001606,Gasabo,Kacyiru,Kamatamu,Non-Residential,Active,2022-07-23,-1.896578,30.11575
CUST-001607,Nyarugenge,Gitega,Kora,Residential,Active,2021-10-17,-1.991796,30.098536
CUST-001608,Gasabo,Rusororo,Kabuga II,Residential,Active,2022-08-28,-1.880391,30.152533
CUST-001609,Nyarugenge,Muhima,Kabeza,Residential,Active,2020-08-25,-1.962375,30.068215
CUST-001610,Nyarugenge,Muhima,Ubumwe,Residential,Active,2021-05-19,-1.914068,30.025444
CUST-001611,Kicukiro,Niboye,Gatare,Residential,Suspended,2021-07-27,-2.036117,30.123208
CUST-001612,Gasabo,Ndera,Rudashya,Residential,Active,2022-05-16,-1.899576,30.142886
CUST-001613,Nyarugenge,Gitega,Kigarama,Residential,Active,2020-11-20,-1.931571,30.080658
CUST-001614,Gasabo,Gikomero,Gicaca,Residential,Active,2022-02-04,-1.886723,30.144487
CUST-001615,Gasabo,Nduba,Sha,Non-Residential,Active,2022-06-01,-1.895095,30.146362
CUST-001616,Nyarugenge,Nyamirambo,Mumena,Residential,Active,2023-09-06,-1.973224,30.020089
CUST-001617,Gasabo,Jali,Nyabuliba,Residential,Active,2024-02-26,-1.863851,30.178111
CUST-001618,Nyarugenge,Kanyinya,Nzove,Residential,Active,2021-08-02,-1.950658,30.087141
CUST-001619,Gasabo,Gikomero,Gicaca,Residential,Active,2024-08-03,-1.877561,30.173655
CUST-001620,Kicukiro,Niboye,Gatare,Residential,Active,2023-08-09,-2.005625,30.115612
CUST-001621,Gasabo,Rusororo,Kabuga I,Residential,Active,2022-04-09,-1.861369,30.142156
CUST-001622,Nyarugenge,Nyarugenge,Rwampara,Residential,Active,2025-07-14,-1.959452,30.024942
CUST-001623,Gasabo,Gikomero,Munini,Residential,Active,2020-09-22,-1.917338,30.118603
CUST-001624,Gasabo,Gisozi,Musezero,Residential,Active,2025-10-23,-1.884202,30.160652
CUST-001625,Gasabo,Jabana,Kabuye,Residential,Active,2024-10-16,-1.916155,30.108269
CUST-001626,Nyarugenge,Gitega,Kora,Residential,Active,2021-11-17,-1.929317,30.034796
CUST-001627,Nyarugenge,Mageragere,Mataba,Residential,Active,2021-09-02,-1.932822,30.045127
CUST-001628,Gasabo,Rutunga,Kacyatwa,Residential,Active,2022-09-22,-1.88258,30.081064
CUST-001629,Nyarugenge,Muhima,Ubumwe,Residential,Active,2021-03-15,-1.950118,30.06563
CUST-001630,Gasabo,Jabana,Ngiryi,Residential,Active,2021-02-03,-1.925108,30.113983
CUST-001631,Kicukiro,Nyarugunga,Kamashashi,Residential,Active,2024-09-30,-2.021967,30.141388
CUST-001632,Kicukiro,Gikondo,Kagunga,Residential,Active,2021-08-09,-1.965858,30.086086
CUST-001633,Nyarugenge,Kanyinya,Taba,Residential,Active,2025-11-22,-1.911056,30.060374
CUST-001634,Gasabo,Kimihurura,Kamukina,Residential,Active,2023-03-29,-1.841678,30.075399
CUST-001635,Gasabo,Kacyiru,Kamatamu,Residential,Active,2025-10-31,-1.901558,30.136788
CUST-001636,Nyarugenge,Kigali,Kigali,Public Taps,Suspended,2022-12-09,-1.967831,30.104343
CUST-001637,Kicukiro,Gahanga,Rwabutenge,Residential,Active,2020-01-24,-1.970296,30.087816
CUST-001638,Kicukiro,Kigarama,Bwerankori,Residential,Active,2023-06-09,-2.010191,30.070715
CUST-001639,Gasabo,Rutunga,Gasabo,Residential,Active,2021-06-16,-1.885852,30.177011
CUST-001640,Gasabo,Ndera,Mukuyu,Residential,Suspended,2024-05-31,-1.875429,30.116371
CUST-001641,Kicukiro,Gikondo,Kinunga,Residential,Active,2022-04-18,-1.966697,30.120743
CUST-001642,Nyarugenge,Nyakabanda,Nyakabanda I,Residential,Active,2021-02-26,-2.014823,30.015487
CUST-001643,Gasabo,Bumbogo,Nkuzuzu,Residential,Active,2025-09-15,-1.86806,30.139126
CUST-001644,Gasabo,Nduba,Shango,Residential,Active,2022-05-08,-1.874999,30.183381
CUST-001645,Gasabo,Kimironko,Bibare,Residential,Active,2021-07-21,-1.863058,30.089075
CUST-001646,Nyarugenge,Muhima,Nyabugogo,Residential,Active,2024-04-05,-1.922743,30.034052
CUST-001647,Kicukiro,Masaka,Rusheshe,Residential,Active,2021-02-02,-1.99136,30.079841
CUST-001648,Kicukiro,Kagarama,Kanserege,Residential,Active,2020-11-14,-1.988264,30.142427
CUST-001649,Kicukiro,Gikondo,Kanserege,Residential,Active,2022-05-30,-2.026477,30.057042
CUST-001650,Gasabo,Rutunga,Kacyatwa,Residential,Active,2024-05-28,-1.885934,30.124178
CUST-001651,Kicukiro,Kicukiro,Ngoma,Residential,Suspended,2022-10-12,-1.963323,30.057111
CUST-001652,Gasabo,Jabana,Bweramvura,Residential,Active,2020-11-08,-1.864605,30.158255
CUST-001653,Kicukiro,Kagarama,Kanserege,Residential,Active,2021-11-10,-1.965826,30.092927
CUST-001654,Gasabo,Rutunga,Indatemwa,Residential,Suspended,2022-10-06,-1.892762,30.163708
CUST-001655,Gasabo,Remera,Rukiri I,Residential,Active,2025-12-21,-1.815058,30.161428
CUST-001656,Gasabo,Remera,Rukiri I,Residential,Active,2025-07-16,-1.858849,30.14207
CUST-001657,Gasabo,Jabana,Kidashya,Residential,Active,2024-07-18,-1.923114,30.190038
CUST-001658,Nyarugenge,Nyarugenge,Biryogo,Residential,Active,2022-02-09,-2.012653,30.03376
CUST-001659,Gasabo,Bumbogo,Kinyaga,Industries,Active,2020-11-27,-1.845475,30.185022
CUST-001660,Gasabo,Bumbogo,Ngara,Residential,Active,2021-08-12,-1.902378,30.133658
CUST-001661,Kicukiro,Gahanga,Karembure,Residential,Suspended,2025-06-07,-1.954585,30.100701
CUST-001662,Gasabo,Remera,Rukiri II,Residential,Active,2020-12-17,-1.919205,30.145276
CUST-001663,Nyarugenge,Muhima,Ubumwe,Residential,Active,2023-03-07,-1.944717,30.059017
CUST-001664,Kicukiro,Gatenga,Gatenga,Residential,Active,2020-04-28,-1.971615,30.115198
CUST-001665,Nyarugenge,Gitega,Gacyamo,Residential,Active,2025-06-28,-2.031241,30.030516
CUST-001666,Gasabo,Rutunga,Indatemwa,Non-Residential,Active,2021-06-15,-1.860767,30.177976
CUST-001667,Gasabo,Nduba,Butare,Residential,Active,2025-05-06,-1.880395,30.11998
CUST-001668,Gasabo,Kacyiru,Kamatamu,Residential,Active,2020-08-31,-1.913077,30.122213
CUST-001669,Kicukiro,Kigarama,Bwerankori,Non-Residential,Active,2020-09-04,-1.991012,30.092358
CUST-001670,Kicukiro,Kigarama,Rwampara,Residential,Active,2023-07-16,-2.00158,30.117925
CUST-001671,Nyarugenge,Gitega,Gacyamo,Residential,Active,2025-11-20,-1.958672,30.005865
CUST-001672,Kicukiro,Gahanga,Rwabutenge,Residential,Active,2025-10-22,-2.057443,30.082151
CUST-001673,Gasabo,Kacyiru,Kamatamu,Residential,Active,2020-01-05,-1.859885,30.169129
CUST-001674,Nyarugenge,Gitega,Akabahizi,Residential,Active,2022-03-15,-2.051408,30.03928
CUST-001675,Gasabo,Ndera,Rudashya,Public Taps,Active,2022-01-16,-1.939273,30.121129
CUST-001676,Gasabo,Nduba,Gasura,Public Taps,Suspended,2023-09-09,-1.876592,30.130219
CUST-001677,Nyarugenge,Kigali,Mwendo,Residential,Active,2025-07-21,-2.001199,30.119055
CUST-001678,Kicukiro,Kigarama,Nyarurama,Residential,Active,2021-10-29,-1.997016,30.126426
CUST-001679,Gasabo,Rutunga,Indatemwa,Residential,Active,2020-04-30,-1.870897,30.08108
CUST-001680,Gasabo,Jabana,Kabuye,Residential,Active,2025-03-21,-1.852736,30.115884
CUST-001681,Nyarugenge,Gitega,Gacyamo,Residential,Suspended,2022-04-21,-1.965136,30.023051
CUST-001682,Gasabo,Gisozi,Musezero,Residential,Active,2021-03-11,-1.840283,30.135055
CUST-001683,Gasabo,Ndera,Kibenga,Residential,Active,2021-05-11,-1.866444,30.18872
CUST-001684,Nyarugenge,Kigali,Mwendo,Residential,Active,2023-02-03,-1.983262,30.080127
CUST-001685,Gasabo,Nduba,Gasanze,Residential,Active,2021-07-05,-1.835912,30.071196
CUST-001686,Nyarugenge,Kigali,Kigali,Residential,Active,2022-02-13,-1.971577,30.013641
CUST-001687,Gasabo,Jali,Muko,Residential,Active,2025-06-13,-1.882856,30.083083
CUST-001688,Nyarugenge,Nyamirambo,Mumena,Residential,Active,2021-04-09,-1.997915,30.0656
CUST-001689,Gasabo,Rutunga,Kigabiro,Non-Residential,Disconnected,2020-02-28,-1.906686,30.158356
CUST-001690,Kicukiro,Kigarama,Nyarurama,Residential,Active,2020-08-07,-1.948209,30.066706
CUST-001691,Nyarugenge,Muhima,Tetero,Residential,Active,2024-04-13,-1.97342,30.032356
CUST-001692,Gasabo,Kacyiru,Kamutwa,Non-Residential,Active,2024-08-05,-1.873585,30.155259
CUST-001693,Gasabo,Bumbogo,Nkuzuzu,Residential,Active,2022-10-16,-1.858414,30.163927
CUST-001694,Gasabo,Kimironko,Nyagatovu,Residential,Active,2020-12-03,-1.894985,30.144921
CUST-001695,Nyarugenge,Nyarugenge,Rwampara,Residential,Disconnected,2022-07-10,-1.996242,30.084357
CUST-001696,Kicukiro,Kanombe,Kabeza,Residential,Active,2020-10-09,-2.006929,30.098824
CUST-001697,Nyarugenge,Rwezamenyo,Rwezamenyo I,Residential,Active,2020-04-12,-1.965255,30.023969
CUST-001698,Nyarugenge,Mageragere,Kankuba,Residential,Active,2020-02-01,-1.972287,30.072836
CUST-001699,Nyarugenge,Mageragere,Ntungamo,Residential,Active,2023-10-21,-1.94667,30.056075
CUST-001700,Gasabo,Rusororo,Kabuga II,Residential,Active,2022-03-26,-1.893124,30.18513
CUST-001701,Kicukiro,Masaka,Ayabaraya,Residential,Active,2023-01-09,-2.03534,30.135723
CUST-001702,Gasabo,Rusororo,Kabuga I,Residential,Active,2021-12-05,-1.930368,30.150752
CUST-001703,Kicukiro,Nyarugunga,Nonko,Residential,Active,2021-08-25,-1.978513,30.121792
CUST-001704,Gasabo,Kinyinya,Murama,Non-Residential,Disconnected,2024-03-30,-1.912955,30.142491
CUST-001705,Nyarugenge,Gitega,Kinyange,Residential,Active,2025-07-22,-1.943378,30.011746
CUST-001706,Gasabo,Ndera,Cyaruzinge,Residential,Active,2021-11-06,-1.859812,30.118735
CUST-001707,Nyarugenge,Kigali,Ruriba,Residential,Active,2025-01-08,-1.95199,30.042861
CUST-001708,Gasabo,Gikomero,Murambi,Residential,Active,2025-10-18,-1.936688,30.12756
CUST-001709,Nyarugenge,Kimisagara,Kamuhoza,Public Taps,Active,2023-04-06,-1.947703,30.058596
CUST-001710,Gasabo,Kinyinya,Kagugu,Public Taps,Active,2024-09-10,-1.87594,30.137797
CUST-001711,Gasabo,Rusororo,Kabuga II,Residential,Active,2022-05-10,-1.848424,30.189115
CUST-001712,Kicukiro,Kagarama,Muyange,Residential,Active,2021-12-13,-1.998908,30.105841
CUST-001713,Nyarugenge,Nyarugenge,Biryogo,Residential,Active,2020-03-18,-1.934892,30.091554
CUST-001714,Gasabo,Jali,Nyakabungo,Residential,Active,2022-07-20,-1.909442,30.145421
CUST-001715,Gasabo,Rusororo,Kabuga I,Residential,Active,2022-06-29,-1.891648,30.167257
CUST-001716,Gasabo,Remera,Nyabisindu,Residential,Active,2025-04-19,-1.839682,30.135978
CUST-001717,Gasabo,Jali,Buhiza,Residential,Active,2020-07-21,-1.839063,30.10762
CUST-001718,Kicukiro,Gikondo,Kagunga,Residential,Active,2020-12-20,-2.000081,30.08095
CUST-001719,Gasabo,Kinyinya,Murama,Residential,Active,2024-06-16,-1.918436,30.152727
CUST-001720,Kicukiro,Gatenga,Nyanza,Residential,Active,2023-10-11,-1.983712,30.060802
CUST-001721,Gasabo,Jali,Agateko,Residential,Active,2020-04-18,-1.868324,30.13355
CUST-001722,Nyarugenge,Muhima,Nyabugogo,Residential,Disconnected,2024-07-30,-2.010085,30.084346
CUST-001723,Gasabo,Nduba,Muremure,Residential,Active,2020-03-15,-1.888832,30.130719
CUST-001724,Nyarugenge,Gitega,Akabahizi,Residential,Active,2025-04-06,-1.961535,30.038423
CUST-001725,Gasabo,Ndera,Masoro,Residential,Active,2020-03-25,-1.844631,30.141802
CUST-001726,Nyarugenge,Mageragere,Kankuba,Residential,Suspended,2020-10-21,-1.98588,30.086659
CUST-001727,Kicukiro,Niboye,Nyakabanda,Residential,Active,2021-01-01,-1.924088,30.054882
CUST-001728,Nyarugenge,Rwezamenyo,Rwezamenyo I,Residential,Active,2023-01-05,-1.950572,30.019666
CUST-001729,Nyarugenge,Gitega,Kigarama,Residential,Active,2025-09-04,-1.984254,30.028506
CUST-001730,Nyarugenge,Gitega,Akabeza,Residential,Active,2021-06-18,-1.953315,30.0857
CUST-001731,Kicukiro,Gatenga,Karambo,Non-Residential,Active,2020-09-27,-1.948902,30.040862
CUST-001732,Gasabo,Ndera,Cyaruzinge,Residential,Active,2023-06-15,-1.871907,30.181678
CUST-001733,Gasabo,Kacyiru,Kamutwa,Residential,Active,2024-08-24,-1.926511,30.098964
CUST-001734,Nyarugenge,Kanyinya,Nzove,Residential,Disconnected,2022-11-28,-1.939582,30.100813
CUST-001735,Gasabo,Bumbogo,Ngara,Residential,Active,2024-02-21,-1.89479,30.064414
CUST-001736,Gasabo,Rusororo,Gasagara,Residential,Active,2021-11-23,-1.985639,30.119429
CUST-001737,Gasabo,Ndera,Mukuyu,Residential,Active,2023-06-27,-1.862533,30.1228
CUST-001738,Kicukiro,Kigarama,Karugira,Residential,Active,2021-12-27,-2.004145,30.199088
CUST-001739,Kicukiro,Niboye,Gatare,Residential,Active,2022-03-01,-1.99949,30.082138
CUST-001740,Kicukiro,Niboye,Niboye,Residential,Active,2022-02-11,-1.997302,30.147446
CUST-001741,Nyarugenge,Nyakabanda,Munanira II,Residential,Disconnected,2021-05-16,-1.92403,30.066435
CUST-001742,Gasabo,Jali,Agateko,Residential,Active,2021-04-15,-1.884462,30.139424
CUST-001743,Gasabo,Kimihurura,Rugando,Residential,Active,2025-02-13,-1.911397,30.120646
CUST-001744,Kicukiro,Kagarama,Kanserege,Residential,Active,2025-03-20,-1.95391,30.045718
CUST-001745,Nyarugenge,Nyarugenge,Biryogo,Residential,Active,2021-04-01,-2.008758,30.039502
CUST-001746,Gasabo,Nduba,Shango,Residential,Active,2024-10-12,-1.88619,30.142753
CUST-001747,Gasabo,Bumbogo,Mvuzo,Public Taps,Suspended,2022-07-02,-1.914645,30.091119
CUST-001748,Kicukiro,Kanombe,Kabeza,Residential,Active,2020-09-27,-2.003507,30.04895
CUST-001749,Gasabo,Bumbogo,Ngara,Residential,Active,2024-11-03,-1.919994,30.110515
CUST-001750,Nyarugenge,Muhima,Ubumwe,Residential,Suspended,2020-05-31,-1.996495,30.032437
CUST-001751,Nyarugenge,Kimisagara,Kamuhoza,Residential,Suspended,2025-07-11,-1.958155,30.056459
CUST-001752,Gasabo,Rusororo,Kabuga II,Residential,Active,2020-03-19,-1.895611,30.146394
CUST-001753,Gasabo,Ndera,Rudashya,Residential,Active,2020-02-01,-1.885386,30.165431
CUST-001754,Nyarugenge,Kanyinya,Nyamweru,Residential,Active,2022-10-30,-1.974434,30.091669
CUST-001755,Gasabo,Jali,Buhiza,Residential,Active,2022-03-24,-1.851834,30.176973
CUST-001756,Kicukiro,Kigarama,Nyarurama,Residential,Active,2022-06-20,-1.997702,30.135749
CUST-001757,Gasabo,Gatsata,Karuruma,Residential,Active,2020-08-24,-1.898332,30.11442
CUST-001758,Nyarugenge,Gitega,Gacyamo,Residential,Active,2021-02-18,-1.982223,30.093632
CUST-001759,Nyarugenge,Nyakabanda,Munanira I,Residential,Active,2025-11-26,-1.998324,30.025598
CUST-001760,Kicukiro,Kanombe,Karama,Residential,Active,2020-07-31,-2.049599,30.130913
CUST-001761,Gasabo,Kinyinya,Murama,Residential,Suspended,2020-02-27,-1.886117,30.128626
CUST-001762,Nyarugenge,Rwezamenyo,Rwezamenyo II,Residential,Suspended,2024-05-20,-2.029231,30.044139
CUST-001763,Gasabo,Jabana,Ngiryi,Residential,Active,2022-01-13,-1.847949,30.135152
CUST-001764,Gasabo,Kimihurura,Kamukina,Residential,Active,2020-08-22,-1.888702,30.104876
CUST-001765,Gasabo,Kacyiru,Kamatamu,Residential,Active,2025-10-17,-1.895149,30.143518
CUST-001766,Gasabo,Nduba,Muremure,Residential,Active,2025-06-02,-1.904645,30.081745
CUST-001767,Nyarugenge,Muhima,Kabasengerezi,Residential,Active,2022-05-24,-2.016427,30.025263
CUST-001768,Gasabo,Jabana,Akamatamu,Residential,Active,2023-12-27,-1.835811,30.148664
CUST-001769,Nyarugenge,Mageragere,Runzenze,Residential,Active,2022-05-11,-2.020244,30.11981
CUST-001770,Gasabo,Rusororo,Bisenga,Residential,Suspended,2023-10-18,-1.884899,30.109267
CUST-001771,Nyarugenge,Nyarugenge,Kiyovu,Residential,Active,2021-08-21,-1.94736,30.058412
CUST-001772,Gasabo,Jabana,Ngiryi,Residential,Active,2024-08-26,-1.897126,30.110846
CUST-001773,Kicukiro,Gatenga,Gatenga,Industries,Active,2021-06-04,-1.952683,30.045636
CUST-001774,Kicukiro,Masaka,Cyimo,Residential,Active,2023-02-04,-2.009914,30.116718
CUST-001775,Nyarugenge,Kimisagara,Kimisagara,Residential,Suspended,2022-08-29,-1.993904,30.021577
CUST-001776,Kicukiro,Kanombe,Karama,Residential,Active,2022-03-24,-1.947373,30.103895
CUST-001777,Nyarugenge,Mageragere,Kavumu,Residential,Active,2022-11-19,-1.95798,30.072669
CUST-001778,Gasabo,Ndera,Kibenga,Public Taps,Disconnected,2021-03-25,-1.869373,30.160724
CUST-001779,Gasabo,Remera,Rukiri II,Residential,Active,2020-04-17,-1.855086,30.152176
CUST-001780,Nyarugenge,Mageragere,Mataba,Residential,Active,2020-10-21,-2.039074,30.021764
CUST-001781,Gasabo,Gisozi,Ruhango,Non-Residential,Active,2024-02-20,-1.882738,30.138636
CUST-001782,Gasabo,Rusororo,Kabuga I,Residential,Disconnected,2025-02-13,-1.909365,30.083147
CUST-001783,Kicukiro,Kicukiro,Gasharu,Residential,Active,2024-06-27,-1.958699,30.099326
CUST-001784,Kicukiro,Gahanga,Nunga,Residential,Active,2025-05-14,-1.997701,30.075391
CUST-001785,Nyarugenge,Gitega,Kigarama,Residential,Active,2021-01-22,-1.90203,29.967883
CUST-001786,Gasabo,Ndera,Rudashya,Residential,Active,2020-01-06,-1.899076,30.137586
CUST-001787,Gasabo,Rutunga,Kibenga,Residential,Active,2022-07-25,-1.912044,30.138988
CUST-001788,Gasabo,Nduba,Gatunga,Residential,Active,2025-10-23,-1.885672,30.163323
CUST-001789,Nyarugenge,Gitega,Akabeza,Residential,Active,2020-02-19,-1.956848,30.067272
CUST-001790,Nyarugenge,Gitega,Akabeza,Residential,Disconnected,2021-01-24,-1.954198,30.069357
CUST-001791,Nyarugenge,Nyakabanda,Munanira I,Industries,Active,2023-06-07,-1.929728,30.013194
CUST-001792,Nyarugenge,Kigali,Ruriba,Residential,Active,2021-12-20,-1.96221,30.063003
CUST-001793,Gasabo,Jali,Nyakabungo,Residential,Active,2022-10-10,-1.889298,30.114078
CUST-001794,Gasabo,Kimironko,Kibagabaga,Residential,Active,2022-06-01,-1.843591,30.159372
CUST-001795,Gasabo,Rusororo,Mbandazi,Residential,Active,2024-01-22,-1.881155,30.160973
CUST-001796,Nyarugenge,Nyarugenge,Agatare,Residential,Active,2020-04-25,-1.992985,29.981224
CUST-001797,Kicukiro,Masaka,Cyimo,Residential,Active,2025-12-06,-1.995234,30.104904
CUST-001798,Nyarugenge,Kigali,Nyabugogo,Residential,Active,2021-04-13,-1.976113,30.094876
CUST-001799,Nyarugenge,Gitega,Kora,Public Taps,Disconnected,2020-03-20,-1.955714,30.061963
CUST-001800,Gasabo,Bumbogo,Nkuzuzu,Residential,Active,2023-08-18,-1.853122,30.117858
CUST-001801,Gasabo,Kimihurura,Rugando,Residential,Active,2020-02-12,-1.844367,30.114099
CUST-001802,Nyarugenge,Rwezamenyo,Rwezamenyo II,Non-Residential,Active,2022-05-17,-1.919554,30.075745
CUST-001803,Kicukiro,Masaka,Mbabe,Residential,Active,2022-05-12,-2.002875,30.140985
CUST-001804,Gasabo,Gisozi,Musezero,Residential,Active,2023-04-17,-1.918693,30.141532
CUST-001805,Kicukiro,Gahanga,Karembure,Residential,Transferred,2024-05-13,-1.999409,30.045435
CUST-001806,Kicukiro,Gikondo,Kanserege,Residential,Active,2020-10-24,-1.99243,30.084704
CUST-001807,Kicukiro,Masaka,Cyimo,Residential,Active,2020-12-30,-1.990184,30.070027
CUST-001808,Nyarugenge,Kanyinya,Taba,Residential,Active,2025-06-06,-1.939212,30.092246
CUST-001809,Kicukiro,Masaka,Ayabaraya,Non-Residential,Active,2023-08-01,-1.987322,30.148547
CUST-001810,Nyarugenge,Kigali,Ruriba,Residential,Active,2025-07-30,-1.979222,30.094705
CUST-001811,Kicukiro,Gikondo,Kagunga,Residential,Active,2023-04-25,-1.995749,30.05849
CUST-001812,Nyarugenge,Muhima,Kabasengerezi,Residential,Active,2021-05-15,-1.972955,30.069466
CUST-001813,Gasabo,Ndera,Cyaruzinge,Residential,Active,2024-05-06,-1.865216,30.130639
CUST-001814,Nyarugenge,Mageragere,Nyarufunzo,Residential,Active,2021-09-03,-1.911441,30.108585
CUST-001815,Nyarugenge,Nyarugenge,Biryogo,Residential,Active,2021-12-15,-1.984062,30.071406
CUST-001816,Kicukiro,Gikondo,Kanserege,Residential,Active,2021-09-17,-1.987193,30.115513
CUST-001817,Gasabo,Rutunga,Gasabo,Residential,Active,2023-05-06,-1.899674,30.140408
CUST-001818,Nyarugenge,Muhima,Tetero,Residential,Active,2023-06-06,-1.968583,30.07557
CUST-001819,Gasabo,Jali,Nyabuliba,Residential,Active,2022-03-05,-1.877619,30.165458
CUST-001820,Gasabo,Gatsata,Nyamabuye,Residential,Active,2022-08-18,-1.884826,30.133394
CUST-001821,Gasabo,Jabana,Bweramvura,Residential,Active,2020-02-24,-1.911212,30.12771
CUST-001822,Gasabo,Kacyiru,Kamutwa,Residential,Active,2024-05-06,-1.906365,30.103957
CUST-001823,Kicukiro,Nyarugunga,Kamashashi,Residential,Active,2023-05-09,-1.966217,30.125917
CUST-001824,Kicukiro,Gatenga,Nyarurama,Residential,Active,2024-02-18,-1.981745,30.09229
CUST-001825,Gasabo,Bumbogo,Mvuzo,Residential,Active,2023-08-12,-1.916021,30.139718
CUST-001826,Gasabo,Nduba,Butare,Non-Residential,Active,2021-03-14,-1.899323,30.138455
CUST-001827,Nyarugenge,Mageragere,Ntungamo,Residential,Active,2022-11-15,-1.985489,30.108706
CUST-001828,Gasabo,Jabana,Kidashya,Residential,Active,2021-10-29,-1.880579,30.111378
CUST-001829,Kicukiro,Gatenga,Karambo,Residential,Active,2025-07-24,-2.023102,30.11342
CUST-001830,Gasabo,Jabana,Ngiryi,Residential,Active,2022-09-10,-1.837894,30.087689
CUST-001831,Kicukiro,Kigarama,Rwampara,Residential,Active,2023-04-24,-1.963718,30.097247
CUST-001832,Nyarugenge,Mageragere,Kankuba,Residential,Suspended,2023-12-03,-1.966662,30.064962
CUST-001833,Kicukiro,Kagarama,Muyange,Residential,Active,2023-01-22,-1.986476,30.095997
CUST-001834,Gasabo,Jali,Muko,Residential,Active,2020-08-07,-1.876407,30.121545
CUST-001835,Nyarugenge,Rwezamenyo,Kabuguru I,Residential,Active,2024-08-14,-1.999416,30.067827
CUST-001836,Kicukiro,Gahanga,Gahanga,Public Taps,Active,2023-09-20,-2.029566,30.059382
CUST-001837,Kicukiro,Masaka,Mbabe,Residential,Active,2023-11-28,-1.968025,30.075089
CUST-001838,Gasabo,Remera,Nyarutarama,Residential,Active,2023-01-26,-1.934381,30.200117
CUST-001839,Gasabo,Rusororo,Ruhanga,Residential,Active,2025-01-19,-1.825226,30.14516
CUST-001840,Nyarugenge,Nyamirambo,Rugarama,Residential,Active,2021-05-01,-1.968871,30.074454
CUST-001841,Gasabo,Kimironko,Kibagabaga,Residential,Suspended,2023-10-04,-1.842092,30.147745
CUST-001842,Nyarugenge,Mageragere,Nyarufunzo,Residential,Transferred,2025-01-24,-1.981036,30.108288
CUST-001843,Gasabo,Kimironko,Bibare,Residential,Suspended,2023-01-19,-1.903887,30.112581
CUST-001844,Kicukiro,Nyarugunga,Kamashashi,Residential,Active,2021-10-29,-1.979234,30.116251
CUST-001845,Kicukiro,Gikondo,Kagunga,Residential,Active,2020-07-06,-1.978898,30.043885
CUST-001846,Gasabo,Rutunga,Kibenga,Residential,Suspended,2020-06-26,-1.874743,30.134881
CUST-001847,Kicukiro,Gahanga,Karembure,Residential,Active,2024-10-09,-1.929624,30.076218
CUST-001848,Nyarugenge,Rwezamenyo,Rwezamenyo I,Residential,Disconnected,2022-06-05,-1.957548,30.001008
CUST-001849,Nyarugenge,Nyakabanda,Nyakabanda I,Non-Residential,Active,2020-12-22,-1.954661,30.097349
CUST-001850,Gasabo,Ndera,Rudashya,Residential,Active,2022-02-28,-1.896298,30.152799
CUST-001851,Kicukiro,Kanombe,Busanza,Residential,Active,2022-02-17,-1.957041,30.134244
CUST-001852,Gasabo,Rutunga,Kacyatwa,Residential,Active,2020-12-06,-1.862088,30.143273
CUST-001853,Gasabo,Rusororo,Kabuga II,Residential,Active,2024-05-26,-1.903063,30.143782
CUST-001854,Gasabo,Ndera,Kibenga,Residential,Active,2023-03-28,-1.855552,30.130785
CUST-001855,Kicukiro,Kagarama,Rukatsa,Residential,Active,2022-10-18,-1.979525,30.132534
CUST-001856,Nyarugenge,Kanyinya,Taba,Residential,Active,2025-08-07,-1.971209,30.10833
CUST-001857,Nyarugenge,Muhima,Kabasengerezi,Residential,Active,2020-12-26,-1.988528,30.041477
CUST-001858,Kicukiro,Gahanga,Karembure,Residential,Active,2023-08-19,-2.001861,30.1337
CUST-001859,Nyarugenge,Muhima,Ubumwe,Residential,Active,2023-04-09,-1.945301,30.026364
CUST-001860,Nyarugenge,Kigali,Mwendo,Residential,Transferred,2020-08-21,-1.967947,30.046492
CUST-001861,Nyarugenge,Muhima,Nyabugogo,Residential,Active,2020-07-16,-1.94256,30.052112
CUST-001862,Nyarugenge,Gitega,Akabahizi,Residential,Active,2024-10-16,-1.956244,30.042526
CUST-001863,Kicukiro,Kanombe,Kabeza,Residential,Active,2024-04-21,-1.998557,30.177553
CUST-001864,Gasabo,Bumbogo,Mvuzo,Residential,Suspended,2020-04-24,-1.875621,30.194006
CUST-001865,Nyarugenge,Gitega,Kora,Residential,Active,2022-01-14,-1.950357,30.049919
CUST-001866,Nyarugenge,Kigali,Ruriba,Residential,Active,2022-04-08,-1.95474,30.00131
CUST-001867,Gasabo,Rusororo,Kinyana,Residential,Active,2020-04-05,-1.941284,30.106161
CUST-001868,Nyarugenge,Muhima,Rugenge,Residential,Active,2022-02-13,-1.973057,30.012094
CUST-001869,Nyarugenge,Gitega,Akabeza,Residential,Active,2025-02-27,-1.967784,30.047943
CUST-001870,Nyarugenge,Mageragere,Nyarufunzo,Residential,Active,2020-02-14,-1.955343,30.051859
CUST-001871,Kicukiro,Masaka,Cyimo,Residential,Suspended,2020-03-13,-2.046263,30.130555
CUST-001872,Nyarugenge,Kigali,Mwendo,Residential,Active,2024-08-05,-1.999549,30.023904
CUST-001873,Kicukiro,Kicukiro,Kicukiro,Residential,Active,2021-03-06,-1.945567,30.118312
CUST-001874,Gasabo,Bumbogo,Musave,Public Taps,Active,2025-02-13,-1.848432,30.128454
CUST-001875,Gasabo,Ndera,Mukuyu,Residential,Active,2021-12-16,-1.906885,30.207238
CUST-001876,Nyarugenge,Kimisagara,Kamuhoza,Residential,Active,2023-02-12,-1.949544,30.055882
CUST-001877,Nyarugenge,Rwezamenyo,Rwezamenyo II,Residential,Active,2025-05-01,-1.979835,30.028313
CUST-001878,Gasabo,Kacyiru,Kamatamu,Residential,Suspended,2025-06-07,-1.921164,30.117162
CUST-001879,Nyarugenge,Gitega,Akabahizi,Residential,Active,2021-02-20,-1.953232,30.05839
CUST-001880,Kicukiro,Gatenga,Nyarurama,Residential,Active,2025-02-25,-1.968216,30.145421
CUST-001881,Nyarugenge,Muhima,Tetero,Non-Residential,Transferred,2021-01-05,-2.004706,30.054984
CUST-001882,Gasabo,Nduba,Sha,Residential,Active,2024-12-13,-1.888245,30.130485
CUST-001883,Gasabo,Jabana,Kidashya,Residential,Suspended,2023-10-11,-1.856225,30.098389
CUST-001884,Gasabo,Kimihurura,Rugando,Residential,Active,2022-01-24,-1.854827,30.199712
CUST-001885,Kicukiro,Gikondo,Kagunga,Residential,Active,2025-08-22,-2.031227,30.104796
CUST-001886,Kicukiro,Nyarugunga,Kamashashi,Residential,Active,2020-08-13,-1.954767,30.159124
CUST-001887,Nyarugenge,Kanyinya,Nyamweru,Residential,Active,2020-12-01,-1.946475,30.070432
CUST-001888,Gasabo,Kacyiru,Kamutwa,Residential,Active,2020-03-14,-1.880875,30.152735
CUST-001889,Nyarugenge,Nyarugenge,Agatare,Residential,Active,2023-10-01,-1.984819,30.065985
CUST-001890,Kicukiro,Masaka,Mbabe,Residential,Active,2025-07-22,-2.027069,30.151282
CUST-001891,Kicukiro,Kigarama,Nyarurama,Residential,Active,2025-02-14,-1.964317,30.094266
CUST-001892,Gasabo,Jali,Nkusi,Residential,Active,2023-05-14,-1.887874,30.196279
CUST-001893,Kicukiro,Kigarama,Bwerankori,Residential,Suspended,2020-07-29,-1.902305,30.131769
CUST-001894,Gasabo,Gikomero,Munini,Public Taps,Disconnected,2025-04-22,-1.892097,30.148547
CUST-001895,Nyarugenge,Rwezamenyo,Rwezamenyo II,Residential,Active,2024-03-30,-1.948972,30.045542
CUST-001896,Nyarugenge,Muhima,Nyabugogo,Residential,Active,2022-10-25,-1.967595,30.083453
CUST-001897,Nyarugenge,Muhima,Kabeza,Residential,Suspended,2022-07-02,-1.939035,30.048104
CUST-001898,Gasabo,Bumbogo,Ngara,Residential,Active,2022-03-14,-1.869179,30.149264
CUST-001899,Gasabo,Gatsata,Nyamugari,Non-Residential,Active,2024-11-01,-1.89208,30.129508
CUST-001900,Nyarugenge,Muhima,Amahoro,Residential,Active,2021-05-27,-2.001934,30.104188
CUST-001901,Gasabo,Bumbogo,Mvuzo,Residential,Active,2022-11-25,-1.881231,30.14648
CUST-001902,Kicukiro,Gatenga,Gatenga,Residential,Active,2025-01-01,-2.029354,30.13013
CUST-001903,Kicukiro,Gahanga,Gahanga,Residential,Active,2022-07-15,-1.941122,30.117848
CUST-001904,Gasabo,Jali,Nyakabungo,Residential,Active,2023-12-04,-1.848227,30.107721
CUST-001905,Kicukiro,Kigarama,Karugira,Residential,Active,2020-09-18,-1.993993,30.132375
CUST-001906,Nyarugenge,Muhima,Rugenge,Residential,Active,2024-09-12,-1.984278,30.038774
CUST-001907,Nyarugenge,Gitega,Kinyange,Non-Residential,Active,2021-07-14,-1.955072,30.033991
CUST-001908,Gasabo,Nduba,Sha,Residential,Disconnected,2021-09-30,-1.807818,30.110271
CUST-001909,Kicukiro,Kicukiro,Kagina,Residential,Active,2025-04-17,-1.994726,30.069939
CUST-001910,Kicukiro,Masaka,Gitaraga,Residential,Active,2022-05-16,-2.034447,30.088543
CUST-001911,Kicukiro,Kigarama,Karugira,Residential,Active,2023-02-14,-1.944639,30.150652
CUST-001912,Gasabo,Nduba,Shango,Residential,Active,2022-11-14,-1.878289,30.145672
CUST-001913,Gasabo,Jabana,Bweramvura,Non-Residential,Active,2022-03-21,-1.901126,30.092056
CUST-001914,Gasabo,Gatsata,Nyamugari,Residential,Active,2023-10-04,-1.901865,30.121175
CUST-001915,Gasabo,Gikomero,Munini,Residential,Disconnected,2024-05-17,-1.904311,30.116657
CUST-001916,Gasabo,Kimironko,Kibagabaga,Residential,Active,2025-05-11,-1.895568,30.096914
CUST-001917,Gasabo,Rutunga,Kigabiro,Residential,Active,2024-08-19,-1.850315,30.185755
CUST-001918,Gasabo,Rusororo,Kabuga II,Residential,Active,2025-01-08,-1.879689,30.123832
CUST-001919,Nyarugenge,Gitega,Kinyange,Residential,Active,2024-06-20,-1.955493,30.059269
CUST-001920,Nyarugenge,Kanyinya,Nyamweru,Residential,Active,2021-01-30,-1.985127,30.04606
CUST-001921,Kicukiro,Gatenga,Karambo,Residential,Active,2020-03-08,-1.955318,30.139366
CUST-001922,Gasabo,Jabana,Bweramvura,Residential,Active,2020-06-25,-1.974917,30.154343
CUST-001923,Kicukiro,Gikondo,Kanserege,Public Taps,Active,2023-04-02,-2.000121,30.150314
CUST-001924,Nyarugenge,Nyarugenge,Rwampara,Residential,Transferred,2023-05-07,-1.998867,30.063094
CUST-001925,Gasabo,Jabana,Kidashya,Residential,Active,2021-05-06,-1.912166,30.153137
CUST-001926,Nyarugenge,Rwezamenyo,Rwezamenyo II,Residential,Active,2024-07-15,-1.973793,30.046674
CUST-001927,Nyarugenge,Kimisagara,Kimisagara,Residential,Active,2023-06-23,-1.980466,30.077694
CUST-001928,Gasabo,Remera,Rukiri I,Residential,Active,2021-01-13,-1.917746,30.105548
CUST-001929,Nyarugenge,Nyarugenge,Rwampara,Residential,Active,2024-10-14,-1.917649,29.987451
CUST-001930,Gasabo,Jabana,Akamatamu,Residential,Active,2023-05-25,-1.878338,30.11739
CUST-001931,Nyarugenge,Nyamirambo,Rugarama,Residential,Active,2020-12-17,-1.979018,30.05032
CUST-001932,Gasabo,Ndera,Masoro,Residential,Active,2020-01-05,-1.947541,30.114836
CUST-001933,Gasabo,Kimironko,Nyagatovu,Residential,Active,2023-05-25,-1.842265,30.156946
CUST-001934,Nyarugenge,Nyarugenge,Kiyovu,Residential,Active,2024-02-11,-1.993361,30.093682
CUST-001935,Nyarugenge,Kanyinya,Taba,Residential,Active,2021-09-30,-1.998853,30.044897
CUST-001936,Nyarugenge,Kanyinya,Nzove,Residential,Active,2022-04-17,-1.9775,30.047553
CUST-001937,Nyarugenge,Nyamirambo,Cyivugiza,Residential,Active,2023-01-12,-1.988373,30.059353
CUST-001938,Kicukiro,Kigarama,Rwampara,Residential,Disconnected,2022-07-01,-1.968639,30.100743
CUST-001939,Kicukiro,Gahanga,Rwabutenge,Industries,Active,2020-04-06,-1.924353,30.12699
CUST-001940,Gasabo,Kimironko,Nyagatovu,Residential,Active,2023-03-17,-1.845003,30.168064
CUST-001941,Gasabo,Gisozi,Musezero,Residential,Active,2022-01-10,-1.91714,30.090208
CUST-001942,Kicukiro,Gahanga,Nunga,Non-Residential,Active,2022-06-21,-1.958584,30.132405
CUST-001943,Kicukiro,Gatenga,Nyarurama,Residential,Active,2022-01-22,-1.989298,30.100924
CUST-001944,Gasabo,Jabana,Akamatamu,Residential,Active,2024-10-29,-1.897302,30.117003
CUST-001945,Kicukiro,Masaka,Mbabe,Residential,Active,2022-03-12,-1.987512,30.077371
CUST-001946,Kicukiro,Niboye,Niboye,Residential,Active,2023-08-30,-1.947587,30.051793
CUST-001947,Kicukiro,Gahanga,Nunga,Public Taps,Active,2020-05-15,-1.998446,30.092943
CUST-001948,Kicukiro,Kigarama,Karugira,Residential,Active,2025-04-21,-1.966982,30.1512
CUST-001949,Nyarugenge,Kigali,Ruriba,Residential,Active,2022-09-16,-1.970918,30.074352
CUST-001950,Gasabo,Rutunga,Kabaliza,Residential,Active,2023-05-05,-1.859004,30.126215
CUST-001951,Gasabo,Rusororo,Nyagahinga,Residential,Active,2020-08-10,-1.844203,30.136524
CUST-001952,Gasabo,Rusororo,Kinyana,Residential,Active,2020-11-20,-1.8769,30.104175
CUST-001953,Nyarugenge,Nyarugenge,Agatare,Residential,Active,2020-12-01,-1.973103,30.092865
CUST-001954,Nyarugenge,Kigali,Rwesero,Residential,Active,2020-08-30,-1.950131,30.026678
CUST-001955,Kicukiro,Gikondo,Kanserege,Residential,Suspended,2021-10-29,-1.912093,30.100913
CUST-001956,Kicukiro,Kigarama,Bwerankori,Residential,Active,2023-07-19,-1.939464,30.143915
CUST-001957,Gasabo,Ndera,Masoro,Public Taps,Active,2024-12-15,-1.861989,30.095161
CUST-001958,Gasabo,Kimihurura,Kimihurura,Public Taps,Disconnected,2020-06-19,-1.871235,30.115519
CUST-001959,Gasabo,Kinyinya,Gasharu,Residential,Active,2022-02-18,-1.923882,30.112913
CUST-001960,Kicukiro,Gikondo,Kanserege,Non-Residential,Active,2020-09-29,-2.007891,30.112145
CUST-001961,Kicukiro,Masaka,Mbabe,Residential,Active,2025-12-18,-1.978269,30.121568
CUST-001962,Nyarugenge,Gitega,Akabahizi,Residential,Active,2023-01-03,-1.971284,30.014636
CUST-001963,Gasabo,Rutunga,Indatemwa,Residential,Active,2021-07-22,-1.922662,30.123955
CUST-001964,Kicukiro,Kigarama,Karugira,Residential,Active,2024-01-31,-1.957995,30.110259
CUST-001965,Gasabo,Kimironko,Nyagatovu,Residential,Active,2021-07-12,-1.886064,30.13594
CUST-001966,Nyarugenge,Nyakabanda,Munanira I,Residential,Active,2023-08-18,-2.020947,30.071465
CUST-001967,Gasabo,Kimihurura,Kamukina,Industries,Active,2022-10-14,-1.839847,30.154144
CUST-001968,Gasabo,Jabana,Bweramvura,Residential,Active,2023-08-20,-1.89249,30.191301
CUST-001969,Kicukiro,Masaka,Mbabe,Residential,Active,2020-03-24,-2.005469,30.083025
CUST-001970,Nyarugenge,Nyakabanda,Munanira II,Public Taps,Active,2020-06-02,-1.907705,30.039767
CUST-001971,Nyarugenge,Kimisagara,Kamuhoza,Residential,Active,2025-08-03,-1.938831,30.075939
CUST-001972,Nyarugenge,Kigali,Nyabugogo,Residential,Active,2024-06-07,-1.963983,30.071739
CUST-001973,Gasabo,Kimihurura,Kimihurura,Residential,Active,2021-06-29,-1.847367,30.166109
CUST-001974,Kicukiro,Kanombe,Karama,Residential,Active,2022-05-16,-1.958208,30.135664
CUST-001975,Gasabo,Nduba,Gasanze,Residential,Active,2020-10-11,-1.843471,30.12138
CUST-001976,Nyarugenge,Kimisagara,Katabaro,Residential,Active,2025-09-07,-1.995227,30.098479
CUST-001977,Kicukiro,Niboye,Nyakabanda,Residential,Active,2022-03-07,-1.984724,30.087124
CUST-001978,Kicukiro,Gahanga,Gahanga,Residential,Active,2024-07-30,-1.933449,30.144549
CUST-001979,Nyarugenge,Muhima,Kabeza,Residential,Active,2025-11-24,-1.959501,30.009215
CUST-001980,Nyarugenge,Rwezamenyo,Kabuguru II,Residential,Active,2022-06-12,-1.976182,30.063022
CUST-001981,Gasabo,Rusororo,Bisenga,Residential,Active,2025-04-09,-1.873711,30.144165
CUST-001982,Gasabo,Nduba,Gasura,Non-Residential,Disconnected,2020-03-05,-1.928607,30.138703
CUST-001983,Gasabo,Rutunga,Indatemwa,Residential,Active,2021-11-23,-1.937363,30.146134
CUST-001984,Kicukiro,Kanombe,Busanza,Residential,Active,2024-08-05,-2.003397,30.065688
CUST-001985,Gasabo,Gisozi,Musezero,Residential,Active,2023-12-06,-1.857742,30.160955
CUST-001986,Gasabo,Nduba,Gasura,Residential,Active,2020-03-29,-1.833158,30.137942
CUST-001987,Gasabo,Rutunga,Kabaliza,Public Taps,Active,2023-01-16,-1.910611,30.14496
CUST-001988,Kicukiro,Gatenga,Nyarurama,Residential,Disconnected,2025-05-16,-1.888445,30.088509
CUST-001989,Gasabo,Gikomero,Murambi,Residential,Active,2024-04-04,-1.871321,30.158623
CUST-001990,Gasabo,Remera,Nyabisindu,Residential,Active,2022-08-30,-1.884127,30.135387
CUST-001991,Nyarugenge,Rwezamenyo,Kabuguru II,Residential,Active,2024-09-10,-2.016157,30.036712
CUST-001992,Kicukiro,Nyarugunga,Nonko,Residential,Active,2022-01-23,-1.95968,30.169747
CUST-001993,Nyarugenge,Kimisagara,Kimisagara,Residential,Suspended,2025-08-14,-1.973722,30.092228
CUST-001994,Gasabo,Rutunga,Kibenga,Residential,Active,2023-02-07,-1.842032,30.140399
CUST-001995,Kicukiro,Kigarama,Rwampara,Residential,Active,2022-05-30,-2.044706,30.103156
CUST-001996,Gasabo,Jali,Buhiza,Residential,Suspended,2023-01-04,-1.893441,30.178158
CUST-001997,Gasabo,Ndera,Rudashya,Public Taps,Active,2021-12-23,-1.909417,30.132991
CUST-001998,Kicukiro,Gikondo,Kanserege,Residential,Active,2022-03-21,-1.961546,30.098078
CUST-001999,Gasabo,Remera,Nyarutarama,Residential,Active,2024-05-06,-1.893123,30.143823
CUST-002000,Gasabo,Rusororo,Gasagara,Residential,Active,2022-06-13,-1.869342,30.09668
CUST-002001,Kicukiro,Gahanga,Karembure,Residential,Active,2025-10-30,-1.988185,30.04618
CUST-002002,Gasabo,Rusororo,Gasagara,Non-Residential,Active,2025-02-16,-1.823324,30.152171
CUST-002003,Nyarugenge,Mageragere,Kankuba,Public Taps,Active,2021-05-04,-1.916897,30.042286
CUST-002004,Kicukiro,Gahanga,Rwabutenge,Residential,Active,2023-03-02,-1.951993,30.062833
CUST-002005,Gasabo,Gikomero,Gasagara,Residential,Active,2021-09-10,-1.857758,30.129899
CUST-002006,Gasabo,Kinyinya,Murama,Residential,Active,2023-09-02,-1.843354,30.162291
CUST-002007,Nyarugenge,Kanyinya,Taba,Non-Residential,Suspended,2025-12-03,-2.046492,30.065501
CUST-002008,Nyarugenge,Rwezamenyo,Kabuguru I,Residential,Active,2024-11-07,-1.921715,30.007774
CUST-002009,Kicukiro,Masaka,Gako,Residential,Active,2020-09-10,-1.967042,30.105458
CUST-002010,Kicukiro,Kicukiro,Gasharu,Residential,Active,2025-12-29,-2.000941,30.118604
CUST-002011,Nyarugenge,Kimisagara,Katabaro,Public Taps,Disconnected,2025-03-18,-1.956568,30.049614
CUST-002012,Gasabo,Kinyinya,Gacuriro,Residential,Active,2021-07-27,-1.946619,30.135132
CUST-002013,Nyarugenge,Muhima,Nyabugogo,Residential,Active,2024-03-10,-1.964178,29.981931
CUST-002014,Gasabo,Kimironko,Kibagabaga,Residential,Active,2022-11-17,-1.85817,30.114747
CUST-002015,Gasabo,Kinyinya,Murama,Residential,Active,2025-08-06,-1.861464,30.138384
CUST-002016,Nyarugenge,Gitega,Kinyange,Residential,Disconnected,2022-03-01,-1.98336,30.098869
CUST-002017,Kicukiro,Gikondo,Kagunga,Residential,Active,2020-06-15,-1.972686,30.092256
CUST-002018,Kicukiro,Kanombe,Rubirizi,Residential,Active,2025-01-22,-2.018755,30.070387
CUST-002019,Kicukiro,Gikondo,Kinunga,Residential,Active,2024-01-24,-1.972249,30.121767
CUST-002020,Kicukiro,Kanombe,Busanza,Residential,Active,2023-07-30,-1.966896,30.082597
CUST-002021,Nyarugenge,Rwezamenyo,Rwezamenyo II,Residential,Active,2021-08-05,-1.950449,30.068122
CUST-002022,Gasabo,Gisozi,Musezero,Residential,Active,2020-01-06,-1.881706,30.119336
CUST-002023,Nyarugenge,Mageragere,Mataba,Residential,Active,2023-10-01,-1.999974,30.058837
CUST-002024,Kicukiro,Niboye,Nyakabanda,Residential,Active,2024-03-24,-1.920584,30.127656
CUST-002025,Kicukiro,Kanombe,Karama,Residential,Active,2022-01-14,-2.007338,30.137188
CUST-002026,Kicukiro,Kagarama,Rukatsa,Non-Residential,Active,2023-04-13,-1.945371,30.091349
CUST-002027,Nyarugenge,Nyamirambo,Gasharu,Residential,Disconnected,2021-11-03,-1.998814,30.079953
CUST-002028,Gasabo,Remera,Rukiri I,Residential,Active,2024-11-29,-1.866445,30.124524
CUST-002029,Kicukiro,Masaka,Rusheshe,Residential,Active,2020-04-09,-2.008691,30.082754
CUST-002030,Nyarugenge,Kanyinya,Taba,Residential,Active,2024-03-25,-1.945977,30.047354
CUST-002031,Nyarugenge,Rwezamenyo,Rwezamenyo I,Residential,Disconnected,2025-05-10,-1.951389,30.086183
CUST-002032,Gasabo,Bumbogo,Ngara,Residential,Active,2021-02-22,-1.856455,30.146305
CUST-002033,Gasabo,Gisozi,Ruhango,Residential,Active,2020-01-12,-1.864828,30.11623
CUST-002034,Gasabo,Gikomero,Gasagara,Residential,Disconnected,2023-09-13,-1.893184,30.142113
CUST-002035,Nyarugenge,Nyakabanda,Nyakabanda II,Residential,Suspended,2021-12-14,-1.946929,30.069845
CUST-002036,Gasabo,Gikomero,Kibara,Residential,Active,2022-08-24,-1.880723,30.10658
CUST-002037,Gasabo,Kinyinya,Gacuriro,Residential,Active,2024-09-04,-1.911236,30.144543
CUST-002038,Gasabo,Jali,Nyakabungo,Residential,Active,2025-06-25,-1.893325,30.112746
CUST-002039,Kicukiro,Gikondo,Kinunga,Residential,Disconnected,2023-12-30,-2.004136,30.088393
CUST-002040,Kicukiro,Gahanga,Rwabutenge,Residential,Active,2022-08-19,-1.968879,30.074894
CUST-002041,Gasabo,Kacyiru,Kibaza,Residential,Active,2023-09-29,-1.88386,30.103019
CUST-002042,Kicukiro,Gahanga,Karembure,Residential,Disconnected,2022-05-08,-1.995893,30.092027
CUST-002043,Gasabo,Ndera,Cyaruzinge,Residential,Active,2025-06-12,-1.859012,30.189745
CUST-002044,Kicukiro,Niboye,Gatare,Residential,Active,2022-02-04,-2.035315,30.122329
CUST-002045,Gasabo,Nduba,Gasanze,Residential,Active,2025-01-20,-1.843022,30.098557
CUST-002046,Kicukiro,Kicukiro,Gasharu,Residential,Suspended,2021-07-20,-1.984138,30.105658
CUST-002047,Nyarugenge,Rwezamenyo,Kabuguru I,Residential,Active,2024-07-16,-1.99538,30.119602
CUST-002048,Nyarugenge,Nyakabanda,Nyakabanda II,Residential,Active,2025-07-07,-1.957769,30.044361
CUST-002049,Kicukiro,Gahanga,Kagasa,Residential,Active,2025-11-30,-1.96918,30.123167
CUST-002050,Kicukiro,Kanombe,Rubirizi,Residential,Active,2022-07-25,-1.971362,30.109346
CUST-002051,Kicukiro,Gahanga,Rwabutenge,Residential,Active,2024-02-21,-1.962585,30.121735
CUST-002052,Gasabo,Nduba,Butare,Residential,Active,2020-03-11,-1.870567,30.09354
CUST-002053,Nyarugenge,Nyakabanda,Nyakabanda II,Residential,Active,2020-03-25,-2.007322,30.05329
CUST-002054,Gasabo,Jabana,Ngiryi,Residential,Active,2022-12-31,-1.887756,30.135254
CUST-002055,Gasabo,Kacyiru,Kibaza,Residential,Active,2021-07-05,-1.919604,30.109027
CUST-002056,Kicukiro,Kicukiro,Gasharu,Residential,Active,2025-07-29,-2.021948,30.132536
CUST-002057,Gasabo,Rutunga,Kabaliza,Residential,Active,2022-08-31,-1.879282,30.107036
CUST-002058,Nyarugenge,Mageragere,Nyarufunzo,Residential,Active,2021-08-29,-1.948911,30.030665
CUST-002059,Nyarugenge,Kanyinya,Nyamweru,Residential,Active,2024-07-11,-1.986234,30.094014
CUST-002060,Gasabo,Ndera,Bwiza,Residential,Active,2025-10-06,-1.912818,30.112711
CUST-002061,Gasabo,Gikomero,Munini,Residential,Active,2024-05-24,-1.873878,30.133989
CUST-002062,Gasabo,Ndera,Mukuyu,Residential,Active,2021-09-26,-1.925316,30.105136
CUST-002063,Kicukiro,Masaka,Gitaraga,Residential,Active,2022-08-25,-2.018873,30.045568
CUST-002064,Kicukiro,Masaka,Gako,Residential,Disconnected,2020-11-24,-1.971294,30.125671
CUST-002065,Kicukiro,Kicukiro,Kagina,Non-Residential,Active,2024-12-20,-1.962053,30.188356
CUST-002066,Nyarugenge,Gitega,Akabahizi,Residential,Active,2021-04-14,-1.963188,30.015618
CUST-002067,Gasabo,Rutunga,Kibenga,Residential,Active,2022-10-12,-1.933104,30.14402
CUST-002068,Gasabo,Gikomero,Murambi,Industries,Active,2020-02-02,-1.906094,30.112461
CUST-002069,Gasabo,Kinyinya,Gacuriro,Residential,Active,2021-01-19,-1.870033,30.137042
CUST-002070,Gasabo,Rutunga,Kibenga,Residential,Active,2023-06-11,-1.878233,30.168362
CUST-002071,Gasabo,Rutunga,Kabaliza,Residential,Active,2025-09-06,-1.832051,30.107335
CUST-002072,Kicukiro,Gatenga,Nyanza,Residential,Active,2023-05-16,-1.983874,30.127143
CUST-002073,Kicukiro,Nyarugunga,Kamashashi,Residential,Active,2023-10-26,-1.986177,30.095129
CUST-002074,Gasabo,Rusororo,Kabuga II,Residential,Active,2023-10-14,-1.891683,30.159915
CUST-002075,Nyarugenge,Nyakabanda,Nyakabanda I,Residential,Active,2021-10-17,-1.913809,30.064638
CUST-002076,Gasabo,Ndera,Kibenga,Residential,Active,2024-08-03,-1.908073,30.135944
CUST-002077,Gasabo,Kinyinya,Gacuriro,Residential,Transferred,2020-12-01,-1.895079,30.127797
CUST-002078,Gasabo,Remera,Rukiri I,Residential,Active,2025-03-06,-1.870618,30.130915
CUST-002079,Gasabo,Rusororo,Bisenga,Residential,Active,2020-02-04,-1.918159,30.186108
CUST-002080,Gasabo,Bumbogo,Ngara,Residential,Transferred,2023-05-16,-1.866167,30.102553
CUST-002081,Gasabo,Rusororo,Kabuga II,Residential,Active,2024-11-23,-1.828348,30.110527
CUST-002082,Kicukiro,Gahanga,Rwabutenge,Residential,Active,2025-12-28,-1.990772,30.154234
CUST-002083,Nyarugenge,Kimisagara,Katabaro,Residential,Active,2020-06-16,-1.913345,30.018699
CUST-002084,Gasabo,Gatsata,Nyamabuye,Residential,Active,2020-06-19,-1.867762,30.09085
CUST-002085,Nyarugenge,Gitega,Akabahizi,Residential,Active,2024-05-13,-1.986638,30.034121
CUST-002086,Gasabo,Gikomero,Gicaca,Residential,Active,2025-03-17,-1.937402,30.12474
CUST-002087,Gasabo,Nduba,Gasura,Residential,Active,2023-10-29,-1.886333,30.116803
CUST-002088,Nyarugenge,Rwezamenyo,Rwezamenyo I,Residential,Active,2025-06-24,-1.978925,30.051172
CUST-002089,Nyarugenge,Mageragere,Nyarurenzi,Residential,Active,2021-09-21,-1.96332,30.059722
CUST-002090,Gasabo,Bumbogo,Kinyaga,Residential,Active,2020-12-12,-1.889335,30.089995
CUST-002091,Gasabo,Jali,Nyabuliba,Residential,Active,2021-08-26,-1.858776,30.093252
CUST-002092,Gasabo,Nduba,Gatunga,Residential,Active,2020-11-14,-1.854184,30.160538
CUST-002093,Gasabo,Jali,Nyabuliba,Residential,Active,2025-05-06,-1.84317,30.165438
CUST-002094,Gasabo,Nduba,Gasura,Residential,Suspended,2022-01-01,-1.872309,30.14422
CUST-002095,Kicukiro,Gatenga,Nyanza,Residential,Active,2023-08-22,-2.009956,30.118896
CUST-002096,Gasabo,Kinyinya,Murama,Residential,Suspended,2022-07-28,-1.879252,30.13332
CUST-002097,Kicukiro,Kicukiro,Kagina,Residential,Active,2020-01-10,-1.994518,30.068527
CUST-002098,Gasabo,Kimironko,Kibagabaga,Industries,Active,2021-06-01,-1.895547,30.157775
CUST-002099,Nyarugenge,Gitega,Gacyamo,Residential,Active,2024-09-27,-2.032726,30.043888
CUST-002100,Gasabo,Nduba,Shango,Residential,Active,2021-12-16,-1.859145,30.117938
CUST-002101,Nyarugenge,Mageragere,Kavumu,Residential,Active,2021-09-02,-1.98835,30.090346
CUST-002102,Gasabo,Gisozi,Ruhango,Residential,Active,2021-02-11,-1.904366,30.142577
CUST-002103,Gasabo,Remera,Nyabisindu,Residential,Active,2022-04-23,-1.855896,30.1444
CUST-002104,Gasabo,Ndera,Masoro,Residential,Active,2020-07-22,-1.879334,30.162369
CUST-002105,Nyarugenge,Rwezamenyo,Rwezamenyo II,Residential,Disconnected,2025-07-14,-1.911612,29.942354
CUST-002106,Kicukiro,Kagarama,Muyange,Residential,Active,2024-05-13,-1.994521,30.091495
CUST-002107,Kicukiro,Niboye,Niboye,Residential,Active,2022-09-26,-2.008832,30.057002
CUST-002108,Nyarugenge,Nyamirambo,Gasharu,Residential,Active,2025-10-07,-1.975726,30.028761
CUST-002109,Gasabo,Bumbogo,Nkuzuzu,Residential,Active,2021-01-30,-1.913581,30.125456
CUST-002110,Kicukiro,Gatenga,Gatenga,Residential,Active,2022-04-12,-1.997923,30.073668
CUST-002111,Nyarugenge,Kimisagara,Kimisagara,Residential,Active,2023-10-06,-2.011932,30.015421
CUST-002112,Kicukiro,Gahanga,Nunga,Residential,Active,2020-08-09,-1.990147,30.085262
CUST-002113,Nyarugenge,Nyakabanda,Munanira II,Residential,Active,2022-06-08,-1.937404,30.047877
CUST-002114,Gasabo,Ndera,Mukuyu,Residential,Active,2021-04-05,-1.894843,30.151552
CUST-002115,Nyarugenge,Nyamirambo,Rugarama,Residential,Active,2023-07-13,-2.000062,30.045163
CUST-002116,Gasabo,Ndera,Bwiza,Residential,Suspended,2020-07-08,-1.840638,30.127915
CUST-002117,Nyarugenge,Muhima,Rugenge,Residential,Active,2022-08-25,-1.991412,30.023032
CUST-002118,Nyarugenge,Nyamirambo,Rugarama,Residential,Disconnected,2023-03-03,-1.978772,30.083583
CUST-002119,Gasabo,Jabana,Kabuye,Residential,Disconnected,2024-11-09,-1.919532,30.094974
CUST-002120,Gasabo,Remera,Rukiri II,Residential,Active,2020-09-03,-1.866516,30.145578
CUST-002121,Nyarugenge,Rwezamenyo,Kabuguru II,Residential,Active,2023-01-23,-1.948203,30.093855
CUST-002122,Kicukiro,Masaka,Cyimo,Residential,Active,2020-05-21,-1.91668,30.093512
CUST-002123,Gasabo,Kinyinya,Gacuriro,Residential,Active,2020-05-24,-1.935027,30.112055
CUST-002124,Kicukiro,Masaka,Rusheshe,Residential,Active,2025-11-05,-2.027904,30.078452
CUST-002125,Gasabo,Remera,Nyabisindu,Residential,Active,2024-06-05,-1.913355,30.074101
CUST-002126,Kicukiro,Masaka,Gako,Residential,Active,2021-11-27,-1.93366,30.110579
CUST-002127,Nyarugenge,Gitega,Gacyamo,Residential,Active,2023-07-24,-1.965933,30.042084
CUST-002128,Gasabo,Jabana,Ngiryi,Non-Residential,Active,2021-02-09,-1.845577,30.166905
CUST-002129,Gasabo,Ndera,Masoro,Residential,Active,2020-05-29,-1.86755,30.152612
CUST-002130,Gasabo,Jali,Muko,Residential,Active,2020-01-30,-1.868585,30.158556
CUST-002131,Nyarugenge,Gitega,Kigarama,Residential,Active,2025-03-26,-1.949854,30.079884
CUST-002132,Nyarugenge,Kimisagara,Katabaro,Residential,Suspended,2020-07-09,-1.960369,30.086626
CUST-002133,Gasabo,Rusororo,Kabuga I,Residential,Active,2022-02-16,-1.840629,30.103644
CUST-002134,Gasabo,Remera,Nyarutarama,Residential,Suspended,2025-02-02,-1.839018,30.04319
CUST-002135,Nyarugenge,Gitega,Akabeza,Residential,Active,2025-11-19,-1.9951,30.059423
CUST-002136,Gasabo,Rutunga,Kibenga,Residential,Active,2023-02-25,-1.860596,30.137655
CUST-002137,Gasabo,Ndera,Cyaruzinge,Residential,Active,2024-09-07,-1.886535,30.132314
CUST-002138,Nyarugenge,Nyamirambo,Mumena,Residential,Active,2021-07-06,-1.972845,30.064715
CUST-002139,Nyarugenge,Nyarugenge,Kiyovu,Residential,Active,2024-12-25,-1.9293,30.076649
CUST-002140,Gasabo,Gikomero,Gasagara,Non-Residential,Active,2024-11-10,-1.887159,30.125557
CUST-002141,Nyarugenge,Kimisagara,Kimisagara,Residential,Active,2024-11-06,-1.948185,30.032515
CUST-002142,Kicukiro,Kigarama,Bwerankori,Residential,Active,2023-07-28,-1.979663,30.164746
CUST-002143,Gasabo,Ndera,Kibenga,Residential,Active,2020-02-05,-1.861057,30.068757
CUST-002144,Gasabo,Gisozi,Ruhango,Residential,Active,2024-06-15,-1.835058,30.136367
CUST-002145,Gasabo,Kimihurura,Kimihurura,Residential,Active,2025-10-04,-1.934921,30.099256
CUST-002146,Gasabo,Gikomero,Murambi,Public Taps,Active,2024-10-23,-1.947511,30.171646
CUST-002147,Kicukiro,Kanombe,Rubirizi,Residential,Active,2021-10-24,-2.000256,30.122885
CUST-002148,Gasabo,Jabana,Ngiryi,Residential,Active,2021-09-11,-1.852521,30.178769
CUST-002149,Nyarugenge,Nyarugenge,Biryogo,Residential,Active,2020-01-18,-1.899367,30.02277
CUST-002150,Gasabo,Nduba,Sha,Residential,Active,2022-08-20,-1.895105,30.174737
CUST-002151,Gasabo,Rusororo,Bisenga,Residential,Active,2024-12-07,-1.868177,30.130236
CUST-002152,Kicukiro,Niboye,Gatare,Residential,Active,2025-02-16,-1.994828,30.037571
CUST-002153,Gasabo,Remera,Nyabisindu,Residential,Active,2021-06-29,-1.898412,30.07447
CUST-002154,Kicukiro,Kanombe,Kabeza,Residential,Disconnected,2024-03-16,-1.982344,30.101439
CUST-002155,Kicukiro,Kicukiro,Kicukiro,Residential,Active,2020-02-22,-1.994202,30.136055
CUST-002156,Gasabo,Bumbogo,Mvuzo,Residential,Active,2023-05-12,-1.860552,30.13206
CUST-002157,Gasabo,Jabana,Bweramvura,Industries,Active,2024-02-26,-1.868608,30.171237
CUST-002158,Nyarugenge,Mageragere,Runzenze,Residential,Active,2021-08-13,-1.993074,30.054839
CUST-002159,Gasabo,Kacyiru,Kamatamu,Residential,Active,2022-12-20,-1.844477,30.146258
CUST-002160,Gasabo,Rusororo,Ruhanga,Public Taps,Active,2025-11-01,-1.926082,30.099029
CUST-002161,Kicukiro,Kicukiro,Ngoma,Residential,Suspended,2023-01-29,-1.998617,30.097919
CUST-002162,Nyarugenge,Mageragere,Kankuba,Non-Residential,Active,2020-05-13,-2.003755,30.100364
CUST-002163,Gasabo,Jabana,Kidashya,Residential,Active,2023-02-12,-1.864922,30.125337
CUST-002164,Gasabo,Ndera,Cyaruzinge,Residential,Active,2020-10-05,-1.862762,30.144227
CUST-002165,Kicukiro,Gatenga,Gatenga,Residential,Active,2025-12-25,-1.989811,30.118631
CUST-002166,Kicukiro,Kanombe,Busanza,Residential,Active,2025-06-27,-2.054817,30.169019
CUST-002167,Kicukiro,Kigarama,Bwerankori,Residential,Active,2025-04-21,-1.925115,30.150479
CUST-002168,Kicukiro,Masaka,Gitaraga,Residential,Active,2021-09-26,-1.998805,30.145201
CUST-002169,Gasabo,Rutunga,Kabaliza,Residential,Active,2025-02-02,-1.883786,30.113509
CUST-002170,Gasabo,Nduba,Gasanze,Residential,Active,2022-09-03,-1.918028,30.109443
CUST-002171,Kicukiro,Kigarama,Rwampara,Residential,Active,2024-12-12,-1.982682,30.126667
CUST-002172,Gasabo,Bumbogo,Kinyaga,Residential,Active,2022-11-17,-1.877898,30.091803
CUST-002173,Gasabo,Gikomero,Munini,Residential,Active,2024-02-05,-1.875768,30.186265
CUST-002174,Gasabo,Kimihurura,Kamukina,Residential,Active,2023-09-28,-1.890671,30.172738
CUST-002175,Nyarugenge,Gitega,Kora,Residential,Active,2023-06-16,-1.93893,30.02276
CUST-002176,Gasabo,Rusororo,Kinyana,Residential,Active,2022-09-27,-1.893431,30.143965
CUST-002177,Gasabo,Jabana,Kidashya,Residential,Suspended,2020-07-15,-1.846223,30.118092
CUST-002178,Gasabo,Gikomero,Gasagara,Residential,Active,2024-02-21,-1.916808,30.238034
CUST-002179,Kicukiro,Gahanga,Karembure,Non-Residential,Transferred,2021-09-13,-1.988242,30.142191
CUST-002180,Kicukiro,Kanombe,Kabeza,Residential,Active,2025-04-01,-1.984367,30.142197
CUST-002181,Nyarugenge,Muhima,Ubumwe,Non-Residential,Active,2023-01-10,-2.006772,29.986162
CUST-002182,Nyarugenge,Muhima,Rugenge,Residential,Active,2020-04-24,-1.924536,30.005304
CUST-002183,Gasabo,Gikomero,Munini,Residential,Disconnected,2021-10-22,-1.857013,30.092278
CUST-002184,Gasabo,Rutunga,Indatemwa,Residential,Active,2022-06-23,-1.860361,30.093859
CUST-002185,Nyarugenge,Muhima,Kabeza,Residential,Active,2023-11-16,-1.939428,30.046625
CUST-002186,Gasabo,Rusororo,Kinyana,Residential,Active,2023-10-16,-1.932878,30.130001
CUST-002187,Kicukiro,Masaka,Gako,Residential,Active,2024-01-26,-1.973789,30.135235
CUST-002188,Kicukiro,Kicukiro,Gasharu,Residential,Active,2022-05-04,-1.992207,30.139028
CUST-002189,Gasabo,Jali,Nyakabungo,Residential,Active,2020-06-24,-1.842189,30.095374
CUST-002190,Kicukiro,Kicukiro,Ngoma,Residential,Active,2021-04-09,-1.965316,30.139359
CUST-002191,Kicukiro,Kagarama,Kanserege,Residential,Active,2023-10-05,-2.013061,30.176148
CUST-002192,Gasabo,Bumbogo,Nkuzuzu,Residential,Active,2024-01-08,-1.889401,30.100771
CUST-002193,Nyarugenge,Gitega,Akabeza,Residential,Active,2021-12-20,-1.959485,30.084858
CUST-002194,Nyarugenge,Rwezamenyo,Kabuguru II,Residential,Active,2021-02-14,-1.956896,30.064015
CUST-002195,Gasabo,Jabana,Kabuye,Residential,Active,2024-11-19,-1.842964,30.135332
CUST-002196,Nyarugenge,Kigali,Ruriba,Residential,Active,2021-03-26,-1.938035,30.048343
CUST-002197,Gasabo,Kimironko,Bibare,Residential,Suspended,2022-01-06,-1.884323,30.085842
CUST-002198,Gasabo,Bumbogo,Musave,Residential,Suspended,2022-06-28,-1.882945,30.135529
CUST-002199,Nyarugenge,Nyamirambo,Cyivugiza,Residential,Active,2023-10-27,-1.925628,30.064766
CUST-002200,Gasabo,Jali,Nyakabungo,Residential,Active,2023-07-14,-1.851983,30.165809
CUST-002201,Kicukiro,Kanombe,Kabeza,Residential,Active,2021-06-22,-1.986616,30.086118
CUST-002202,Gasabo,Bumbogo,Ngara,Residential,Active,2021-11-18,-1.888702,30.056152
CUST-002203,Nyarugenge,Mageragere,Mataba,Residential,Active,2021-11-24,-2.024399,30.043442
CUST-002204,Nyarugenge,Gitega,Kinyange,Residential,Active,2020-11-15,-1.980182,30.052824
CUST-002205,Gasabo,Jali,Nyakabungo,Residential,Active,2023-04-12,-1.900688,30.122772
CUST-002206,Gasabo,Gatsata,Nyamabuye,Non-Residential,Active,2022-05-08,-1.88412,30.15465
CUST-002207,Gasabo,Gikomero,Kibara,Residential,Active,2021-12-18,-1.900479,30.115761
CUST-002208,Kicukiro,Kigarama,Bwerankori,Residential,Active,2023-04-14,-1.98958,30.107756
CUST-002209,Gasabo,Rusororo,Nyagahinga,Non-Residential,Active,2022-12-04,-1.872749,30.11327
CUST-002210,Gasabo,Jabana,Bweramvura,Residential,Disconnected,2021-10-17,-1.873882,30.089029
CUST-002211,Gasabo,Kimihurura,Rugando,Residential,Active,2023-08-21,-1.888258,30.115556
CUST-002212,Gasabo,Rutunga,Gasabo,Residential,Active,2024-09-05,-1.919104,30.14844
CUST-002213,Kicukiro,Gikondo,Kanserege,Residential,Active,2021-07-21,-2.032982,30.101706
CUST-002214,Gasabo,Gikomero,Munini,Residential,Active,2025-06-11,-1.869353,30.133068
CUST-002215,Nyarugenge,Gitega,Kora,Residential,Active,2023-03-01,-1.94647,30.029146
CUST-002216,Nyarugenge,Nyakabanda,Munanira II,Residential,Active,2021-08-25,-1.982885,30.097843
CUST-002217,Nyarugenge,Muhima,Kabasengerezi,Residential,Active,2023-09-13,-1.931148,30.080629
CUST-002218,Kicukiro,Gatenga,Nyarurama,Residential,Active,2024-11-27,-1.950954,30.093675
CUST-002219,Gasabo,Jali,Agateko,Residential,Active,2025-02-03,-1.834463,30.099245
CUST-002220,Gasabo,Kacyiru,Kamutwa,Residential,Active,2021-09-07,-1.853808,30.175214
CUST-002221,Nyarugenge,Kigali,Ruriba,Residential,Active,2023-03-26,-1.951851,30.055963
CUST-002222,Nyarugenge,Gitega,Akabahizi,Residential,Active,2023-06-16,-1.993864,30.078528
CUST-002223,Kicukiro,Kanombe,Karama,Residential,Active,2022-04-20,-2.00481,30.072817
CUST-002224,Gasabo,Jali,Muko,Residential,Transferred,2020-07-12,-1.880634,30.150888
CUST-002225,Gasabo,Remera,Rukiri II,Residential,Active,2024-03-04,-1.903088,30.186535
CUST-002226,Nyarugenge,Nyamirambo,Rugarama,Residential,Active,2025-06-22,-1.948911,30.069088
CUST-002227,Gasabo,Remera,Nyabisindu,Residential,Active,2020-10-31,-1.873882,30.110967
CUST-002228,Kicukiro,Kanombe,Busanza,Residential,Active,2020-03-13,-1.954583,30.081952
CUST-002229,Nyarugenge,Muhima,Rugenge,Residential,Active,2022-07-28,-1.928105,30.08775
CUST-002230,Gasabo,Jabana,Bweramvura,Residential,Active,2025-04-21,-1.891792,30.11363
CUST-002231,Nyarugenge,Mageragere,Mataba,Residential,Active,2020-04-11,-2.023311,30.060501
CUST-002232,Gasabo,Nduba,Gatunga,Residential,Active,2024-01-06,-1.876845,30.129579
CUST-002233,Nyarugenge,Kigali,Mwendo,Residential,Active,2025-06-20,-1.920613,30.064586
CUST-002234,Gasabo,Gikomero,Gasagara,Residential,Transferred,2020-11-11,-1.815295,30.13297
CUST-002235,Kicukiro,Kicukiro,Gasharu,Residential,Active,2025-02-22,-1.979058,30.14075
CUST-002236,Gasabo,Gatsata,Nyamabuye,Residential,Suspended,2022-03-20,-1.882099,30.094005
CUST-002237,Kicukiro,Gatenga,Nyarurama,Residential,Suspended,2021-11-29,-2.034209,30.044338
CUST-002238,Kicukiro,Kanombe,Rubirizi,Residential,Active,2022-06-21,-2.020838,30.161422
CUST-002239,Gasabo,Rusororo,Kabuga I,Residential,Active,2025-07-27,-1.913939,30.160625
CUST-002240,Kicukiro,Gatenga,Gatenga,Residential,Active,2023-09-15,-1.949221,30.079039
CUST-002241,Kicukiro,Kanombe,Busanza,Residential,Active,2022-03-16,-1.939066,30.089333
CUST-002242,Kicukiro,Kigarama,Karugira,Residential,Active,2020-01-15,-1.927562,30.065385
CUST-002243,Gasabo,Jali,Nyabuliba,Residential,Active,2025-05-21,-1.822154,30.121462
CUST-002244,Gasabo,Bumbogo,Kinyaga,Residential,Active,2021-03-04,-1.896828,30.099256
CUST-002245,Kicukiro,Kanombe,Busanza,Residential,Active,2023-08-14,-1.922865,30.135438
CUST-002246,Kicukiro,Masaka,Ayabaraya,Residential,Disconnected,2025-04-28,-1.990551,30.107254
CUST-002247,Kicukiro,Kanombe,Busanza,Residential,Active,2020-12-04,-1.999801,30.072981
CUST-002248,Gasabo,Gisozi,Musezero,Residential,Active,2021-12-22,-1.862672,30.128482
CUST-002249,Nyarugenge,Kigali,Rwesero,Residential,Active,2021-03-13,-2.014985,30.028993
CUST-002250,Gasabo,Gikomero,Gicaca,Residential,Active,2021-07-08,-1.861171,30.178047
CUST-002251,Nyarugenge,Nyamirambo,Cyivugiza,Residential,Active,2024-09-18,-1.87536,30.073103
CUST-002252,Kicukiro,Kigarama,Rwampara,Residential,Disconnected,2023-12-29,-2.025545,30.101868
CUST-002253,Nyarugenge,Nyamirambo,Rugarama,Residential,Active,2023-04-05,-1.9376,30.03922
CUST-002254,Gasabo,Remera,Rukiri I,Residential,Active,2023-07-11,-1.91434,30.15668
CUST-002255,Kicukiro,Kanombe,Karama,Non-Residential,Active,2021-07-19,-1.997053,30.117354
CUST-002256,Nyarugenge,Mageragere,Mataba,Residential,Transferred,2024-03-30,-1.982332,30.031564
CUST-002257,Gasabo,Kimironko,Kibagabaga,Residential,Active,2025-04-19,-1.947601,30.11436
CUST-002258,Gasabo,Gikomero,Munini,Residential,Active,2022-03-20,-1.895389,30.139153
CUST-002259,Kicukiro,Kanombe,Kabeza,Residential,Active,2022-01-02,-2.036356,30.066708
CUST-002260,Gasabo,Gatsata,Nyamugari,Residential,Active,2020-06-12,-1.869136,30.084664
CUST-002261,Nyarugenge,Muhima,Nyabugogo,Residential,Active,2024-07-20,-1.968259,30.067468
CUST-002262,Nyarugenge,Rwezamenyo,Rwezamenyo I,Residential,Active,2020-10-09,-1.987816,29.99015
CUST-002263,Nyarugenge,Kigali,Kigali,Residential,Active,2023-08-07,-1.951285,30.081037
CUST-002264,Gasabo,Rutunga,Kabaliza,Residential,Transferred,2021-02-18,-1.903178,30.129205
CUST-002265,Nyarugenge,Mageragere,Ntungamo,Residential,Active,2022-07-23,-1.946656,30.034958
CUST-002266,Nyarugenge,Gitega,Gacyamo,Residential,Active,2021-05-03,-1.990415,30.088718
CUST-002267,Kicukiro,Kagarama,Muyange,Residential,Active,2024-02-29,-1.988361,30.123492
CUST-002268,Gasabo,Gatsata,Nyamabuye,Residential,Active,2024-01-19,-1.957977,30.112321
CUST-002269,Kicukiro,Gahanga,Rwabutenge,Residential,Active,2021-11-08,-1.970863,30.106399
CUST-002270,Gasabo,Jabana,Bweramvura,Residential,Active,2022-11-04,-1.953637,30.164551
CUST-002271,Kicukiro,Gikondo,Kanserege,Residential,Active,2024-09-03,-1.983035,30.05245
CUST-002272,Gasabo,Gikomero,Murambi,Residential,Active,2025-05-05,-1.90346,30.073908
CUST-002273,Gasabo,Jabana,Kabuye,Residential,Active,2021-07-11,-1.852961,30.123771
CUST-002274,Gasabo,Gisozi,Musezero,Residential,Active,2022-07-09,-1.874938,30.119691
CUST-002275,Gasabo,Rusororo,Kabuga II,Residential,Active,2023-09-28,-1.870546,30.118867
CUST-002276,Gasabo,Rusororo,Kabuga I,Public Taps,Active,2024-06-14,-1.88539,30.130311
CUST-002277,Gasabo,Gikomero,Gasagara,Industries,Active,2024-01-14,-1.846881,30.106164
CUST-002278,Gasabo,Bumbogo,Nyabikenke,Residential,Active,2021-02-25,-1.892588,30.142064
CUST-002279,Gasabo,Nduba,Shango,Residential,Active,2024-08-06,-1.863205,30.171607
CUST-002280,Gasabo,Remera,Nyabisindu,Residential,Disconnected,2020-06-01,-1.849778,30.153359
CUST-002281,Gasabo,Nduba,Sha,Residential,Active,2022-09-06,-1.855966,30.172106
CUST-002282,Kicukiro,Gahanga,Rwabutenge,Industries,Active,2025-12-12,-1.972599,30.121657
CUST-002283,Gasabo,Rutunga,Kibenga,Residential,Active,2023-02-20,-1.877895,30.094513
CUST-002284,Gasabo,Bumbogo,Kinyaga,Residential,Active,2020-10-18,-1.803353,30.13276
CUST-002285,Kicukiro,Masaka,Cyimo,Residential,Active,2023-06-18,-1.982684,30.095543
CUST-002286,Gasabo,Kinyinya,Gasharu,Residential,Active,2024-05-12,-1.879415,30.196318
CUST-002287,Kicukiro,Gahanga,Gahanga,Residential,Disconnected,2023-07-06,-1.976328,30.143183
CUST-002288,Nyarugenge,Gitega,Gacyamo,Non-Residential,Active,2025-05-19,-1.983999,30.074529
CUST-002289,Kicukiro,Kanombe,Karama,Residential,Active,2023-07-25,-1.970297,30.100529
CUST-002290,Nyarugenge,Rwezamenyo,Rwezamenyo I,Residential,Active,2025-05-27,-1.938316,30.058858
CUST-002291,Nyarugenge,Mageragere,Nyarurenzi,Residential,Active,2024-01-09,-1.927437,30.060177
CUST-002292,Gasabo,Jabana,Bweramvura,Residential,Active,2025-07-31,-1.875766,30.081201
CUST-002293,Gasabo,Rusororo,Kabuga I,Residential,Active,2022-08-12,-1.892154,30.132439
CUST-002294,Gasabo,Nduba,Sha,Non-Residential,Suspended,2025-08-03,-1.89303,30.200765
CUST-002295,Nyarugenge,Gitega,Akabahizi,Residential,Active,2022-01-09,-1.920877,30.070907
CUST-002296,Kicukiro,Gatenga,Nyarurama,Residential,Active,2024-08-27,-1.975303,30.139702
CUST-002297,Gasabo,Gatsata,Nyamabuye,Residential,Active,2023-09-11,-1.901822,30.115333
CUST-002298,Nyarugenge,Mageragere,Nyarurenzi,Residential,Active,2020-01-30,-1.91695,30.096916
CUST-002299,Gasabo,Remera,Rukiri II,Residential,Transferred,2021-07-19,-1.872478,30.137263
CUST-002300,Nyarugenge,Nyarugenge,Kiyovu,Residential,Active,2021-02-25,-1.966082,30.060085
CUST-002301,Kicukiro,Gahanga,Karembure,Residential,Active,2025-01-21,-1.905399,30.127474
CUST-002302,Gasabo,Jabana,Akamatamu,Residential,Active,2025-01-15,-1.879909,30.175804
CUST-002303,Gasabo,Jali,Nyabuliba,Residential,Active,2022-03-11,-1.868429,30.17327
CUST-002304,Kicukiro,Kigarama,Karugira,Non-Residential,Active,2024-09-14,-1.984003,30.131161
CUST-002305,Gasabo,Gikomero,Kibara,Residential,Active,2021-07-15,-1.878615,30.200079
CUST-002306,Gasabo,Gikomero,Munini,Residential,Active,2024-01-14,-1.841616,30.129244
CUST-002307,Nyarugenge,Gitega,Kigarama,Residential,Active,2024-03-04,-1.959484,30.066884
CUST-002308,Gasabo,Remera,Nyarutarama,Residential,Active,2024-03-25,-1.896075,30.123069
CUST-002309,Gasabo,Rusororo,Kabuga II,Residential,Active,2020-03-27,-1.865776,30.171362
CUST-002310,Gasabo,Jabana,Kidashya,Residential,Active,2023-03-17,-1.837104,30.12418
CUST-002311,Gasabo,Bumbogo,Nkuzuzu,Non-Residential,Active,2020-07-12,-1.876861,30.171075
CUST-002312,Kicukiro,Masaka,Ayabaraya,Residential,Active,2021-01-05,-1.957703,30.126048
CUST-002313,Nyarugenge,Rwezamenyo,Rwezamenyo I,Residential,Active,2022-03-12,-1.947839,30.062148
CUST-002314,Nyarugenge,Rwezamenyo,Rwezamenyo II,Residential,Active,2020-08-24,-1.956543,30.042679
CUST-002315,Kicukiro,Kanombe,Busanza,Residential,Active,2020-09-12,-1.972501,30.11006
CUST-002316,Nyarugenge,Muhima,Rugenge,Industries,Active,2025-12-05,-1.927816,30.062893
CUST-002317,Kicukiro,Kicukiro,Kagina,Residential,Active,2021-11-06,-1.941089,30.104226
CUST-002318,Gasabo,Rutunga,Kibenga,Residential,Suspended,2024-11-21,-1.902801,30.171658
CUST-002319,Gasabo,Jabana,Kidashya,Residential,Suspended,2021-12-02,-1.906211,30.109732
CUST-002320,Gasabo,Jali,Nyakabungo,Residential,Active,2020-03-30,-1.895761,30.156865
CUST-002321,Gasabo,Rutunga,Kabaliza,Residential,Active,2020-07-07,-1.957776,30.114926
CUST-002322,Gasabo,Jabana,Akamatamu,Residential,Active,2023-11-19,-1.885814,30.081622
CUST-002323,Gasabo,Ndera,Kibenga,Residential,Disconnected,2023-08-27,-1.898644,30.141706
CUST-002324,Gasabo,Kinyinya,Gacuriro,Residential,Disconnected,2024-12-22,-1.871058,30.123854
CUST-002325,Gasabo,Ndera,Bwiza,Residential,Active,2025-07-03,-1.902711,30.150289
CUST-002326,Gasabo,Bumbogo,Ngara,Residential,Disconnected,2021-08-17,-1.895932,30.077742
CUST-002327,Nyarugenge,Gitega,Kora,Residential,Active,2025-10-05,-1.960726,30.09288
CUST-002328,Gasabo,Nduba,Gasanze,Residential,Disconnected,2024-07-21,-1.915386,30.144243
CUST-002329,Kicukiro,Kigarama,Bwerankori,Residential,Active,2023-09-22,-1.971713,30.104991
CUST-002330,Gasabo,Remera,Nyarutarama,Residential,Active,2020-06-19,-1.830132,30.123088
CUST-002331,Nyarugenge,Kanyinya,Nzove,Residential,Active,2022-09-21,-1.994843,30.098578
CUST-002332,Nyarugenge,Kigali,Mwendo,Residential,Active,2021-09-12,-1.96578,30.056196
CUST-002333,Nyarugenge,Muhima,Ubumwe,Public Taps,Active,2021-02-21,-1.975442,30.09069
CUST-002334,Kicukiro,Nyarugunga,Rwimbogo,Residential,Active,2025-12-24,-1.960486,30.096454
CUST-002335,Gasabo,Nduba,Muremure,Residential,Active,2024-06-25,-1.899336,30.135121
CUST-002336,Gasabo,Jabana,Kabuye,Residential,Active,2024-02-08,-1.891424,30.097824
CUST-002337,Gasabo,Ndera,Mukuyu,Residential,Active,2020-09-14,-1.879567,30.149342
CUST-002338,Nyarugenge,Mageragere,Kankuba,Residential,Active,2021-07-29,-1.976691,30.061384
CUST-002339,Nyarugenge,Kimisagara,Katabaro,Residential,Active,2023-01-10,-1.983451,30.062809
CUST-002340,Nyarugenge,Nyakabanda,Munanira II,Residential,Active,2021-05-19,-1.98738,30.039442
CUST-002341,Nyarugenge,Nyamirambo,Cyivugiza,Residential,Active,2023-02-10,-1.98428,30.08203
CUST-002342,Kicukiro,Masaka,Mbabe,Residential,Active,2020-02-14,-2.017151,30.001119
CUST-002343,Gasabo,Bumbogo,Nyagasozi,Residential,Active,2024-05-09,-1.886941,30.136866
CUST-002344,Gasabo,Rusororo,Gasagara,Residential,Active,2023-04-01,-1.910596,30.13261
CUST-002345,Gasabo,Ndera,Bwiza,Residential,Active,2023-05-05,-1.895493,30.118769
CUST-002346,Gasabo,Rusororo,Ruhanga,Residential,Active,2025-08-02,-1.9254,30.071329
CUST-002347,Nyarugenge,Muhima,Kabeza,Residential,Active,2022-09-01,-2.02623,30.09356
CUST-002348,Kicukiro,Kigarama,Nyarurama,Residential,Active,2023-12-17,-2.000973,30.143634
CUST-002349,Nyarugenge,Muhima,Rugenge,Residential,Active,2020-04-25,-1.954362,30.069465
CUST-002350,Kicukiro,Gatenga,Nyanza,Industries,Suspended,2023-10-06,-2.015187,30.105645
CUST-002351,Gasabo,Gatsata,Nyamabuye,Residential,Active,2023-07-27,-1.903631,30.141515
CUST-002352,Gasabo,Rutunga,Kabaliza,Residential,Active,2022-04-13,-1.919311,30.069629
CUST-002353,Kicukiro,Nyarugunga,Kamashashi,Residential,Active,2024-03-20,-2.014914,30.073914
CUST-002354,Gasabo,Remera,Nyarutarama,Residential,Active,2024-04-14,-1.891271,30.177955
CUST-002355,Gasabo,Rusororo,Bisenga,Residential,Active,2023-12-26,-1.884878,30.176874
CUST-002356,Kicukiro,Kigarama,Nyarurama,Residential,Active,2024-06-16,-1.979012,30.07891
CUST-002357,Gasabo,Kimihurura,Kimihurura,Residential,Active,2025-03-08,-1.853056,30.166275
CUST-002358,Gasabo,Bumbogo,Musave,Residential,Active,2025-02-20,-1.855806,30.122747
CUST-002359,Gasabo,Nduba,Gasura,Residential,Active,2023-03-01,-1.924404,30.188792
CUST-002360,Kicukiro,Kigarama,Nyarurama,Residential,Active,2025-11-21,-2.001868,30.101527
CUST-002361,Kicukiro,Gahanga,Kagasa,Residential,Active,2024-04-04,-2.014828,30.074347
CUST-002362,Gasabo,Nduba,Gasanze,Residential,Active,2023-08-29,-1.878536,30.127646
CUST-002363,Nyarugenge,Muhima,Amahoro,Residential,Active,2022-08-31,-1.929129,30.004102
CUST-002364,Gasabo,Rusororo,Ruhanga,Residential,Active,2020-06-24,-1.843917,30.125416
CUST-002365,Gasabo,Rutunga,Indatemwa,Industries,Active,2024-10-03,-1.883774,30.159973
CUST-002366,Kicukiro,Niboye,Gatare,Residential,Active,2021-03-18,-1.998508,30.037968
CUST-002367,Gasabo,Kacyiru,Kamatamu,Residential,Active,2025-10-04,-1.920412,30.14065
CUST-002368,Nyarugenge,Kimisagara,Kimisagara,Residential,Active,2021-09-22,-1.987732,30.041759
CUST-002369,Gasabo,Jali,Nyakabungo,Residential,Active,2020-07-22,-1.845329,30.103135
CUST-002370,Gasabo,Bumbogo,Ngara,Residential,Active,2025-12-16,-1.88905,30.179874
CUST-002371,Kicukiro,Gahanga,Gahanga,Residential,Active,2025-09-28,-1.967115,30.097452
CUST-002372,Gasabo,Rutunga,Indatemwa,Residential,Active,2024-03-03,-1.852537,30.15691
CUST-002373,Gasabo,Nduba,Muremure,Residential,Active,2022-02-26,-1.851008,30.155969
CUST-002374,Nyarugenge,Mageragere,Nyarurenzi,Residential,Active,2023-07-31,-1.936327,30.090408
CUST-002375,Nyarugenge,Mageragere,Ntungamo,Residential,Suspended,2023-09-10,-1.997713,30.01028
CUST-002376,Nyarugenge,Muhima,Ubumwe,Residential,Active,2021-06-03,-1.995786,30.076299
CUST-002377,Nyarugenge,Muhima,Rugenge,Residential,Active,2023-08-06,-1.965317,30.0523
CUST-002378,Gasabo,Kimihurura,Kimihurura,Residential,Active,2022-10-13,-1.911047,30.121379
CUST-002379,Nyarugenge,Kimisagara,Kimisagara,Residential,Active,2024-04-20,-2.023467,30.068026
CUST-002380,Nyarugenge,Muhima,Ubumwe,Residential,Active,2025-09-29,-1.985396,30.057003
CUST-002381,Gasabo,Gisozi,Ruhango,Residential,Active,2024-11-17,-1.884409,30.160345
CUST-002382,Gasabo,Jali,Buhiza,Residential,Active,2022-01-14,-1.876276,30.116488
CUST-002383,Gasabo,Kinyinya,Murama,Residential,Active,2023-06-04,-1.891721,30.125526
CUST-002384,Nyarugenge,Gitega,Akabeza,Residential,Suspended,2022-03-05,-1.915306,30.045771
CUST-002385,Nyarugenge,Nyakabanda,Munanira I,Residential,Active,2025-12-07,-1.928134,30.060014
CUST-002386,Nyarugenge,Gitega,Kinyange,Residential,Active,2021-12-28,-1.947592,30.024422
CUST-002387,Kicukiro,Gahanga,Kagasa,Residential,Active,2022-12-28,-1.93845,30.098312
CUST-002388,Nyarugenge,Rwezamenyo,Kabuguru II,Residential,Active,2022-01-13,-1.948864,30.059948
CUST-002389,Kicukiro,Gahanga,Murinja,Residential,Disconnected,2020-06-25,-1.993003,30.120391
CUST-002390,Kicukiro,Gikondo,Kagunga,Residential,Active,2020-03-13,-1.962124,30.091014
CUST-002391,Gasabo,Kimihurura,Kamukina,Industries,Active,2023-03-17,-1.836223,30.091607
CUST-002392,Gasabo,Nduba,Shango,Residential,Active,2024-09-03,-1.853879,30.099527
CUST-002393,Gasabo,Nduba,Shango,Residential,Active,2021-02-06,-1.885005,30.090554
CUST-002394,Nyarugenge,Gitega,Kinyange,Residential,Active,2024-08-26,-1.939557,30.051407
CUST-002395,Nyarugenge,Mageragere,Ntungamo,Residential,Suspended,2020-10-17,-1.963798,30.048768
CUST-002396,Nyarugenge,Mageragere,Kavumu,Residential,Active,2025-09-12,-1.945487,30.122716
CUST-002397,Nyarugenge,Nyarugenge,Kiyovu,Residential,Active,2023-01-01,-1.999908,30.050357
CUST-002398,Nyarugenge,Gitega,Gacyamo,Residential,Active,2020-03-07,-1.936791,30.056061
CUST-002399,Gasabo,Ndera,Kibenga,Residential,Active,2023-08-30,-1.89694,30.15858
CUST-002400,Nyarugenge,Mageragere,Nyarurenzi,Residential,Active,2021-10-29,-2.005949,30.070862
CUST-002401,Kicukiro,Gahanga,Kagasa,Non-Residential,Active,2021-07-04,-1.973549,30.116398
CUST-002402,Gasabo,Gatsata,Nyamugari,Residential,Suspended,2021-05-24,-1.859788,30.093306
CUST-002403,Nyarugenge,Nyamirambo,Cyivugiza,Residential,Active,2022-12-09,-1.968766,30.031451
CUST-002404,Gasabo,Gisozi,Ruhango,Residential,Active,2025-08-10,-1.880867,30.184264
CUST-002405,Kicukiro,Kanombe,Busanza,Residential,Active,2023-10-28,-1.990731,30.113871
CUST-002406,Nyarugenge,Muhima,Ubumwe,Residential,Active,2022-08-14,-1.96066,30.021086
CUST-002407,Gasabo,Nduba,Gatunga,Residential,Active,2020-03-09,-1.837254,30.14075
CUST-002408,Kicukiro,Kicukiro,Kicukiro,Residential,Active,2024-02-28,-2.00128,30.084172
CUST-002409,Gasabo,Kimironko,Kibagabaga,Residential,Active,2024-08-23,-1.939287,30.139834
CUST-002410,Gasabo,Jali,Nyabuliba,Residential,Active,2020-06-11,-1.897136,30.1894
CUST-002411,Kicukiro,Nyarugunga,Rwimbogo,Residential,Active,2020-01-23,-1.910115,30.093167
CUST-002412,Gasabo,Jali,Nyakabungo,Residential,Active,2022-07-18,-1.888261,30.146758
CUST-002413,Gasabo,Kinyinya,Gacuriro,Residential,Active,2021-05-21,-1.861823,30.135458
CUST-002414,Nyarugenge,Kigali,Ruriba,Residential,Active,2020-04-25,-1.970286,30.051704
CUST-002415,Nyarugenge,Rwezamenyo,Rwezamenyo II,Residential,Active,2022-08-20,-1.990991,30.054593
CUST-002416,Kicukiro,Gikondo,Kanserege,Residential,Disconnected,2025-09-30,-2.013569,30.133999
CUST-002417,Kicukiro,Gahanga,Rwabutenge,Residential,Active,2025-08-15,-1.999573,30.076505
CUST-002418,Kicukiro,Kigarama,Rwampara,Residential,Active,2021-11-19,-1.97676,30.105266
CUST-002419,Kicukiro,Masaka,Ayabaraya,Residential,Active,2021-10-14,-1.966568,30.143143
CUST-002420,Nyarugenge,Muhima,Nyabugogo,Residential,Active,2025-12-25,-1.99887,30.042298
CUST-002421,Kicukiro,Gatenga,Nyarurama,Residential,Active,2021-10-21,-1.97426,30.095183
CUST-002422,Gasabo,Gikomero,Kibara,Residential,Active,2021-01-24,-1.848858,30.059587
CUST-002423,Kicukiro,Gatenga,Nyarurama,Residential,Active,2020-11-21,-1.975937,30.078645
CUST-002424,Gasabo,Gikomero,Gasagara,Residential,Active,2021-03-13,-1.921523,30.204555
CUST-002425,Gasabo,Nduba,Gasura,Residential,Active,2022-03-23,-1.890714,30.154617
CUST-002426,Nyarugenge,Kanyinya,Nzove,Residential,Active,2024-06-22,-1.990991,30.05042
CUST-002427,Nyarugenge,Kanyinya,Nzove,Residential,Disconnected,2024-03-16,-2.006601,30.028053
CUST-002428,Nyarugenge,Nyamirambo,Gasharu,Residential,Active,2021-02-10,-1.903117,30.098182
CUST-002429,Kicukiro,Kicukiro,Kagina,Residential,Active,2024-05-22,-1.999113,29.995161
CUST-002430,Nyarugenge,Muhima,Rugenge,Residential,Active,2022-09-22,-1.94431,30.017478
CUST-002431,Gasabo,Kimihurura,Rugando,Non-Residential,Active,2020-06-15,-1.931858,30.172273
CUST-002432,Nyarugenge,Kigali,Ruriba,Residential,Active,2022-03-31,-1.966393,30.000854
CUST-002433,Gasabo,Kinyinya,Gasharu,Residential,Active,2020-08-21,-1.862765,30.151844
CUST-002434,Gasabo,Kinyinya,Murama,Residential,Active,2025-05-05,-1.884777,30.141718
CUST-002435,Kicukiro,Nyarugunga,Nonko,Residential,Active,2020-11-23,-1.932537,30.133401
CUST-002436,Gasabo,Rusororo,Gasagara,Residential,Active,2025-10-22,-1.906675,30.117185
CUST-002437,Nyarugenge,Kimisagara,Kimisagara,Residential,Suspended,2020-07-21,-2.030305,29.985861
CUST-002438,Kicukiro,Gatenga,Nyarurama,Residential,Active,2024-06-04,-1.978458,30.060203
CUST-002439,Nyarugenge,Nyarugenge,Biryogo,Residential,Active,2023-09-13,-1.942447,30.07225
CUST-002440,Gasabo,Ndera,Rudashya,Residential,Active,2024-03-22,-1.867708,30.102329
CUST-002441,Gasabo,Jali,Buhiza,Non-Residential,Active,2020-07-28,-1.923359,30.144022
CUST-002442,Nyarugenge,Kanyinya,Nyamweru,Residential,Active,2021-06-06,-2.068389,30.054668
CUST-002443,Gasabo,Remera,Nyabisindu,Residential,Active,2024-12-07,-1.859469,30.122976
CUST-002444,Kicukiro,Gatenga,Nyanza,Residential,Active,2020-04-18,-1.998955,30.114558
CUST-002445,Nyarugenge,Mageragere,Nyarurenzi,Residential,Active,2025-01-22,-1.970584,30.033591
CUST-002446,Gasabo,Jabana,Kabuye,Public Taps,Active,2023-01-25,-1.907383,30.137436
CUST-002447,Gasabo,Kimihurura,Rugando,Residential,Active,2023-06-27,-1.821658,30.188799
CUST-002448,Gasabo,Rusororo,Nyagahinga,Residential,Active,2020-02-02,-1.893472,30.114991
CUST-002449,Gasabo,Nduba,Shango,Residential,Active,2023-05-04,-1.879228,30.131318
CUST-002450,Nyarugenge,Kimisagara,Kimisagara,Residential,Active,2023-06-21,-1.923094,30.07051
CUST-002451,Nyarugenge,Mageragere,Kavumu,Residential,Active,2022-10-18,-2.039592,30.083906
CUST-002452,Gasabo,Jali,Muko,Public Taps,Active,2022-11-05,-1.889595,30.108357
CUST-002453,Gasabo,Ndera,Bwiza,Residential,Active,2025-02-09,-1.89931,30.153361
CUST-002454,Kicukiro,Gikondo,Kinunga,Residential,Active,2021-05-13,-1.95348,30.080101
CUST-002455,Kicukiro,Gikondo,Kanserege,Non-Residential,Active,2020-05-24,-2.016607,30.128295
CUST-002456,Gasabo,Nduba,Shango,Residential,Active,2023-08-08,-1.911164,30.157996
CUST-002457,Gasabo,Rutunga,Kacyatwa,Residential,Active,2020-10-17,-1.884403,30.144782
CUST-002458,Gasabo,Kimironko,Nyagatovu,Residential,Active,2020-11-04,-1.935819,30.181046
CUST-002459,Nyarugenge,Kimisagara,Kimisagara,Industries,Active,2025-11-17,-1.920796,30.012867
CUST-002460,Gasabo,Jali,Nyakabungo,Residential,Active,2022-02-17,-1.877792,30.151339
CUST-002461,Kicukiro,Masaka,Gako,Residential,Active,2023-10-13,-1.990672,30.101576
CUST-002462,Gasabo,Ndera,Rudashya,Residential,Active,2020-02-22,-1.81044,30.161685
CUST-002463,Gasabo,Bumbogo,Mvuzo,Residential,Active,2023-10-30,-1.9028,30.09466
CUST-002464,Kicukiro,Gatenga,Karambo,Residential,Active,2025-06-27,-1.928331,30.140528
CUST-002465,Kicukiro,Kagarama,Rukatsa,Residential,Active,2020-07-26,-1.960826,30.164958
CUST-002466,Kicukiro,Kigarama,Rwampara,Residential,Active,2024-07-01,-2.00641,30.080195
CUST-002467,Gasabo,Jabana,Kidashya,Residential,Active,2024-04-25,-1.890171,30.084347
CUST-002468,Nyarugenge,Nyakabanda,Nyakabanda II,Non-Residential,Active,2024-02-25,-1.97068,30.041576
CUST-002469,Nyarugenge,Gitega,Akabahizi,Residential,Active,2025-06-03,-1.932613,30.064246
CUST-002470,Nyarugenge,Gitega,Gacyamo,Residential,Suspended,2023-10-08,-1.936868,30.084623
CUST-002471,Gasabo,Kacyiru,Kibaza,Residential,Disconnected,2023-04-30,-1.892728,30.141802
CUST-002472,Nyarugenge,Nyakabanda,Nyakabanda I,Residential,Disconnected,2025-03-25,-1.930879,30.107047
CUST-002473,Kicukiro,Gikondo,Kanserege,Residential,Active,2025-02-03,-1.978172,30.145278
CUST-002474,Gasabo,Nduba,Sha,Residential,Active,2020-10-14,-1.914091,30.130559
CUST-002475,Kicukiro,Masaka,Mbabe,Public Taps,Suspended,2020-05-22,-1.962795,30.101588
CUST-002476,Gasabo,Kacyiru,Kibaza,Residential,Disconnected,2023-12-25,-1.898956,30.108982
CUST-002477,Nyarugenge,Rwezamenyo,Rwezamenyo I,Residential,Active,2021-03-30,-1.955134,30.041795
CUST-002478,Gasabo,Nduba,Gasanze,Residential,Active,2022-04-14,-1.893789,30.144336
CUST-002479,Kicukiro,Kagarama,Rukatsa,Residential,Active,2020-05-19,-2.02972,30.156676
CUST-002480,Nyarugenge,Rwezamenyo,Kabuguru I,Residential,Active,2024-11-16,-1.96735,30.070841
CUST-002481,Gasabo,Kinyinya,Kagugu,Residential,Active,2025-05-30,-1.85162,30.126862
CUST-002482,Kicukiro,Gatenga,Gatenga,Residential,Active,2024-01-18,-1.952907,30.088413
CUST-002483,Kicukiro,Masaka,Ayabaraya,Residential,Disconnected,2020-11-19,-2.006167,30.128982
CUST-002484,Kicukiro,Gahanga,Nunga,Residential,Disconnected,2021-10-11,-2.005657,30.062968
CUST-002485,Gasabo,Rusororo,Kabuga I,Residential,Active,2024-09-04,-1.866479,30.148961
CUST-002486,Gasabo,Bumbogo,Musave,Residential,Active,2023-12-08,-1.847238,30.147829
CUST-002487,Gasabo,Rusororo,Kabuga I,Residential,Active,2023-01-17,-1.846621,30.107097
CUST-002488,Nyarugenge,Nyakabanda,Munanira I,Residential,Active,2022-07-22,-1.970102,30.112018
CUST-002489,Gasabo,Rusororo,Kabuga I,Residential,Active,2021-07-31,-1.858461,30.189291
CUST-002490,Gasabo,Rutunga,Gasabo,Residential,Active,2020-05-26,-1.834889,30.165682
CUST-002491,Gasabo,Ndera,Mukuyu,Residential,Active,2021-11-19,-1.87344,30.133474
CUST-002492,Kicukiro,Niboye,Niboye,Residential,Transferred,2020-11-10,-1.972397,30.079441
CUST-002493,Gasabo,Kacyiru,Kibaza,Residential,Active,2023-04-11,-1.868098,30.157285
CUST-002494,Gasabo,Bumbogo,Nkuzuzu,Residential,Active,2022-04-22,-1.872754,30.13414
CUST-002495,Nyarugenge,Mageragere,Mataba,Residential,Active,2025-11-19,-1.968383,30.059385
CUST-002496,Kicukiro,Kicukiro,Kicukiro,Residential,Disconnected,2025-03-22,-2.000922,30.154502
CUST-002497,Gasabo,Rusororo,Kabuga II,Residential,Active,2024-03-06,-1.865743,30.125434
CUST-002498,Gasabo,Kimironko,Nyagatovu,Industries,Active,2021-02-09,-1.884857,30.126905
CUST-002499,Gasabo,Bumbogo,Mvuzo,Residential,Disconnected,2021-05-05,-1.883126,30.134462
CUST-002500,Kicukiro,Kanombe,Busanza,Residential,Suspended,2024-03-12,-1.988188,30.104752
CUST-002501,Gasabo,Ndera,Kibenga,Residential,Active,2021-10-07,-1.842104,30.110578
CUST-002502,Nyarugenge,Gitega,Kora,Residential,Active,2023-08-27,-1.996238,30.085215
CUST-002503,Nyarugenge,Kimisagara,Kimisagara,Residential,Active,2021-07-23,-1.972966,30.037644
CUST-002504,Nyarugenge,Gitega,Akabahizi,Residential,Active,2024-10-20,-1.950495,30.047151
CUST-002505,Gasabo,Nduba,Butare,Residential,Active,2021-11-30,-1.873168,30.0543
CUST-002506,Nyarugenge,Kigali,Ruriba,Residential,Active,2023-06-30,-1.932711,30.024011
CUST-002507,Nyarugenge,Mageragere,Ntungamo,Residential,Active,2020-07-19,-1.987499,30.070574
CUST-002508,Nyarugenge,Muhima,Amahoro,Residential,Active,2024-05-02,-2.017556,30.054976
CUST-002509,Gasabo,Jali,Muko,Residential,Active,2025-07-07,-1.904127,30.074088
CUST-002510,Gasabo,Jabana,Kidashya,Residential,Active,2020-01-02,-1.837338,30.12713
CUST-002511,Gasabo,Gikomero,Murambi,Residential,Active,2023-06-17,-1.881212,30.117791
CUST-002512,Kicukiro,Kigarama,Kigarama,Residential,Active,2023-05-11,-1.951477,30.117626
CUST-002513,Kicukiro,Masaka,Gitaraga,Residential,Active,2024-06-25,-1.976743,30.141754
CUST-002514,Nyarugenge,Kigali,Kigali,Residential,Active,2022-01-09,-1.967918,30.03879
CUST-002515,Gasabo,Bumbogo,Nyabikenke,Residential,Active,2021-07-31,-1.8409,30.185583
CUST-002516,Kicukiro,Nyarugunga,Rwimbogo,Residential,Active,2024-08-26,-1.972903,30.085988
CUST-002517,Nyarugenge,Mageragere,Kankuba,Residential,Active,2024-05-31,-2.008026,30.062294
CUST-002518,Kicukiro,Gahanga,Karembure,Residential,Active,2023-10-20,-1.963675,30.099474
CUST-002519,Gasabo,Kinyinya,Gacuriro,Public Taps,Active,2025-08-02,-1.851128,30.140412
CUST-002520,Kicukiro,Masaka,Cyimo,Residential,Active,2022-09-01,-1.951072,30.112379
CUST-002521,Gasabo,Nduba,Butare,Public Taps,Active,2023-12-23,-1.906654,30.093668
CUST-002522,Gasabo,Kimihurura,Kamukina,Residential,Active,2022-06-10,-1.852336,30.12805
CUST-002523,Nyarugenge,Mageragere,Mataba,Residential,Active,2022-11-14,-1.956223,30.10422
CUST-002524,Nyarugenge,Kanyinya,Taba,Residential,Active,2024-12-16,-1.973754,30.085141
CUST-002525,Gasabo,Bumbogo,Nkuzuzu,Residential,Active,2022-05-21,-1.892975,30.139893
CUST-002526,Gasabo,Gatsata,Nyamabuye,Residential,Active,2024-11-19,-1.879866,30.169774
CUST-002527,Gasabo,Rusororo,Bisenga,Residential,Active,2023-02-24,-1.812167,30.166227
CUST-002528,Kicukiro,Kanombe,Rubirizi,Residential,Active,2025-03-26,-2.008254,30.064243
CUST-002529,Nyarugenge,Rwezamenyo,Rwezamenyo I,Residential,Active,2022-05-20,-1.972889,30.050574
CUST-002530,Nyarugenge,Kimisagara,Kamuhoza,Residential,Active,2024-06-08,-1.965328,30.077341
CUST-002531,Gasabo,Rusororo,Mbandazi,Residential,Suspended,2020-06-20,-1.908566,30.122707
CUST-002532,Gasabo,Nduba,Gasanze,Residential,Disconnected,2022-06-16,-1.82949,30.076536
CUST-002533,Kicukiro,Kanombe,Busanza,Public Taps,Active,2021-02-10,-1.962588,30.077904
CUST-002534,Kicukiro,Niboye,Nyakabanda,Residential,Active,2021-02-07,-1.993951,30.070337
CUST-002535,Gasabo,Gatsata,Karuruma,Residential,Active,2021-10-15,-1.911495,30.108203
CUST-002536,Gasabo,Jali,Agateko,Residential,Active,2024-03-21,-1.882645,30.160518
CUST-002537,Kicukiro,Kigarama,Rwampara,Residential,Active,2024-07-27,-1.970229,30.102884
CUST-002538,Nyarugenge,Gitega,Gacyamo,Residential,Active,2021-07-15,-1.959591,30.059596
CUST-002539,Kicukiro,Kicukiro,Ngoma,Residential,Active,2020-12-29,-1.961842,30.11506
CUST-002540,Kicukiro,Kicukiro,Gasharu,Residential,Active,2025-04-13,-1.954774,30.163603
CUST-002541,Gasabo,Rutunga,Kibenga,Residential,Active,2022-06-10,-1.853013,30.083818
CUST-002542,Gasabo,Nduba,Gasura,Residential,Disconnected,2020-05-16,-1.889228,30.164545
CUST-002543,Nyarugenge,Kanyinya,Nyamweru,Residential,Suspended,2025-04-05,-1.965851,30.068995
CUST-002544,Nyarugenge,Kanyinya,Taba,Residential,Active,2022-09-09,-1.946154,30.031439
CUST-002545,Kicukiro,Kanombe,Rubirizi,Residential,Active,2024-04-21,-1.970218,30.115463
CUST-002546,Nyarugenge,Mageragere,Runzenze,Residential,Active,2020-03-30,-1.926612,30.032648
CUST-002547,Nyarugenge,Nyamirambo,Cyivugiza,Residential,Active,2020-05-28,-1.943501,30.049679
CUST-002548,Gasabo,Gisozi,Ruhango,Residential,Disconnected,2022-07-11,-1.910132,30.076553
CUST-002549,Gasabo,Gatsata,Nyamugari,Residential,Active,2022-11-04,-1.893743,30.14893
CUST-002550,Kicukiro,Kagarama,Kanserege,Non-Residential,Active,2021-09-05,-2.011015,30.106035
CUST-002551,Kicukiro,Gahanga,Gahanga,Residential,Active,2021-07-03,-1.976689,30.080567
CUST-002552,Nyarugenge,Mageragere,Kankuba,Residential,Active,2025-04-26,-1.951149,30.049505
CUST-002553,Gasabo,Kimihurura,Kimihurura,Residential,Active,2023-03-09,-1.854399,30.069635
CUST-002554,Kicukiro,Niboye,Gatare,Residential,Active,2021-06-07,-1.954827,30.158346
CUST-002555,Kicukiro,Masaka,Cyimo,Residential,Active,2024-03-10,-1.97447,30.067774
CUST-002556,Gasabo,Nduba,Sha,Residential,Active,2024-08-14,-1.942296,30.170661
CUST-002557,Nyarugenge,Muhima,Tetero,Residential,Suspended,2024-01-07,-1.975338,30.097348
CUST-002558,Nyarugenge,Kimisagara,Kimisagara,Residential,Active,2021-06-01,-1.937198,30.082379
CUST-002559,Nyarugenge,Muhima,Rugenge,Residential,Active,2022-10-20,-1.968616,30.05602
CUST-002560,Gasabo,Nduba,Shango,Residential,Active,2023-09-28,-1.89325,30.131655
CUST-002561,Gasabo,Rusororo,Mbandazi,Residential,Active,2021-01-18,-1.846692,30.115899
CUST-002562,Kicukiro,Kicukiro,Kagina,Residential,Active,2023-11-22,-1.967853,30.104644
CUST-002563,Gasabo,Rusororo,Ruhanga,Residential,Active,2021-03-25,-1.896483,30.154601
CUST-002564,Gasabo,Rusororo,Bisenga,Residential,Active,2020-04-09,-1.856583,30.086642
CUST-002565,Kicukiro,Masaka,Gako,Residential,Active,2022-07-27,-1.949101,30.127138
CUST-002566,Kicukiro,Gahanga,Karembure,Non-Residential,Active,2021-04-15,-1.986445,30.128501
CUST-002567,Gasabo,Jabana,Bweramvura,Residential,Active,2022-11-29,-1.890976,30.130549
CUST-002568,Gasabo,Rutunga,Kibenga,Residential,Active,2021-09-10,-1.877394,30.160404
CUST-002569,Gasabo,Remera,Nyarutarama,Residential,Active,2024-04-18,-1.88756,30.167385
CUST-002570,Gasabo,Gisozi,Musezero,Residential,Active,2020-07-24,-1.900443,30.170067
CUST-002571,Kicukiro,Kigarama,Kigarama,Residential,Active,2023-09-11,-1.958258,30.113264
CUST-002572,Gasabo,Gatsata,Karuruma,Residential,Active,2023-08-17,-1.833568,30.194518
CUST-002573,Gasabo,Rutunga,Kabaliza,Residential,Active,2023-01-18,-1.917525,30.111643
CUST-002574,Gasabo,Nduba,Sha,Residential,Active,2022-07-07,-1.939922,30.140799
CUST-002575,Nyarugenge,Mageragere,Ntungamo,Residential,Active,2024-12-25,-1.966887,30.057481
CUST-002576,Nyarugenge,Kimisagara,Katabaro,Residential,Active,2020-04-23,-1.965419,30.054154
CUST-002577,Gasabo,Ndera,Kibenga,Residential,Active,2023-01-19,-1.861093,30.1232
CUST-002578,Nyarugenge,Mageragere,Nyarufunzo,Residential,Active,2020-10-23,-1.997391,30.049347
CUST-002579,Kicukiro,Masaka,Gako,Residential,Active,2020-01-13,-1.99414,30.105222
CUST-002580,Kicukiro,Masaka,Ayabaraya,Residential,Active,2020-09-30,-1.948907,30.150075
CUST-002581,Gasabo,Gikomero,Munini,Residential,Active,2024-04-12,-1.893954,30.13583
CUST-002582,Kicukiro,Gikondo,Kanserege,Residential,Active,2020-05-31,-2.019609,30.076331
CUST-002583,Gasabo,Nduba,Butare,Residential,Active,2023-01-13,-1.839977,30.142724
CUST-002584,Nyarugenge,Kigali,Ruriba,Residential,Active,2020-08-14,-1.943727,30.120892
CUST-002585,Gasabo,Gatsata,Nyamugari,Residential,Active,2024-05-12,-1.860931,30.147838
CUST-002586,Nyarugenge,Nyakabanda,Munanira I,Industries,Suspended,2025-06-06,-1.956906,30.071235
CUST-002587,Gasabo,Gikomero,Kibara,Residential,Active,2021-12-21,-1.880244,30.127408
CUST-002588,Nyarugenge,Kimisagara,Kamuhoza,Residential,Active,2023-12-16,-1.996769,30.055712
CUST-002589,Gasabo,Bumbogo,Ngara,Residential,Active,2024-11-03,-1.862079,30.116796
CUST-002590,Nyarugenge,Muhima,Tetero,Residential,Active,2021-06-20,-2.003002,30.085586
CUST-002591,Gasabo,Nduba,Muremure,Public Taps,Active,2023-07-11,-1.849221,30.163082
CUST-002592,Nyarugenge,Nyarugenge,Biryogo,Residential,Active,2023-01-13,-1.956269,30.042413
CUST-002593,Nyarugenge,Nyakabanda,Munanira II,Residential,Active,2023-07-12,-1.936057,30.085423
CUST-002594,Nyarugenge,Nyakabanda,Munanira II,Non-Residential,Active,2020-02-03,-1.999756,30.079316
CUST-002595,Gasabo,Ndera,Mukuyu,Public Taps,Active,2024-01-08,-1.910678,30.163307
CUST-002596,Kicukiro,Kigarama,Karugira,Public Taps,Active,2023-12-08,-1.964077,30.124069
CUST-002597,Nyarugenge,Mageragere,Kankuba,Public Taps,Active,2023-10-27,-1.951397,30.089604
CUST-002598,Nyarugenge,Kanyinya,Taba,Residential,Active,2025-10-11,-1.98885,30.071774
CUST-002599,Gasabo,Jabana,Bweramvura,Residential,Suspended,2025-08-23,-1.896674,30.158924
CUST-002600,Nyarugenge,Rwezamenyo,Kabuguru II,Residential,Disconnected,2022-06-17,-1.988615,30.060508
CUST-002601,Kicukiro,Niboye,Gatare,Residential,Active,2022-12-07,-1.95761,30.102022
CUST-002602,Gasabo,Nduba,Shango,Residential,Active,2022-09-04,-1.826348,30.121597
CUST-002603,Kicukiro,Kanombe,Karama,Residential,Transferred,2023-11-07,-1.948222,30.113187
CUST-002604,Gasabo,Bumbogo,Ngara,Residential,Active,2025-06-29,-1.86949,30.111941
CUST-002605,Gasabo,Nduba,Butare,Residential,Active,2023-03-12,-1.902211,30.156492
CUST-002606,Nyarugenge,Nyakabanda,Nyakabanda I,Residential,Active,2022-09-28,-1.983204,30.108062
CUST-002607,Kicukiro,Kanombe,Karama,Residential,Disconnected,2022-12-16,-1.994497,30.105474
CUST-002608,Gasabo,Bumbogo,Nkuzuzu,Residential,Active,2023-02-27,-1.933246,30.129711
CUST-002609,Nyarugenge,Gitega,Gacyamo,Residential,Active,2020-04-07,-1.946655,30.096897
CUST-002610,Gasabo,Nduba,Gasanze,Residential,Active,2024-05-09,-1.886289,30.10983
CUST-002611,Kicukiro,Gikondo,Kinunga,Residential,Active,2025-01-23,-2.003398,30.076385
CUST-002612,Gasabo,Rusororo,Bisenga,Residential,Active,2024-10-04,-1.897679,30.123345
CUST-002613,Nyarugenge,Nyakabanda,Nyakabanda I,Residential,Active,2024-09-28,-1.943697,30.035282
CUST-002614,Gasabo,Remera,Rukiri II,Residential,Active,2023-09-08,-1.900149,30.133138
CUST-002615,Nyarugenge,Mageragere,Runzenze,Residential,Active,2022-03-12,-1.976302,30.041817
CUST-002616,Kicukiro,Gahanga,Murinja,Residential,Active,2020-11-09,-1.967391,30.065371
CUST-002617,Gasabo,Bumbogo,Nyabikenke,Non-Residential,Active,2023-08-21,-1.857617,30.064917
CUST-002618,Gasabo,Bumbogo,Kinyaga,Residential,Active,2022-05-26,-1.936774,30.172495
CUST-002619,Nyarugenge,Muhima,Tetero,Residential,Active,2023-03-28,-1.982863,30.08667
CUST-002620,Gasabo,Kinyinya,Gasharu,Residential,Active,2024-02-16,-1.866872,30.129107
CUST-002621,Nyarugenge,Nyarugenge,Biryogo,Residential,Active,2025-02-06,-1.979572,30.065647
CUST-002622,Gasabo,Rusororo,Kinyana,Residential,Active,2020-04-01,-1.911728,30.17118
CUST-002623,Kicukiro,Niboye,Niboye,Residential,Active,2021-03-14,-1.980526,30.110884
CUST-002624,Kicukiro,Masaka,Ayabaraya,Residential,Active,2023-04-27,-2.015341,30.118123
CUST-002625,Nyarugenge,Kigali,Rwesero,Residential,Active,2020-02-08,-1.986315,30.055832
CUST-002626,Nyarugenge,Kigali,Nyabugogo,Industries,Active,2020-02-18,-1.959974,30.072378
CUST-002627,Gasabo,Jabana,Kabuye,Residential,Disconnected,2025-12-29,-1.87056,30.122756
CUST-002628,Gasabo,Jali,Nyamitanga,Residential,Active,2025-06-10,-1.880343,30.099644
CUST-002629,Gasabo,Bumbogo,Musave,Residential,Active,2024-05-15,-1.949317,30.142451
CUST-002630,Gasabo,Ndera,Masoro,Residential,Active,2020-10-30,-1.855912,30.107798
CUST-002631,Gasabo,Remera,Rukiri II,Residential,Active,2023-01-16,-1.927838,30.134043
CUST-002632,Gasabo,Kacyiru,Kibaza,Residential,Active,2025-09-09,-1.921358,30.12254
CUST-002633,Gasabo,Ndera,Cyaruzinge,Residential,Active,2024-01-23,-1.898198,30.135102
CUST-002634,Nyarugenge,Nyakabanda,Nyakabanda I,Non-Residential,Active,2025-03-07,-1.946895,30.035812
CUST-002635,Kicukiro,Kagarama,Rukatsa,Residential,Active,2024-11-29,-2.024904,30.139895
CUST-002636,Kicukiro,Kicukiro,Gasharu,Residential,Active,2020-07-27,-2.045427,30.15285
CUST-002637,Nyarugenge,Muhima,Tetero,Residential,Active,2023-10-04,-1.995055,30.092183
CUST-002638,Kicukiro,Nyarugunga,Nonko,Residential,Active,2022-11-29,-1.899385,30.109816
CUST-002639,Gasabo,Jabana,Akamatamu,Residential,Transferred,2024-05-20,-1.921213,30.096366
CUST-002640,Nyarugenge,Kanyinya,Nyamweru,Residential,Active,2021-06-27,-1.962194,30.043251
CUST-002641,Gasabo,Ndera,Cyaruzinge,Non-Residential,Active,2024-06-10,-1.858937,30.178373
CUST-002642,Gasabo,Bumbogo,Musave,Residential,Active,2025-11-07,-1.913315,30.154945
CUST-002643,Nyarugenge,Kimisagara,Kimisagara,Residential,Active,2020-06-26,-1.917424,30.052534
CUST-002644,Gasabo,Rusororo,Kinyana,Residential,Active,2020-06-22,-1.911253,30.112256
CUST-002645,Nyarugenge,Muhima,Kabasengerezi,Residential,Active,2024-03-25,-1.999876,30.023297
CUST-002646,Nyarugenge,Muhima,Kabeza,Residential,Active,2025-06-01,-1.966994,30.023178
CUST-002647,Gasabo,Jali,Muko,Residential,Active,2020-01-03,-1.842207,30.108907
CUST-002648,Nyarugenge,Nyakabanda,Munanira II,Residential,Active,2021-03-17,-1.925932,30.067076
CUST-002649,Gasabo,Rutunga,Kabaliza,Residential,Disconnected,2021-09-20,-1.864066,30.123095
CUST-002650,Nyarugenge,Rwezamenyo,Rwezamenyo II,Non-Residential,Active,2022-07-02,-1.980944,30.054629
CUST-002651,Kicukiro,Masaka,Mbabe,Residential,Active,2021-01-15,-1.949493,30.152019
CUST-002652,Nyarugenge,Mageragere,Nyarurenzi,Residential,Active,2021-04-24,-1.990883,30.042869
CUST-002653,Gasabo,Rusororo,Ruhanga,Residential,Active,2020-12-09,-1.850393,30.187724
CUST-002654,Nyarugenge,Rwezamenyo,Kabuguru I,Residential,Active,2023-03-05,-1.928017,30.04558
CUST-002655,Gasabo,Kimironko,Nyagatovu,Residential,Disconnected,2020-02-13,-1.904097,30.196173
CUST-002656,Nyarugenge,Mageragere,Kavumu,Residential,Active,2024-09-13,-1.927682,30.005618
CUST-002657,Nyarugenge,Mageragere,Ntungamo,Residential,Active,2024-03-18,-1.957217,30.080787
CUST-002658,Kicukiro,Kanombe,Karama,Residential,Active,2020-04-19,-1.958275,30.093345
CUST-002659,Kicukiro,Kanombe,Karama,Residential,Active,2022-04-27,-2.008815,30.126716
CUST-002660,Gasabo,Nduba,Butare,Residential,Active,2023-10-14,-1.82059,30.127494
CUST-002661,Gasabo,Nduba,Gatunga,Residential,Active,2022-04-22,-1.804901,30.123669
CUST-002662,Gasabo,Nduba,Gasanze,Residential,Active,2024-12-23,-1.93881,30.107469
CUST-002663,Gasabo,Gikomero,Murambi,Residential,Suspended,2020-10-04,-1.902372,30.158025
CUST-002664,Gasabo,Kinyinya,Gacuriro,Public Taps,Active,2025-07-16,-1.900681,30.133179
CUST-002665,Nyarugenge,Muhima,Rugenge,Residential,Active,2020-11-30,-1.981445,30.098843
CUST-002666,Gasabo,Kimironko,Kibagabaga,Residential,Active,2025-02-24,-1.884806,30.089628
CUST-002667,Gasabo,Rutunga,Kabaliza,Residential,Active,2021-10-21,-1.863884,30.131238
CUST-002668,Kicukiro,Kanombe,Busanza,Residential,Active,2023-10-20,-1.938423,30.064204
CUST-002669,Gasabo,Bumbogo,Ngara,Residential,Active,2023-10-31,-1.896957,30.141327
CUST-002670,Gasabo,Rutunga,Kacyatwa,Residential,Active,2021-03-09,-1.905657,30.176277
CUST-002671,Kicukiro,Masaka,Gako,Residential,Active,2021-04-06,-2.007678,30.097037
CUST-002672,Nyarugenge,Muhima,Ubumwe,Residential,Active,2023-05-01,-1.920142,30.043263
CUST-002673,Gasabo,Gatsata,Nyamugari,Public Taps,Suspended,2025-01-06,-1.909899,30.107866
CUST-002674,Kicukiro,Kigarama,Bwerankori,Residential,Disconnected,2024-12-28,-1.977867,30.09337
CUST-002675,Nyarugenge,Mageragere,Ntungamo,Residential,Suspended,2025-12-11,-2.011693,30.064158
CUST-002676,Gasabo,Jali,Nkusi,Residential,Active,2025-07-04,-1.928413,30.12827
CUST-002677,Gasabo,Rusororo,Kinyana,Residential,Active,2025-02-27,-1.857848,30.139837
CUST-002678,Kicukiro,Nyarugunga,Kamashashi,Residential,Active,2024-02-02,-1.964131,30.112412
CUST-002679,Gasabo,Kacyiru,Kibaza,Residential,Active,2024-08-10,-1.889315,30.120795
CUST-002680,Kicukiro,Kicukiro,Kagina,Residential,Active,2021-08-12,-1.984344,30.092719
CUST-002681,Gasabo,Kimironko,Nyagatovu,Residential,Active,2020-02-06,-1.850435,30.158427
CUST-002682,Nyarugenge,Mageragere,Runzenze,Residential,Active,2023-10-01,-1.983511,30.042792
CUST-002683,Nyarugenge,Nyarugenge,Kiyovu,Public Taps,Active,2025-11-28,-1.970068,30.062709
CUST-002684,Gasabo,Rutunga,Kigabiro,Residential,Suspended,2020-08-29,-1.876824,30.159285
CUST-002685,Gasabo,Rutunga,Kigabiro,Residential,Active,2020-06-22,-1.872986,30.135227
CUST-002686,Nyarugenge,Nyakabanda,Nyakabanda I,Residential,Active,2021-11-18,-2.018799,30.042583
CUST-002687,Nyarugenge,Kimisagara,Kamuhoza,Residential,Active,2022-11-27,-1.947382,30.001923
CUST-002688,Nyarugenge,Mageragere,Kankuba,Residential,Active,2025-04-22,-1.956045,30.07796
CUST-002689,Nyarugenge,Muhima,Tetero,Residential,Active,2024-06-19,-2.025431,30.023653
CUST-002690,Gasabo,Jali,Muko,Residential,Active,2022-05-18,-1.842978,30.162294
CUST-002691,Gasabo,Jali,Nkusi,Residential,Active,2021-10-19,-1.875707,30.155716
CUST-002692,Gasabo,Nduba,Gasura,Residential,Active,2023-06-24,-1.868367,30.143277
CUST-002693,Nyarugenge,Kigali,Rwesero,Residential,Active,2021-11-13,-1.967683,30.015339
CUST-002694,Gasabo,Kinyinya,Kagugu,Non-Residential,Active,2020-12-25,-1.873975,30.147444
CUST-002695,Gasabo,Jabana,Ngiryi,Residential,Active,2020-07-22,-1.867982,30.150711
CUST-002696,Gasabo,Rutunga,Kigabiro,Residential,Active,2024-10-12,-1.910769,30.109053
CUST-002697,Gasabo,Rutunga,Indatemwa,Residential,Active,2020-10-07,-1.908178,30.115208
CUST-002698,Nyarugenge,Mageragere,Nyarurenzi,Residential,Active,2022-06-27,-1.924787,30.02138
CUST-002699,Nyarugenge,Rwezamenyo,Kabuguru I,Residential,Suspended,2023-03-18,-1.971926,30.049892
CUST-002700,Gasabo,Bumbogo,Nyabikenke,Residential,Active,2022-05-08,-1.852826,30.147136
CUST-002701,Kicukiro,Gatenga,Karambo,Residential,Suspended,2020-07-18,-2.01643,30.065735
CUST-002702,Gasabo,Rusororo,Ruhanga,Residential,Active,2022-10-15,-1.906447,30.14313
CUST-002703,Gasabo,Jali,Nyakabungo,Residential,Active,2023-07-07,-1.885434,30.128964
CUST-002704,Nyarugenge,Muhima,Kabasengerezi,Residential,Active,2021-06-10,-2.027592,30.057831
CUST-002705,Gasabo,Bumbogo,Nyabikenke,Residential,Suspended,2020-02-11,-1.854044,30.114688
CUST-002706,Kicukiro,Kicukiro,Ngoma,Residential,Suspended,2022-10-23,-1.985997,30.040884
CUST-002707,Kicukiro,Kicukiro,Ngoma,Residential,Active,2020-09-15,-1.931298,30.120599
CUST-002708,Nyarugenge,Nyamirambo,Gasharu,Residential,Active,2024-03-03,-1.93189,30.054851
CUST-002709,Nyarugenge,Kimisagara,Kimisagara,Industries,Active,2024-08-18,-2.024547,30.079651
CUST-002710,Gasabo,Rusororo,Ruhanga,Non-Residential,Active,2025-05-09,-1.916289,30.106761
CUST-002711,Gasabo,Jabana,Kidashya,Non-Residential,Active,2022-07-03,-1.912543,30.113658
CUST-002712,Kicukiro,Niboye,Gatare,Residential,Active,2021-04-09,-2.03367,30.05726
CUST-002713,Kicukiro,Gahanga,Nunga,Residential,Active,2025-12-17,-2.015508,30.069164
CUST-002714,Gasabo,Bumbogo,Ngara,Residential,Active,2023-12-25,-1.904685,30.138705
CUST-002715,Gasabo,Ndera,Kibenga,Public Taps,Active,2023-09-19,-1.911732,30.141881
CUST-002716,Gasabo,Gikomero,Gasagara,Residential,Active,2022-03-21,-1.853302,30.174765
CUST-002717,Gasabo,Kimironko,Bibare,Residential,Active,2025-05-08,-1.843285,30.159634
CUST-002718,Gasabo,Kinyinya,Gacuriro,Residential,Active,2022-11-09,-1.898547,30.069247
CUST-002719,Nyarugenge,Nyakabanda,Nyakabanda I,Residential,Transferred,2025-03-08,-1.934173,30.073393
CUST-002720,Gasabo,Rutunga,Kigabiro,Residential,Active,2024-12-14,-1.853079,30.126081
CUST-002721,Gasabo,Rutunga,Indatemwa,Residential,Active,2024-12-24,-1.86464,30.201467
CUST-002722,Gasabo,Kimihurura,Kamukina,Residential,Active,2022-03-17,-1.844941,30.122233
CUST-002723,Nyarugenge,Nyarugenge,Rwampara,Residential,Active,2024-10-24,-1.998725,30.021345
CUST-002724,Gasabo,Gikomero,Murambi,Residential,Active,2025-01-16,-1.85397,30.145272
CUST-002725,Nyarugenge,Rwezamenyo,Rwezamenyo II,Residential,Transferred,2023-10-11,-1.939448,30.076733
CUST-002726,Nyarugenge,Mageragere,Nyarurenzi,Residential,Active,2021-01-30,-1.949687,30.026896
CUST-002727,Nyarugenge,Kigali,Nyabugogo,Residential,Suspended,2021-06-26,-1.958916,30.006073
CUST-002728,Gasabo,Nduba,Muremure,Residential,Disconnected,2020-08-14,-1.883304,30.127803
CUST-002729,Gasabo,Rutunga,Kibenga,Residential,Disconnected,2021-12-08,-1.889368,30.0699
CUST-002730,Gasabo,Nduba,Gasura,Residential,Active,2020-06-05,-1.902791,30.199925
CUST-002731,Kicukiro,Gatenga,Karambo,Non-Residential,Active,2020-12-26,-2.032432,30.091688
CUST-002732,Kicukiro,Kagarama,Muyange,Residential,Active,2023-09-18,-1.987657,30.096213
CUST-002733,Gasabo,Rusororo,Bisenga,Residential,Active,2025-03-28,-1.843972,30.154152
CUST-002734,Kicukiro,Kagarama,Kanserege,Residential,Active,2020-08-01,-1.952835,30.09869
CUST-002735,Gasabo,Ndera,Kibenga,Residential,Active,2020-09-02,-1.879575,30.14798
CUST-002736,Nyarugenge,Nyamirambo,Gasharu,Residential,Active,2022-09-23,-1.996055,30.146857
CUST-002737,Gasabo,Bumbogo,Kinyaga,Residential,Active,2023-05-15,-1.878405,30.127418
CUST-002738,Gasabo,Rusororo,Gasagara,Residential,Active,2021-07-04,-1.899982,30.101869
CUST-002739,Gasabo,Bumbogo,Nyagasozi,Residential,Active,2025-11-04,-1.898245,30.123009
CUST-002740,Nyarugenge,Kimisagara,Kamuhoza,Residential,Active,2022-02-10,-1.956135,30.110916
CUST-002741,Kicukiro,Gatenga,Nyarurama,Public Taps,Active,2020-08-01,-1.939099,30.062156
CUST-002742,Kicukiro,Kicukiro,Gasharu,Residential,Active,2020-06-11,-1.978595,30.062086
CUST-002743,Gasabo,Jabana,Kidashya,Residential,Active,2023-07-27,-1.899306,30.151899
CUST-002744,Gasabo,Bumbogo,Nyabikenke,Residential,Suspended,2024-09-04,-1.873558,30.151074
CUST-002745,Gasabo,Rusororo,Kabuga I,Residential,Disconnected,2020-04-19,-1.864165,30.113826
CUST-002746,Nyarugenge,Gitega,Kigarama,Residential,Active,2025-02-26,-1.927337,30.110541
CUST-002747,Nyarugenge,Muhima,Kabasengerezi,Residential,Active,2025-10-08,-1.996133,30.06224
CUST-002748,Nyarugenge,Nyarugenge,Rwampara,Residential,Active,2023-09-28,-1.983479,30.091868
CUST-002749,Kicukiro,Gikondo,Kagunga,Public Taps,Active,2022-09-29,-1.983751,30.076366
CUST-002750,Gasabo,Rutunga,Kacyatwa,Residential,Active,2025-01-21,-1.897324,30.181704
CUST-002751,Gasabo,Bumbogo,Nyabikenke,Residential,Active,2022-01-07,-1.868996,30.116176
CUST-002752,Gasabo,Jabana,Ngiryi,Residential,Active,2024-04-22,-1.934104,30.101521
CUST-002753,Kicukiro,Masaka,Ayabaraya,Residential,Active,2024-08-18,-1.981582,30.100211
CUST-002754,Nyarugenge,Muhima,Kabasengerezi,Residential,Active,2024-05-16,-1.960448,30.024247
CUST-002755,Gasabo,Rutunga,Kigabiro,Residential,Active,2021-09-26,-1.85987,30.176419
CUST-002756,Kicukiro,Niboye,Niboye,Residential,Active,2025-04-04,-1.985431,30.107021
CUST-002757,Nyarugenge,Gitega,Akabeza,Residential,Active,2023-09-13,-1.924695,30.078331
CUST-002758,Kicukiro,Niboye,Nyakabanda,Residential,Active,2020-11-07,-1.952865,30.10183
CUST-002759,Nyarugenge,Mageragere,Nyarufunzo,Residential,Active,2025-02-03,-2.022954,30.088253
CUST-002760,Nyarugenge,Nyakabanda,Munanira II,Residential,Active,2022-07-10,-2.020481,30.077163
CUST-002761,Kicukiro,Gahanga,Rwabutenge,Non-Residential,Active,2024-10-16,-1.931083,30.135036
CUST-002762,Kicukiro,Niboye,Niboye,Industries,Active,2020-04-03,-1.983423,30.110748
CUST-002763,Gasabo,Nduba,Sha,Residential,Active,2024-05-26,-1.831428,30.096653
CUST-002764,Gasabo,Bumbogo,Musave,Non-Residential,Active,2025-04-01,-1.892347,30.099826
CUST-002765,Nyarugenge,Muhima,Kabeza,Public Taps,Active,2023-05-30,-1.937163,30.067493
CUST-002766,Gasabo,Rusororo,Nyagahinga,Public Taps,Active,2024-06-08,-1.840311,30.066424
CUST-002767,Gasabo,Kacyiru,Kamutwa,Residential,Active,2025-08-26,-1.86117,30.10666
CUST-002768,Kicukiro,Nyarugunga,Kamashashi,Residential,Active,2021-03-20,-1.993941,30.096928
CUST-002769,Nyarugenge,Gitega,Kora,Residential,Active,2022-03-02,-1.960515,30.087325
CUST-002770,Kicukiro,Gikondo,Kanserege,Residential,Active,2024-09-30,-1.9662,30.128848
CUST-002771,Nyarugenge,Kimisagara,Kimisagara,Residential,Active,2022-03-08,-1.983841,30.040828
CUST-002772,Nyarugenge,Muhima,Kabeza,Public Taps,Active,2022-12-29,-1.961089,29.998532
CUST-002773,Gasabo,Gikomero,Munini,Residential,Active,2021-07-08,-1.918432,30.138306
CUST-002774,Kicukiro,Masaka,Rusheshe,Residential,Active,2022-07-17,-1.976396,30.080619
CUST-002775,Nyarugenge,Muhima,Kabasengerezi,Residential,Active,2021-06-09,-1.983926,30.051185
CUST-002776,Gasabo,Rutunga,Kigabiro,Residential,Disconnected,2024-12-11,-1.878254,30.120803
CUST-002777,Kicukiro,Kigarama,Nyarurama,Residential,Active,2020-08-13,-1.994932,30.116
CUST-002778,Nyarugenge,Mageragere,Mataba,Residential,Active,2020-03-21,-1.932263,30.067627
CUST-002779,Nyarugenge,Nyakabanda,Munanira I,Non-Residential,Active,2025-05-22,-1.902079,30.026732
CUST-002780,Nyarugenge,Kigali,Kigali,Residential,Active,2022-08-12,-1.943622,30.048152
CUST-002781,Gasabo,Rutunga,Kacyatwa,Residential,Active,2025-06-04,-1.906845,30.129637
CUST-002782,Kicukiro,Masaka,Gitaraga,Residential,Active,2025-03-05,-1.998793,30.087132
CUST-002783,Kicukiro,Gatenga,Nyanza,Residential,Active,2023-11-14,-1.975993,30.107442
CUST-002784,Kicukiro,Gatenga,Nyanza,Residential,Active,2024-09-23,-1.941606,30.10892
CUST-002785,Gasabo,Kimironko,Kibagabaga,Residential,Disconnected,2024-06-29,-1.846824,30.14026
CUST-002786,Gasabo,Gisozi,Ruhango,Residential,Active,2025-04-17,-1.919468,30.138331
CUST-002787,Kicukiro,Kigarama,Nyarurama,Residential,Active,2022-04-29,-1.969488,30.177591
CUST-002788,Nyarugenge,Mageragere,Kankuba,Residential,Active,2021-04-16,-1.960588,30.011715
CUST-002789,Kicukiro,Gahanga,Murinja,Residential,Active,2024-03-09,-2.005701,30.131589
CUST-002790,Gasabo,Kinyinya,Murama,Non-Residential,Active,2023-08-28,-1.888978,30.126249
CUST-002791,Kicukiro,Kicukiro,Ngoma,Residential,Active,2025-02-24,-1.897956,30.094175
CUST-002792,Gasabo,Kimironko,Nyagatovu,Residential,Active,2020-11-12,-1.930914,30.124731
CUST-002793,Gasabo,Nduba,Gatunga,Residential,Active,2021-06-15,-1.865732,30.112768
CUST-002794,Gasabo,Ndera,Mukuyu,Residential,Active,2024-04-08,-1.881879,30.16819
CUST-002795,Nyarugenge,Rwezamenyo,Kabuguru II,Residential,Disconnected,2021-10-11,-2.008119,30.04292
CUST-002796,Nyarugenge,Nyarugenge,Rwampara,Residential,Active,2022-12-28,-1.992941,30.079287
CUST-002797,Nyarugenge,Mageragere,Kankuba,Residential,Active,2021-12-31,-1.9803,30.053188
CUST-002798,Gasabo,Ndera,Bwiza,Residential,Active,2021-12-02,-1.884682,30.145619
CUST-002799,Kicukiro,Kigarama,Karugira,Non-Residential,Active,2025-12-02,-2.036842,30.080053
CUST-002800,Gasabo,Nduba,Shango,Residential,Active,2023-01-17,-1.901707,30.159895
CUST-002801,Kicukiro,Kagarama,Kanserege,Residential,Active,2024-07-07,-1.970101,30.059707
CUST-002802,Nyarugenge,Rwezamenyo,Rwezamenyo I,Residential,Active,2020-05-23,-1.986907,30.006028
CUST-002803,Nyarugenge,Kanyinya,Nyamweru,Residential,Active,2023-08-26,-1.92686,30.072476
CUST-002804,Gasabo,Ndera,Cyaruzinge,Residential,Active,2025-03-01,-1.905687,30.141568
CUST-002805,Kicukiro,Masaka,Cyimo,Residential,Active,2023-09-11,-2.019988,30.092852
CUST-002806,Gasabo,Kimironko,Nyagatovu,Residential,Active,2022-12-31,-1.861268,30.139875
CUST-002807,Nyarugenge,Nyakabanda,Munanira II,Residential,Active,2024-04-11,-1.986368,30.091424
CUST-002808,Kicukiro,Kanombe,Karama,Residential,Active,2025-11-30,-1.932988,30.103129
CUST-002809,Kicukiro,Kigarama,Nyarurama,Residential,Active,2023-06-19,-1.987764,30.091077
CUST-002810,Nyarugenge,Muhima,Kabasengerezi,Residential,Active,2024-02-26,-1.976847,30.034533
CUST-002811,Nyarugenge,Mageragere,Kankuba,Residential,Active,2023-11-16,-1.974523,29.990231
CUST-002812,Kicukiro,Kagarama,Rukatsa,Residential,Active,2020-03-23,-1.978855,30.092209
CUST-002813,Gasabo,Bumbogo,Ngara,Residential,Disconnected,2024-09-09,-1.910111,30.15033
CUST-002814,Nyarugenge,Kigali,Nyabugogo,Public Taps,Active,2021-07-21,-1.929621,30.039262
CUST-002815,Gasabo,Ndera,Kibenga,Residential,Active,2020-05-10,-1.907264,30.117277
CUST-002816,Nyarugenge,Nyamirambo,Gasharu,Residential,Active,2021-01-05,-1.956117,30.046243
CUST-002817,Kicukiro,Gikondo,Kanserege,Residential,Disconnected,2020-06-17,-2.002706,30.079562
CUST-002818,Nyarugenge,Rwezamenyo,Kabuguru I,Residential,Suspended,2025-03-19,-1.989058,30.027939
CUST-002819,Gasabo,Gikomero,Munini,Residential,Active,2021-01-31,-1.86775,30.126686
CUST-002820,Gasabo,Rusororo,Nyagahinga,Residential,Active,2021-05-14,-1.899045,30.169459
CUST-002821,Gasabo,Kacyiru,Kamatamu,Public Taps,Disconnected,2020-12-01,-1.891635,30.136732
CUST-002822,Gasabo,Gisozi,Ruhango,Residential,Active,2025-04-25,-1.87727,30.18564
CUST-002823,Gasabo,Ndera,Kibenga,Residential,Active,2020-01-30,-1.929731,30.141362
CUST-002824,Nyarugenge,Kigali,Nyabugogo,Residential,Active,2025-05-28,-1.965858,30.066378
CUST-002825,Gasabo,Kinyinya,Kagugu,Public Taps,Transferred,2020-11-20,-1.922936,30.125305
CUST-002826,Gasabo,Jali,Muko,Residential,Active,2021-06-27,-1.885948,30.153997
CUST-002827,Nyarugenge,Rwezamenyo,Kabuguru II,Residential,Active,2023-12-19,-1.961375,30.081499
CUST-002828,Gasabo,Rutunga,Kacyatwa,Residential,Active,2021-09-09,-1.847847,30.144037
CUST-002829,Gasabo,Nduba,Muremure,Public Taps,Active,2020-05-10,-1.926943,30.115574
CUST-002830,Nyarugenge,Gitega,Kinyange,Residential,Active,2020-12-16,-1.976218,30.093978
CUST-002831,Gasabo,Kinyinya,Gacuriro,Residential,Active,2020-09-01,-1.935453,30.135482
CUST-002832,Gasabo,Remera,Rukiri II,Residential,Active,2021-07-10,-1.908942,30.077598
CUST-002833,Nyarugenge,Kigali,Kigali,Residential,Active,2022-12-13,-1.958902,30.071889
CUST-002834,Kicukiro,Gahanga,Rwabutenge,Non-Residential,Active,2022-01-16,-1.993384,30.062437
CUST-002835,Nyarugenge,Rwezamenyo,Rwezamenyo I,Residential,Active,2024-06-30,-1.942686,30.05934
CUST-002836,Kicukiro,Kigarama,Nyarurama,Residential,Active,2023-08-22,-2.020129,30.04932
CUST-002837,Gasabo,Nduba,Gasura,Residential,Suspended,2024-12-11,-1.886008,30.128419
CUST-002838,Gasabo,Rusororo,Kabuga I,Non-Residential,Active,2025-06-25,-1.890234,30.168327
CUST-002839,Gasabo,Rusororo,Bisenga,Residential,Active,2022-11-04,-1.910238,30.136062
CUST-002840,Gasabo,Jabana,Kidashya,Residential,Active,2025-04-25,-1.878087,30.107229
CUST-002841,Nyarugenge,Kimisagara,Kimisagara,Residential,Active,2021-10-29,-1.997118,30.09941
CUST-002842,Nyarugenge,Kimisagara,Kamuhoza,Non-Residential,Active,2025-11-21,-1.974592,30.074218
CUST-002843,Gasabo,Rusororo,Kabuga I,Residential,Active,2021-09-01,-1.942358,30.115041
CUST-002844,Nyarugenge,Kanyinya,Taba,Residential,Active,2022-09-11,-1.968203,30.02367
CUST-002845,Kicukiro,Masaka,Rusheshe,Residential,Active,2024-10-01,-1.961515,30.12482
CUST-002846,Gasabo,Jabana,Akamatamu,Residential,Active,2023-07-13,-1.92535,30.169597
CUST-002847,Gasabo,Gikomero,Murambi,Residential,Active,2022-08-24,-1.854028,30.114406
CUST-002848,Gasabo,Kimironko,Nyagatovu,Residential,Active,2020-06-20,-1.898431,30.174468
CUST-002849,Gasabo,Jabana,Kabuye,Residential,Active,2024-01-08,-1.85214,30.128962
CUST-002850,Nyarugenge,Nyarugenge,Rwampara,Residential,Active,2022-11-29,-2.011937,30.085073
CUST-002851,Gasabo,Gatsata,Karuruma,Residential,Suspended,2020-09-23,-1.889854,30.112143
CUST-002852,Gasabo,Jali,Muko,Residential,Active,2023-06-04,-1.894515,30.10016
CUST-002853,Kicukiro,Kigarama,Nyarurama,Residential,Active,2021-11-17,-1.934141,30.059568
CUST-002854,Gasabo,Gikomero,Gicaca,Residential,Suspended,2022-01-11,-1.838184,30.175466
CUST-002855,Gasabo,Jali,Muko,Residential,Active,2020-07-09,-1.89508,30.138691
CUST-002856,Kicukiro,Masaka,Cyimo,Residential,Active,2023-11-07,-1.981323,30.092536
CUST-002857,Gasabo,Bumbogo,Nkuzuzu,Residential,Active,2024-03-10,-1.895454,30.115535
CUST-002858,Gasabo,Kinyinya,Kagugu,Residential,Active,2022-01-23,-1.874302,30.109674
CUST-002859,Gasabo,Rusororo,Ruhanga,Residential,Active,2022-08-31,-1.898589,30.1016
CUST-002860,Gasabo,Nduba,Gatunga,Residential,Active,2025-02-11,-1.866707,30.135703
CUST-002861,Nyarugenge,Gitega,Akabeza,Residential,Active,2021-10-31,-1.945855,30.061886
CUST-002862,Nyarugenge,Nyamirambo,Gasharu,Residential,Active,2020-03-22,-1.999555,30.117303
CUST-002863,Nyarugenge,Kigali,Ruriba,Residential,Active,2023-02-15,-1.988254,30.068953
CUST-002864,Kicukiro,Gahanga,Karembure,Residential,Transferred,2020-02-09,-1.953678,30.061406
CUST-002865,Nyarugenge,Gitega,Akabeza,Residential,Active,2023-01-24,-1.991149,30.11453
CUST-002866,Nyarugenge,Kigali,Kigali,Residential,Active,2023-07-21,-2.007642,30.048852
CUST-002867,Nyarugenge,Nyarugenge,Agatare,Residential,Active,2025-01-18,-1.967582,30.061495
CUST-002868,Nyarugenge,Nyakabanda,Munanira II,Residential,Disconnected,2023-11-19,-1.953662,30.043158
CUST-002869,Gasabo,Nduba,Gatunga,Non-Residential,Active,2022-07-27,-1.938965,30.188167
CUST-002870,Kicukiro,Masaka,Cyimo,Residential,Active,2023-03-12,-1.990568,30.05799
CUST-002871,Gasabo,Bumbogo,Kinyaga,Residential,Active,2021-06-30,-1.864994,30.080913
CUST-002872,Kicukiro,Kagarama,Rukatsa,Residential,Active,2024-02-21,-1.972082,30.10024
CUST-002873,Gasabo,Rusororo,Bisenga,Residential,Active,2020-01-20,-1.883289,30.101695
CUST-002874,Gasabo,Rutunga,Kabaliza,Residential,Active,2021-04-28,-1.8997,30.121038
CUST-002875,Kicukiro,Masaka,Gako,Residential,Active,2023-06-10,-2.011345,30.106918
CUST-002876,Kicukiro,Kicukiro,Gasharu,Residential,Active,2021-08-31,-1.964769,30.142236
CUST-002877,Gasabo,Jali,Buhiza,Residential,Active,2022-03-27,-1.8822,30.171203
CUST-002878,Nyarugenge,Nyamirambo,Gasharu,Residential,Active,2022-06-06,-1.972958,30.029158
CUST-002879,Gasabo,Gikomero,Gasagara,Residential,Active,2020-02-16,-1.869707,30.197525
CUST-002880,Kicukiro,Gikondo,Kinunga,Non-Residential,Active,2022-03-23,-1.982446,30.089574
CUST-002881,Nyarugenge,Kanyinya,Taba,Residential,Active,2024-09-02,-1.925801,30.052469
CUST-002882,Gasabo,Jali,Nyabuliba,Residential,Active,2020-05-17,-1.904981,30.131839
CUST-002883,Nyarugenge,Rwezamenyo,Kabuguru II,Residential,Active,2022-01-17,-1.948809,30.070322
CUST-002884,Kicukiro,Gahanga,Gahanga,Residential,Active,2021-07-21,-2.008505,30.127904
CUST-002885,Gasabo,Kimironko,Kibagabaga,Residential,Active,2024-10-29,-1.840318,30.162626
CUST-002886,Kicukiro,Kicukiro,Kagina,Residential,Disconnected,2025-03-11,-1.971125,30.125867
CUST-002887,Gasabo,Remera,Rukiri II,Residential,Active,2025-08-29,-1.866167,30.103691
CUST-002888,Nyarugenge,Kimisagara,Katabaro,Residential,Disconnected,2023-10-16,-1.99075,30.030465
CUST-002889,Kicukiro,Masaka,Gitaraga,Non-Residential,Active,2025-11-03,-1.958557,30.06494
CUST-002890,Gasabo,Kinyinya,Gacuriro,Residential,Active,2021-10-05,-1.938523,30.101052
CUST-002891,Gasabo,Bumbogo,Ngara,Residential,Active,2022-04-29,-1.897752,30.127489
CUST-002892,Kicukiro,Gikondo,Kanserege,Residential,Active,2024-09-08,-1.973326,30.111479
CUST-002893,Nyarugenge,Nyarugenge,Biryogo,Residential,Active,2021-06-02,-1.935492,30.100011
CUST-002894,Gasabo,Ndera,Bwiza,Non-Residential,Active,2022-07-09,-1.850705,30.134088
CUST-002895,Gasabo,Rutunga,Kacyatwa,Residential,Disconnected,2020-05-15,-1.871948,30.13524
CUST-002896,Kicukiro,Gikondo,Kagunga,Residential,Disconnected,2020-08-26,-1.981798,30.109107
CUST-002897,Gasabo,Jali,Nkusi,Residential,Active,2024-07-21,-1.850879,30.153779
CUST-002898,Gasabo,Nduba,Sha,Residential,Active,2020-10-24,-1.873939,30.150529
CUST-002899,Gasabo,Ndera,Cyaruzinge,Residential,Active,2020-01-15,-1.883077,30.204079
CUST-002900,Gasabo,Rutunga,Kibenga,Residential,Active,2020-07-04,-1.888457,30.14458
CUST-002901,Nyarugenge,Mageragere,Mataba,Residential,Active,2020-07-22,-1.975873,30.047765
CUST-002902,Gasabo,Jali,Nyamitanga,Residential,Active,2020-11-30,-1.884118,30.144218
CUST-002903,Nyarugenge,Gitega,Akabeza,Residential,Disconnected,2021-08-23,-2.008126,30.071724
CUST-002904,Kicukiro,Gahanga,Murinja,Residential,Active,2022-04-22,-1.93293,30.105633
CUST-002905,Gasabo,Jabana,Akamatamu,Residential,Active,2021-08-12,-1.846725,30.141714
CUST-002906,Gasabo,Rusororo,Gasagara,Residential,Active,2020-11-23,-1.913743,30.117874
CUST-002907,Gasabo,Ndera,Mukuyu,Residential,Active,2021-04-03,-1.840947,30.171616
CUST-002908,Gasabo,Kimihurura,Rugando,Residential,Active,2022-05-04,-1.843743,30.14065
CUST-002909,Nyarugenge,Gitega,Gacyamo,Public Taps,Active,2020-12-18,-1.981937,30.050832
CUST-002910,Gasabo,Ndera,Cyaruzinge,Residential,Active,2025-03-19,-1.872218,30.170949
CUST-002911,Gasabo,Rusororo,Kinyana,Residential,Active,2024-03-02,-1.875655,30.110914
CUST-002912,Nyarugenge,Gitega,Kora,Residential,Active,2025-09-07,-1.96205,30.051664
CUST-002913,Nyarugenge,Kimisagara,Kimisagara,Residential,Active,2022-02-15,-1.914391,29.996569
CUST-002914,Kicukiro,Gahanga,Rwabutenge,Residential,Active,2023-02-28,-1.95892,30.046956
CUST-002915,Nyarugenge,Nyamirambo,Cyivugiza,Residential,Active,2023-09-11,-1.997026,30.113246
CUST-002916,Nyarugenge,Rwezamenyo,Kabuguru I,Residential,Active,2024-08-19,-1.918783,30.02704
CUST-002917,Gasabo,Bumbogo,Kinyaga,Residential,Active,2023-03-15,-1.891947,30.097134
CUST-002918,Nyarugenge,Nyakabanda,Munanira I,Residential,Suspended,2023-09-08,-2.026873,30.006563
CUST-002919,Nyarugenge,Nyamirambo,Cyivugiza,Public Taps,Active,2021-08-12,-1.962847,29.995532
CUST-002920,Gasabo,Rusororo,Gasagara,Residential,Active,2020-02-21,-1.870456,30.127084
CUST-002921,Nyarugenge,Mageragere,Nyarufunzo,Non-Residential,Suspended,2025-07-08,-2.003149,30.096808
CUST-002922,Nyarugenge,Mageragere,Nyarufunzo,Residential,Transferred,2023-01-13,-1.947727,30.110295
CUST-002923,Gasabo,Jali,Muko,Residential,Active,2024-04-23,-1.849216,30.092327
CUST-002924,Gasabo,Rutunga,Gasabo,Residential,Active,2023-01-18,-1.884568,30.126716
CUST-002925,Nyarugenge,Muhima,Tetero,Residential,Active,2024-04-30,-1.922776,30.107913
CUST-002926,Gasabo,Kacyiru,Kibaza,Residential,Active,2025-07-23,-1.801846,30.145635
CUST-002927,Nyarugenge,Muhima,Kabasengerezi,Residential,Active,2024-01-24,-1.953256,30.055167
CUST-002928,Gasabo,Ndera,Kibenga,Residential,Active,2025-06-10,-1.838954,30.133469
CUST-002929,Gasabo,Gikomero,Gicaca,Industries,Active,2021-11-28,-1.910625,30.113357
CUST-002930,Gasabo,Remera,Nyabisindu,Residential,Active,2025-04-17,-1.842708,30.094058
CUST-002931,Kicukiro,Kigarama,Rwampara,Residential,Active,2022-01-24,-2.037575,30.146233
CUST-002932,Gasabo,Ndera,Kibenga,Residential,Active,2022-11-03,-1.869362,30.122101
CUST-002933,Nyarugenge,Kimisagara,Kimisagara,Residential,Disconnected,2023-02-02,-2.01057,30.044599
CUST-002934,Gasabo,Nduba,Sha,Residential,Active,2025-04-02,-1.843036,30.117269
CUST-002935,Gasabo,Gikomero,Murambi,Residential,Suspended,2021-04-13,-1.849065,30.12609
CUST-002936,Nyarugenge,Muhima,Rugenge,Non-Residential,Active,2023-02-12,-1.968907,30.037515
CUST-002937,Gasabo,Bumbogo,Mvuzo,Residential,Active,2022-06-21,-1.867511,30.143149
CUST-002938,Kicukiro,Kanombe,Busanza,Residential,Active,2020-02-04,-2.005365,30.102015
CUST-002939,Gasabo,Ndera,Masoro,Residential,Active,2021-04-12,-1.895899,30.16835
CUST-002940,Gasabo,Jali,Muko,Residential,Active,2023-10-04,-1.847264,30.107551
CUST-002941,Gasabo,Ndera,Bwiza,Residential,Suspended,2020-08-22,-1.815379,30.151673
CUST-002942,Kicukiro,Gikondo,Kinunga,Non-Residential,Active,2020-02-06,-1.982741,30.126698
CUST-002943,Gasabo,Gikomero,Kibara,Residential,Active,2023-06-04,-1.898326,30.142552
CUST-002944,Gasabo,Kimihurura,Kamukina,Residential,Active,2024-07-04,-1.910683,30.111618
CUST-002945,Gasabo,Jali,Nkusi,Non-Residential,Active,2025-12-28,-1.910179,30.14828
CUST-002946,Kicukiro,Kanombe,Rubirizi,Residential,Active,2020-10-26,-1.958013,30.059267
CUST-002947,Nyarugenge,Mageragere,Runzenze,Residential,Active,2020-07-07,-1.890479,30.055082
CUST-002948,Kicukiro,Kigarama,Kigarama,Residential,Active,2021-04-14,-1.944251,30.096581
CUST-002949,Gasabo,Jabana,Ngiryi,Residential,Active,2022-01-13,-1.914277,30.140028
CUST-002950,Kicukiro,Kanombe,Busanza,Residential,Active,2025-11-25,-1.978191,30.123102
CUST-002951,Gasabo,Rutunga,Gasabo,Residential,Active,2022-05-13,-1.84382,30.179031
CUST-002952,Kicukiro,Kicukiro,Gasharu,Residential,Active,2022-07-16,-2.007778,30.166515
CUST-002953,Gasabo,Rusororo,Ruhanga,Non-Residential,Active,2020-08-19,-1.919494,30.089517
CUST-002954,Gasabo,Nduba,Sha,Residential,Active,2020-10-17,-1.909376,30.0937
CUST-002955,Gasabo,Ndera,Bwiza,Residential,Active,2022-02-12,-1.873498,30.121447
CUST-002956,Nyarugenge,Muhima,Ubumwe,Residential,Active,2025-06-28,-1.972169,30.096798
CUST-002957,Gasabo,Bumbogo,Kinyaga,Residential,Disconnected,2024-09-22,-1.81432,30.096382
CUST-002958,Gasabo,Kacyiru,Kibaza,Public Taps,Active,2023-11-19,-1.834419,30.128786
CUST-002959,Nyarugenge,Kigali,Ruriba,Non-Residential,Active,2020-02-02,-2.011331,30.074987
CUST-002960,Kicukiro,Gatenga,Gatenga,Residential,Active,2020-01-14,-1.990471,30.104512
CUST-002961,Gasabo,Jali,Buhiza,Residential,Transferred,2025-02-07,-1.887607,30.156044
CUST-002962,Gasabo,Rusororo,Mbandazi,Residential,Active,2020-03-07,-1.947908,30.144386
CUST-002963,Kicukiro,Kicukiro,Gasharu,Residential,Active,2024-07-11,-2.000562,30.093776
CUST-002964,Nyarugenge,Rwezamenyo,Kabuguru I,Residential,Active,2020-05-13,-2.020096,30.066773
CUST-002965,Gasabo,Rutunga,Kabaliza,Residential,Active,2023-03-13,-1.902629,30.112346
CUST-002966,Kicukiro,Nyarugunga,Nonko,Residential,Active,2025-08-23,-1.976748,30.053947
CUST-002967,Kicukiro,Nyarugunga,Nonko,Residential,Active,2023-11-28,-1.960549,30.104466
CUST-002968,Kicukiro,Kicukiro,Kagina,Residential,Active,2025-10-11,-1.987781,30.089457
CUST-002969,Nyarugenge,Rwezamenyo,Rwezamenyo I,Residential,Active,2022-09-29,-1.930276,30.036109
CUST-002970,Gasabo,Nduba,Muremure,Residential,Active,2025-11-05,-1.868257,30.148206
CUST-002971,Nyarugenge,Gitega,Akabahizi,Residential,Active,2021-01-17,-1.98607,30.071929
CUST-002972,Gasabo,Bumbogo,Musave,Non-Residential,Suspended,2021-10-28,-1.867584,30.123287
CUST-002973,Gasabo,Remera,Nyabisindu,Residential,Active,2022-05-03,-1.884762,30.147899
CUST-002974,Gasabo,Kimironko,Kibagabaga,Public Taps,Active,2021-12-02,-1.873108,30.122286
CUST-002975,Nyarugenge,Mageragere,Nyarurenzi,Residential,Active,2024-11-28,-1.94022,30.029592
CUST-002976,Gasabo,Gikomero,Munini,Residential,Active,2025-02-13,-1.866462,30.188646
CUST-002977,Gasabo,Ndera,Cyaruzinge,Residential,Transferred,2025-11-17,-1.911094,30.150841
CUST-002978,Kicukiro,Kanombe,Kabeza,Residential,Active,2024-05-03,-1.927896,30.11123
CUST-002979,Nyarugenge,Kigali,Kigali,Residential,Active,2022-10-07,-1.977914,30.033438
CUST-002980,Gasabo,Kimihurura,Kimihurura,Residential,Active,2022-01-28,-1.914952,30.143892
CUST-002981,Kicukiro,Gikondo,Kanserege,Residential,Active,2021-03-21,-1.976008,30.065827
CUST-002982,Kicukiro,Masaka,Gitaraga,Residential,Active,2020-11-12,-1.992074,30.087084
CUST-002983,Kicukiro,Gatenga,Karambo,Residential,Active,2023-07-28,-1.964372,30.071748
CUST-002984,Nyarugenge,Mageragere,Kankuba,Public Taps,Active,2025-12-12,-1.94527,30.034981
CUST-002985,Gasabo,Rusororo,Kabuga I,Public Taps,Active,2025-06-29,-1.913198,30.130954
CUST-002986,Kicukiro,Nyarugunga,Nonko,Residential,Disconnected,2021-12-05,-1.945508,30.114431
CUST-002987,Gasabo,Rutunga,Gasabo,Residential,Active,2023-05-07,-1.850755,30.146386
CUST-002988,Kicukiro,Masaka,Gako,Non-Residential,Transferred,2023-10-28,-2.00034,30.106484
CUST-002989,Gasabo,Rusororo,Bisenga,Residential,Active,2025-03-19,-1.882599,30.125417
CUST-002990,Kicukiro,Kigarama,Karugira,Residential,Active,2022-10-15,-1.955217,30.159012
CUST-002991,Kicukiro,Nyarugunga,Kamashashi,Residential,Active,2024-09-19,-1.999404,30.127795
CUST-002992,Gasabo,Gikomero,Murambi,Residential,Active,2022-09-03,-1.877344,30.129
CUST-002993,Gasabo,Kimironko,Nyagatovu,Residential,Active,2025-06-06,-1.914935,30.109512
CUST-002994,Gasabo,Ndera,Cyaruzinge,Residential,Active,2020-05-06,-1.894298,30.10207
CUST-002995,Nyarugenge,Mageragere,Ntungamo,Residential,Active,2025-07-12,-1.959407,30.050636
CUST-002996,Nyarugenge,Mageragere,Nyarufunzo,Residential,Active,2020-04-19,-1.964975,30.047971
CUST-002997,Gasabo,Jali,Nyakabungo,Residential,Active,2025-07-09,-1.845576,30.100664
CUST-002998,Gasabo,Rutunga,Kacyatwa,Residential,Active,2025-10-07,-1.921834,30.108858
CUST-002999,Nyarugenge,Kanyinya,Nzove,Residential,Active,2021-05-24,-2.010186,30.058958
CUST-003000,Gasabo,Kimihurura,Rugando,Residential,Active,2025-09-16,-1.93273,30.138338
CUST-003001,Gasabo,Jabana,Ngiryi,Residential,Active,2025-12-21,-1.84773,30.164798
CUST-003002,Gasabo,Kinyinya,Murama,Residential,Active,2022-08-16,-1.90513,30.083134
CUST-003003,Gasabo,Jali,Agateko,Residential,Active,2021-05-18,-1.819285,30.070079
CUST-003004,Gasabo,Gikomero,Gasagara,Residential,Active,2022-05-20,-1.903005,30.130998
CUST-003005,Nyarugenge,Nyakabanda,Munanira II,Residential,Active,2024-04-19,-2.004913,30.035435
CUST-003006,Gasabo,Rutunga,Gasabo,Residential,Active,2025-07-14,-1.844333,30.16582
CUST-003007,Gasabo,Kimironko,Bibare,Residential,Active,2021-02-26,-1.902727,30.123724
CUST-003008,Kicukiro,Kicukiro,Kagina,Residential,Active,2020-01-07,-1.947409,30.079606
CUST-003009,Kicukiro,Masaka,Mbabe,Residential,Active,2023-05-25,-2.077388,30.141277
CUST-003010,Nyarugenge,Mageragere,Kavumu,Residential,Active,2024-05-09,-1.994509,29.995313
CUST-003011,Gasabo,Rutunga,Kigabiro,Residential,Transferred,2020-01-24,-1.868442,30.150041
CUST-003012,Nyarugenge,Nyakabanda,Nyakabanda II,Residential,Active,2023-09-21,-1.921526,30.115371
CUST-003013,Nyarugenge,Mageragere,Mataba,Residential,Active,2021-01-17,-1.98671,29.999133
CUST-003014,Gasabo,Nduba,Gatunga,Residential,Suspended,2022-12-20,-1.865265,30.146341
CUST-003015,Nyarugenge,Muhima,Rugenge,Residential,Disconnected,2024-09-10,-1.956856,30.023071
CUST-003016,Nyarugenge,Rwezamenyo,Kabuguru II,Residential,Active,2025-05-14,-2.0006,30.050673
CUST-003017,Gasabo,Ndera,Rudashya,Public Taps,Suspended,2020-05-02,-1.913854,30.104762
CUST-003018,Gasabo,Ndera,Kibenga,Residential,Active,2022-04-16,-1.915573,30.14507
CUST-003019,Nyarugenge,Mageragere,Kankuba,Residential,Active,2022-04-08,-2.028771,30.081466
CUST-003020,Nyarugenge,Rwezamenyo,Kabuguru II,Residential,Active,2023-11-13,-1.988184,30.015397
CUST-003021,Nyarugenge,Nyakabanda,Munanira II,Residential,Active,2021-11-01,-1.955832,30.018389
CUST-003022,Nyarugenge,Rwezamenyo,Rwezamenyo II,Residential,Transferred,2024-02-08,-1.95729,30.064901
CUST-003023,Gasabo,Jabana,Ngiryi,Residential,Active,2020-04-23,-1.902283,30.134339
CUST-003024,Gasabo,Kacyiru,Kamatamu,Residential,Active,2024-04-22,-1.902354,30.06221
CUST-003025,Gasabo,Bumbogo,Musave,Residential,Active,2022-05-08,-1.85594,30.119826
CUST-003026,Gasabo,Kacyiru,Kamatamu,Non-Residential,Disconnected,2021-10-09,-1.854233,30.133476
CUST-003027,Gasabo,Rusororo,Bisenga,Residential,Active,2025-04-18,-1.903396,30.181085
CUST-003028,Gasabo,Ndera,Kibenga,Residential,Active,2024-08-13,-1.865701,30.125763
CUST-003029,Gasabo,Jabana,Kidashya,Residential,Active,2024-09-30,-1.906412,30.206948
CUST-003030,Nyarugenge,Rwezamenyo,Kabuguru II,Residential,Transferred,2022-10-18,-1.953802,30.085159
CUST-003031,Gasabo,Rutunga,Indatemwa,Residential,Active,2024-10-27,-1.907745,30.117448
CUST-003032,Gasabo,Rusororo,Gasagara,Non-Residential,Active,2021-04-19,-1.8671,30.165989
CUST-003033,Nyarugenge,Nyamirambo,Mumena,Residential,Active,2021-04-12,-1.994904,30.057492
CUST-003034,Kicukiro,Gahanga,Nunga,Residential,Active,2023-12-14,-1.974089,30.081652
CUST-003035,Kicukiro,Kagarama,Rukatsa,Residential,Suspended,2024-03-22,-1.963264,30.102507
CUST-003036,Gasabo,Ndera,Kibenga,Residential,Active,2020-01-08,-1.920368,30.151437
CUST-003037,Nyarugenge,Gitega,Kora,Residential,Active,2025-03-09,-1.95631,30.077798
CUST-003038,Nyarugenge,Rwezamenyo,Rwezamenyo I,Residential,Active,2022-05-25,-1.926052,29.973166
CUST-003039,Kicukiro,Gahanga,Karembure,Residential,Active,2021-10-11,-2.024642,30.110274
CUST-003040,Gasabo,Rutunga,Kigabiro,Non-Residential,Active,2022-12-25,-1.927527,30.155843
CUST-003041,Gasabo,Jabana,Akamatamu,Residential,Active,2020-09-24,-1.901798,30.158727
CUST-003042,Gasabo,Jali,Buhiza,Residential,Active,2020-11-26,-1.879085,30.147866
CUST-003043,Nyarugenge,Mageragere,Mataba,Residential,Active,2020-10-25,-1.978663,30.041098
CUST-003044,Gasabo,Ndera,Bwiza,Residential,Active,2021-07-24,-1.843212,30.137123
CUST-003045,Kicukiro,Gikondo,Kagunga,Public Taps,Active,2025-10-03,-1.956711,30.066389
CUST-003046,Gasabo,Jali,Nyakabungo,Residential,Suspended,2024-01-09,-1.887355,30.10747
CUST-003047,Gasabo,Nduba,Muremure,Residential,Active,2025-07-01,-1.860211,30.140222
CUST-003048,Nyarugenge,Mageragere,Ntungamo,Residential,Active,2020-12-02,-1.957893,30.08805
CUST-003049,Gasabo,Rutunga,Kabaliza,Public Taps,Active,2025-02-16,-1.906327,30.122341
CUST-003050,Nyarugenge,Rwezamenyo,Kabuguru I,Residential,Active,2021-08-14,-1.95723,30.036581
CUST-003051,Nyarugenge,Kigali,Kigali,Residential,Active,2025-05-22,-1.956251,30.017498
CUST-003052,Nyarugenge,Nyarugenge,Agatare,Residential,Active,2021-10-31,-2.007925,30.037642
CUST-003053,Gasabo,Kinyinya,Murama,Residential,Active,2020-08-14,-1.846753,30.111441
CUST-003054,Gasabo,Ndera,Bwiza,Residential,Active,2023-10-30,-1.882854,30.166646
CUST-003055,Gasabo,Gatsata,Nyamabuye,Residential,Active,2023-05-06,-1.918154,30.148834
CUST-003056,Gasabo,Gisozi,Musezero,Residential,Active,2024-10-17,-1.903122,30.111446
CUST-003057,Gasabo,Kacyiru,Kibaza,Residential,Active,2024-09-21,-1.838153,30.137564
CUST-003058,Gasabo,Rutunga,Kigabiro,Residential,Active,2020-10-18,-1.914553,30.161806
CUST-003059,Kicukiro,Kigarama,Nyarurama,Residential,Active,2025-10-31,-1.985228,30.076795
CUST-003060,Nyarugenge,Rwezamenyo,Kabuguru I,Public Taps,Active,2023-04-07,-1.938337,30.051427
CUST-003061,Gasabo,Kinyinya,Gasharu,Residential,Active,2025-01-26,-1.829023,30.185464
CUST-003062,Gasabo,Bumbogo,Ngara,Residential,Active,2025-03-29,-1.900483,30.0738
CUST-003063,Nyarugenge,Kimisagara,Kamuhoza,Residential,Disconnected,2020-10-17,-1.952464,30.036253
CUST-003064,Kicukiro,Kicukiro,Kicukiro,Residential,Active,2021-05-27,-2.047909,30.104149
CUST-003065,Nyarugenge,Gitega,Akabahizi,Non-Residential,Active,2023-02-24,-1.982502,30.043067
CUST-003066,Gasabo,Jali,Nkusi,Residential,Active,2021-12-14,-1.893995,30.091192
CUST-003067,Nyarugenge,Mageragere,Ntungamo,Residential,Active,2022-11-07,-1.969763,30.059126
CUST-003068,Gasabo,Jali,Muko,Residential,Active,2024-12-04,-1.87085,30.120259
CUST-003069,Gasabo,Ndera,Masoro,Residential,Active,2022-11-17,-1.898261,30.086768
CUST-003070,Gasabo,Gikomero,Gicaca,Residential,Active,2025-04-27,-1.841945,30.115539
CUST-003071,Kicukiro,Kicukiro,Ngoma,Residential,Active,2020-03-04,-1.96722,30.108774
CUST-003072,Gasabo,Gikomero,Gicaca,Residential,Suspended,2022-10-29,-1.909731,30.097997
CUST-003073,Gasabo,Jali,Nkusi,Residential,Active,2020-11-23,-1.857613,30.164618
CUST-003074,Kicukiro,Masaka,Rusheshe,Residential,Disconnected,2022-01-07,-2.022305,30.119932
CUST-003075,Gasabo,Kimihurura,Kimihurura,Residential,Active,2020-01-18,-1.859454,30.138073
CUST-003076,Nyarugenge,Nyakabanda,Nyakabanda II,Residential,Active,2020-11-20,-2.018467,30.079308
CUST-003077,Kicukiro,Kanombe,Busanza,Residential,Active,2023-02-27,-1.925684,30.065834
CUST-003078,Kicukiro,Masaka,Rusheshe,Residential,Active,2021-04-26,-1.93948,30.061089
CUST-003079,Kicukiro,Gahanga,Kagasa,Residential,Active,2022-07-18,-2.018229,30.13402
CUST-003080,Nyarugenge,Muhima,Kabeza,Residential,Active,2020-02-07,-1.976897,30.064203
CUST-003081,Nyarugenge,Kigali,Rwesero,Residential,Active,2025-10-14,-1.965124,30.080171
CUST-003082,Gasabo,Kimironko,Nyagatovu,Residential,Active,2021-06-30,-1.897597,30.145983
CUST-003083,Gasabo,Kinyinya,Murama,Residential,Active,2020-08-15,-1.899101,30.092915
CUST-003084,Nyarugenge,Nyamirambo,Rugarama,Residential,Active,2024-02-11,-2.005671,30.049681
CUST-003085,Gasabo,Rusororo,Bisenga,Residential,Active,2024-06-07,-1.857081,30.081292
CUST-003086,Nyarugenge,Mageragere,Mataba,Public Taps,Active,2022-08-10,-1.953928,30.068655
CUST-003087,Gasabo,Rutunga,Kigabiro,Residential,Active,2025-11-25,-1.903993,30.07818
CUST-003088,Nyarugenge,Muhima,Kabeza,Residential,Active,2023-01-30,-1.93098,29.992624
CUST-003089,Gasabo,Kimironko,Nyagatovu,Residential,Active,2025-03-06,-1.907099,30.134743
CUST-003090,Gasabo,Nduba,Gatunga,Residential,Active,2022-08-11,-1.860239,30.111831
CUST-003091,Gasabo,Nduba,Gasanze,Residential,Suspended,2022-09-04,-1.882402,30.14826
CUST-003092,Nyarugenge,Mageragere,Kavumu,Residential,Active,2024-05-03,-1.971807,30.020084
CUST-003093,Kicukiro,Kigarama,Nyarurama,Residential,Active,2021-06-26,-2.021346,30.06214
CUST-003094,Gasabo,Jabana,Ngiryi,Residential,Active,2023-11-03,-1.884281,30.138535
CUST-003095,Gasabo,Rusororo,Gasagara,Residential,Active,2022-07-05,-1.923531,30.153871
CUST-003096,Nyarugenge,Nyamirambo,Gasharu,Residential,Active,2022-05-09,-1.98812,29.983546
CUST-003097,Gasabo,Rusororo,Nyagahinga,Residential,Active,2025-06-18,-1.821341,30.127887
CUST-003098,Gasabo,Kacyiru,Kamatamu,Residential,Active,2023-09-09,-1.893451,30.136747
CUST-003099,Gasabo,Ndera,Masoro,Residential,Active,2022-11-09,-1.83339,30.146653
CUST-003100,Nyarugenge,Kimisagara,Kimisagara,Residential,Active,2023-02-12,-1.943435,30.068436
CUST-003101,Gasabo,Jali,Nyabuliba,Residential,Active,2020-10-05,-1.868258,30.112293
CUST-003102,Nyarugenge,Mageragere,Runzenze,Residential,Active,2024-07-19,-1.900156,30.031197
CUST-003103,Gasabo,Nduba,Gasura,Residential,Active,2024-05-23,-1.939489,30.174492
CUST-003104,Nyarugenge,Kimisagara,Kimisagara,Residential,Active,2020-03-08,-1.946605,30.019402
CUST-003105,Gasabo,Rutunga,Gasabo,Residential,Active,2022-06-07,-1.889185,30.115286
CUST-003106,Kicukiro,Masaka,Rusheshe,Residential,Active,2020-02-22,-2.026664,30.099753
CUST-003107,Gasabo,Ndera,Rudashya,Residential,Active,2020-06-17,-1.883966,30.106894
CUST-003108,Nyarugenge,Mageragere,Mataba,Residential,Active,2020-06-12,-1.940445,30.048225
CUST-003109,Gasabo,Ndera,Masoro,Residential,Active,2025-12-13,-1.836145,30.20473
CUST-003110,Gasabo,Jali,Nyabuliba,Residential,Active,2023-01-11,-1.925634,30.195121
CUST-003111,Gasabo,Ndera,Masoro,Residential,Transferred,2025-07-23,-1.873904,30.213064
CUST-003112,Gasabo,Ndera,Mukuyu,Residential,Active,2023-01-08,-1.936369,30.133905
CUST-003113,Gasabo,Gatsata,Nyamabuye,Residential,Active,2024-02-08,-1.847713,30.141108
CUST-003114,Nyarugenge,Rwezamenyo,Kabuguru II,Residential,Active,2020-04-09,-1.98644,29.99553
CUST-003115,Nyarugenge,Kigali,Rwesero,Residential,Active,2020-05-08,-1.936342,30.056192
CUST-003116,Kicukiro,Masaka,Cyimo,Residential,Active,2021-06-16,-1.987411,30.117899
CUST-003117,Kicukiro,Nyarugunga,Kamashashi,Residential,Active,2023-04-26,-1.997437,30.143402
CUST-003118,Nyarugenge,Gitega,Gacyamo,Residential,Active,2020-01-23,-1.970462,30.081824
CUST-003119,Gasabo,Gikomero,Murambi,Residential,Transferred,2023-01-28,-1.858641,30.110537
CUST-003120,Gasabo,Nduba,Butare,Residential,Active,2025-05-19,-1.911731,30.170485
CUST-003121,Kicukiro,Niboye,Niboye,Residential,Active,2022-10-17,-2.020414,30.083243
CUST-003122,Kicukiro,Masaka,Gako,Residential,Active,2025-12-12,-1.937506,30.062318
CUST-003123,Kicukiro,Gahanga,Kagasa,Non-Residential,Active,2025-08-13,-1.996018,30.087312
CUST-003124,Kicukiro,Kanombe,Busanza,Residential,Active,2020-01-08,-1.944304,30.123665
CUST-003125,Gasabo,Rusororo,Kabuga I,Non-Residential,Active,2024-10-07,-1.861522,30.141477
CUST-003126,Gasabo,Ndera,Bwiza,Residential,Active,2021-10-31,-1.878445,30.140134
CUST-003127,Kicukiro,Masaka,Rusheshe,Residential,Active,2020-10-08,-1.966591,30.050517
CUST-003128,Gasabo,Rusororo,Gasagara,Residential,Active,2022-07-18,-1.88878,30.125832
CUST-003129,Nyarugenge,Muhima,Kabeza,Residential,Active,2025-10-29,-2.007471,30.055979
CUST-003130,Kicukiro,Gikondo,Kagunga,Residential,Active,2025-09-16,-1.983587,30.096944
CUST-003131,Nyarugenge,Mageragere,Kavumu,Residential,Active,2025-03-09,-1.969471,30.086484
CUST-003132,Nyarugenge,Mageragere,Nyarurenzi,Residential,Active,2022-06-10,-2.001211,30.004543
CUST-003133,Gasabo,Gikomero,Kibara,Residential,Active,2024-03-05,-1.923192,30.141609
CUST-003134,Gasabo,Jali,Nyamitanga,Residential,Active,2023-03-11,-1.875752,30.106515
CUST-003135,Gasabo,Remera,Rukiri I,Residential,Active,2024-06-08,-1.907672,30.123944
CUST-003136,Gasabo,Kacyiru,Kamatamu,Residential,Active,2021-07-30,-1.845986,30.104408
CUST-003137,Gasabo,Bumbogo,Ngara,Residential,Active,2022-01-07,-1.884436,30.150758
CUST-003138,Gasabo,Gikomero,Murambi,Residential,Active,2024-06-11,-1.914291,30.191785
CUST-003139,Nyarugenge,Nyamirambo,Mumena,Residential,Active,2020-04-10,-1.997213,30.071206
CUST-003140,Nyarugenge,Muhima,Nyabugogo,Residential,Active,2025-02-15,-1.96273,30.060385
CUST-003141,Kicukiro,Kigarama,Nyarurama,Residential,Active,2021-08-31,-1.997793,30.09262
CUST-003142,Gasabo,Rusororo,Nyagahinga,Non-Residential,Suspended,2023-11-24,-1.880341,30.172228
CUST-003143,Kicukiro,Gikondo,Kinunga,Non-Residential,Active,2021-11-23,-1.957603,30.084137
CUST-003144,Kicukiro,Kanombe,Karama,Residential,Active,2024-05-15,-1.938366,30.068197
CUST-003145,Nyarugenge,Nyarugenge,Kiyovu,Residential,Active,2022-02-18,-1.923959,30.046274
CUST-003146,Gasabo,Nduba,Gatunga,Residential,Active,2022-10-29,-1.877734,30.190301
CUST-003147,Gasabo,Nduba,Shango,Residential,Suspended,2022-02-25,-1.901125,30.18797
CUST-003148,Gasabo,Rusororo,Gasagara,Residential,Active,2023-01-02,-1.885569,30.141418
CUST-003149,Gasabo,Rutunga,Kibenga,Public Taps,Active,2024-09-30,-1.891622,30.080457
CUST-003150,Gasabo,Ndera,Kibenga,Residential,Active,2024-02-19,-1.801853,30.185932
CUST-003151,Gasabo,Ndera,Rudashya,Non-Residential,Disconnected,2022-08-16,-1.902019,30.152307
CUST-003152,Nyarugenge,Rwezamenyo,Rwezamenyo II,Residential,Active,2022-03-15,-1.954442,30.041916
CUST-003153,Gasabo,Rusororo,Ruhanga,Residential,Active,2022-08-12,-1.862767,30.162993
CUST-003154,Gasabo,Rusororo,Kabuga II,Residential,Active,2020-08-26,-1.864413,30.099063
CUST-003155,Gasabo,Kimihurura,Kimihurura,Residential,Active,2024-06-21,-1.887947,30.144409
CUST-003156,Gasabo,Kimihurura,Kimihurura,Residential,Active,2023-08-27,-1.892525,30.162007
CUST-003157,Nyarugenge,Kanyinya,Nzove,Residential,Active,2024-08-09,-1.917448,30.078186
CUST-003158,Gasabo,Jali,Nkusi,Public Taps,Active,2021-03-01,-1.86915,30.090185
CUST-003159,Nyarugenge,Nyakabanda,Nyakabanda II,Residential,Active,2023-03-22,-2.005817,30.014583
CUST-003160,Kicukiro,Masaka,Rusheshe,Non-Residential,Active,2020-11-22,-2.019412,30.104045
CUST-003161,Gasabo,Nduba,Butare,Residential,Active,2024-08-10,-1.846025,30.168967
CUST-003162,Nyarugenge,Kigali,Ruriba,Residential,Active,2023-08-15,-2.041741,30.058779
CUST-003163,Gasabo,Bumbogo,Musave,Residential,Active,2022-01-29,-1.850166,30.176776
CUST-003164,Gasabo,Ndera,Masoro,Non-Residential,Active,2021-09-04,-1.890675,30.101693
CUST-003165,Gasabo,Gisozi,Ruhango,Residential,Active,2020-05-01,-1.828576,30.090648
CUST-003166,Kicukiro,Kagarama,Muyange,Residential,Active,2022-12-12,-1.986855,30.113904
CUST-003167,Kicukiro,Kicukiro,Kicukiro,Residential,Suspended,2020-08-02,-1.970218,30.127816
CUST-003168,Nyarugenge,Muhima,Rugenge,Residential,Active,2025-02-11,-1.977328,30.028535
CUST-003169,Gasabo,Kimironko,Bibare,Residential,Active,2023-03-15,-1.837312,30.10115
CUST-003170,Gasabo,Bumbogo,Nyagasozi,Residential,Active,2023-12-12,-1.89581,30.103821
CUST-003171,Nyarugenge,Kanyinya,Nzove,Non-Residential,Active,2023-12-07,-1.965159,30.08068
CUST-003172,Nyarugenge,Nyamirambo,Mumena,Residential,Active,2025-11-24,-1.973535,30.057671
CUST-003173,Kicukiro,Kanombe,Kabeza,Residential,Active,2020-06-01,-1.958243,30.124068
CUST-003174,Kicukiro,Kanombe,Busanza,Residential,Active,2021-02-24,-1.949736,30.090319
CUST-003175,Kicukiro,Gatenga,Nyanza,Residential,Active,2021-01-14,-1.999312,30.026237
CUST-003176,Gasabo,Rusororo,Nyagahinga,Residential,Active,2020-07-11,-1.884781,30.133763
CUST-003177,Nyarugenge,Kigali,Nyabugogo,Residential,Disconnected,2024-08-20,-1.968032,30.042405
CUST-003178,Gasabo,Jabana,Bweramvura,Residential,Active,2024-08-25,-1.904105,30.176389
CUST-003179,Gasabo,Jali,Nyabuliba,Residential,Active,2024-04-28,-1.868973,30.152826
CUST-003180,Kicukiro,Kicukiro,Kicukiro,Public Taps,Active,2024-03-04,-1.953792,30.074994
CUST-003181,Gasabo,Kinyinya,Kagugu,Residential,Suspended,2020-11-13,-1.862897,30.096554
CUST-003182,Gasabo,Jabana,Akamatamu,Non-Residential,Active,2020-07-08,-1.879113,30.162872
CUST-003183,Nyarugenge,Nyakabanda,Nyakabanda I,Residential,Active,2020-07-09,-1.956286,30.064727
CUST-003184,Kicukiro,Gahanga,Gahanga,Residential,Active,2022-12-04,-2.003895,30.125491
CUST-003185,Nyarugenge,Kimisagara,Katabaro,Residential,Active,2025-03-31,-1.956757,30.027222
CUST-003186,Nyarugenge,Muhima,Nyabugogo,Residential,Active,2025-11-12,-2.010701,30.073597
CUST-003187,Gasabo,Remera,Nyabisindu,Public Taps,Active,2025-05-20,-1.886891,30.11105
CUST-003188,Gasabo,Jali,Nkusi,Residential,Transferred,2021-02-25,-1.841127,30.122983
CUST-003189,Kicukiro,Nyarugunga,Nonko,Public Taps,Active,2024-06-27,-2.003428,30.122023
CUST-003190,Gasabo,Jabana,Ngiryi,Residential,Active,2021-07-08,-1.899723,30.127008
CUST-003191,Nyarugenge,Kigali,Rwesero,Residential,Active,2021-04-04,-1.983433,30.060471
CUST-003192,Gasabo,Remera,Rukiri I,Residential,Active,2020-06-25,-1.873243,30.119656
CUST-003193,Kicukiro,Gahanga,Nunga,Residential,Active,2023-08-23,-1.959228,30.075226
CUST-003194,Kicukiro,Nyarugunga,Rwimbogo,Residential,Active,2020-04-17,-1.956639,30.132614
CUST-003195,Nyarugenge,Kimisagara,Katabaro,Residential,Disconnected,2023-12-04,-1.970327,30.047754
CUST-003196,Gasabo,Nduba,Sha,Residential,Transferred,2023-12-19,-1.841334,30.128907
CUST-003197,Nyarugenge,Gitega,Akabeza,Residential,Active,2023-08-02,-1.933085,30.051891
CUST-003198,Gasabo,Jabana,Kabuye,Residential,Active,2020-02-05,-1.858354,30.125919
CUST-003199,Kicukiro,Gikondo,Kinunga,Non-Residential,Active,2020-02-05,-1.959273,30.04705
CUST-003200,Nyarugenge,Gitega,Kinyange,Residential,Active,2025-03-30,-1.95961,30.053462
CUST-003201,Kicukiro,Niboye,Nyakabanda,Residential,Active,2024-11-03,-1.991516,30.09523
CUST-003202,Gasabo,Kacyiru,Kamutwa,Residential,Disconnected,2024-08-04,-1.88026,30.117946
CUST-003203,Gasabo,Rusororo,Bisenga,Residential,Active,2023-03-01,-1.930195,30.144555
CUST-003204,Gasabo,Jabana,Ngiryi,Residential,Active,2025-12-28,-1.889465,30.12408
CUST-003205,Nyarugenge,Mageragere,Kavumu,Residential,Active,2020-01-15,-2.03058,30.023851
CUST-003206,Kicukiro,Masaka,Mbabe,Residential,Active,2025-03-14,-1.98602,30.094291
CUST-003207,Gasabo,Jali,Nyakabungo,Residential,Disconnected,2022-06-29,-1.875253,30.104936
CUST-003208,Gasabo,Jabana,Kabuye,Residential,Active,2020-11-18,-1.856621,30.071553
CUST-003209,Gasabo,Kimironko,Bibare,Residential,Active,2024-10-16,-1.882047,30.140026
CUST-003210,Gasabo,Jabana,Kidashya,Residential,Active,2023-08-09,-1.850971,30.147014
CUST-003211,Gasabo,Rutunga,Kigabiro,Residential,Active,2021-01-20,-1.838778,30.12199
CUST-003212,Gasabo,Nduba,Sha,Residential,Active,2023-12-18,-1.912705,30.157342
CUST-003213,Gasabo,Nduba,Shango,Residential,Active,2025-07-08,-1.909404,30.113698
CUST-003214,Kicukiro,Kigarama,Nyarurama,Residential,Disconnected,2021-08-11,-1.980538,30.133689
CUST-003215,Nyarugenge,Gitega,Kigarama,Residential,Suspended,2024-03-26,-1.954609,30.08471
CUST-003216,Nyarugenge,Mageragere,Nyarurenzi,Residential,Active,2023-12-18,-1.962168,30.016224
CUST-003217,Nyarugenge,Rwezamenyo,Rwezamenyo II,Residential,Active,2021-07-19,-1.939412,30.043308
CUST-003218,Nyarugenge,Gitega,Kora,Residential,Active,2022-04-15,-1.977328,30.070495
CUST-003219,Kicukiro,Kagarama,Muyange,Residential,Active,2024-09-24,-2.003209,30.080221
CUST-003220,Gasabo,Rusororo,Mbandazi,Residential,Active,2023-08-24,-1.909118,30.108162
CUST-003221,Kicukiro,Gahanga,Gahanga,Non-Residential,Active,2022-01-04,-2.022185,30.105961
CUST-003222,Gasabo,Kinyinya,Murama,Residential,Active,2024-05-13,-1.883828,30.0912
CUST-003223,Gasabo,Bumbogo,Musave,Residential,Active,2025-08-04,-1.905951,30.07536
CUST-003224,Gasabo,Nduba,Butare,Residential,Active,2023-06-10,-1.883551,30.145277
CUST-003225,Gasabo,Jabana,Kidashya,Residential,Active,2023-10-23,-1.925333,30.152889
CUST-003226,Gasabo,Rusororo,Kabuga II,Residential,Active,2021-06-27,-1.888201,30.096339
CUST-003227,Nyarugenge,Mageragere,Ntungamo,Residential,Active,2024-04-14,-1.976028,30.041721
CUST-003228,Kicukiro,Kicukiro,Gasharu,Residential,Active,2025-02-14,-1.978464,30.126496
CUST-003229,Nyarugenge,Mageragere,Runzenze,Residential,Active,2023-04-13,-2.008157,30.092941
CUST-003230,Nyarugenge,Mageragere,Nyarurenzi,Residential,Active,2021-02-27,-1.976264,30.036178
CUST-003231,Kicukiro,Gikondo,Kinunga,Residential,Active,2022-05-22,-1.954889,30.136239
CUST-003232,Gasabo,Nduba,Muremure,Residential,Disconnected,2022-10-21,-1.885627,30.108192
CUST-003233,Kicukiro,Gikondo,Kanserege,Non-Residential,Disconnected,2024-08-15,-1.94817,30.076601
CUST-003234,Gasabo,Rutunga,Kigabiro,Residential,Active,2021-03-25,-1.853453,30.086724
CUST-003235,Nyarugenge,Nyakabanda,Munanira II,Residential,Suspended,2021-05-09,-1.984963,30.056801
CUST-003236,Kicukiro,Gahanga,Nunga,Residential,Active,2023-03-01,-1.942745,30.061154
CUST-003237,Nyarugenge,Kimisagara,Kimisagara,Residential,Active,2022-04-08,-1.963947,30.067468
CUST-003238,Nyarugenge,Muhima,Rugenge,Residential,Active,2022-04-21,-2.013618,30.099822
CUST-003239,Kicukiro,Kigarama,Rwampara,Residential,Disconnected,2021-11-04,-1.951081,30.060948
CUST-003240,Gasabo,Jali,Nyabuliba,Residential,Active,2024-01-18,-1.838503,30.069586
CUST-003241,Gasabo,Rusororo,Ruhanga,Residential,Disconnected,2021-08-03,-1.878823,30.149968
CUST-003242,Nyarugenge,Rwezamenyo,Kabuguru I,Residential,Disconnected,2024-12-14,-1.935895,30.062258
CUST-003243,Kicukiro,Nyarugunga,Nonko,Residential,Active,2022-10-15,-1.993753,30.086136
CUST-003244,Gasabo,Nduba,Gasanze,Residential,Suspended,2021-08-18,-1.903062,30.145857
CUST-003245,Kicukiro,Kigarama,Karugira,Residential,Active,2022-11-24,-1.941618,30.096868
CUST-003246,Gasabo,Rusororo,Ruhanga,Residential,Active,2021-06-24,-1.852075,30.171051
CUST-003247,Gasabo,Gatsata,Nyamugari,Residential,Active,2025-09-27,-1.864011,30.133561
CUST-003248,Gasabo,Nduba,Gatunga,Residential,Active,2023-08-24,-1.819393,30.111769
CUST-003249,Gasabo,Gatsata,Nyamugari,Industries,Active,2020-09-20,-1.919465,30.126408
CUST-003250,Gasabo,Nduba,Gatunga,Residential,Active,2023-08-29,-1.869628,30.082755
CUST-003251,Kicukiro,Masaka,Cyimo,Residential,Active,2024-03-28,-1.964878,30.139846
CUST-003252,Kicukiro,Kanombe,Rubirizi,Residential,Active,2022-08-22,-2.006583,30.113586
CUST-003253,Gasabo,Jabana,Ngiryi,Residential,Active,2024-10-20,-1.914598,30.111519
CUST-003254,Gasabo,Rutunga,Kabaliza,Residential,Active,2024-05-21,-1.895566,30.141067
CUST-003255,Nyarugenge,Kigali,Kigali,Residential,Active,2021-07-18,-1.941515,30.088312
CUST-003256,Gasabo,Nduba,Muremure,Residential,Active,2024-12-31,-1.922578,30.117436
CUST-003257,Gasabo,Ndera,Masoro,Non-Residential,Active,2025-08-15,-1.904667,30.196093
CUST-003258,Nyarugenge,Muhima,Rugenge,Residential,Active,2025-07-05,-1.954921,30.088298
CUST-003259,Kicukiro,Kigarama,Rwampara,Residential,Active,2023-03-19,-1.948234,30.11434
CUST-003260,Nyarugenge,Mageragere,Kavumu,Residential,Active,2023-01-01,-1.942013,30.043744
CUST-003261,Kicukiro,Masaka,Cyimo,Non-Residential,Active,2021-01-05,-1.996827,30.147234
CUST-003262,Nyarugenge,Nyarugenge,Biryogo,Residential,Active,2025-08-22,-1.951442,30.05997
CUST-003263,Kicukiro,Gikondo,Kagunga,Residential,Active,2025-03-04,-1.99168,30.089249
CUST-003264,Nyarugenge,Rwezamenyo,Kabuguru II,Residential,Active,2021-12-19,-1.972349,30.020035
CUST-003265,Nyarugenge,Nyakabanda,Nyakabanda I,Non-Residential,Active,2022-05-31,-1.965567,30.009369
CUST-003266,Gasabo,Jabana,Kidashya,Residential,Active,2020-02-20,-1.945587,30.040399
CUST-003267,Kicukiro,Gikondo,Kinunga,Residential,Active,2023-08-04,-1.94336,30.1295
CUST-003268,Gasabo,Jali,Agateko,Residential,Active,2025-02-02,-1.93404,30.122772
CUST-003269,Gasabo,Rutunga,Indatemwa,Residential,Active,2025-09-18,-1.934289,30.107306
CUST-003270,Gasabo,Gatsata,Nyamugari,Residential,Active,2023-11-19,-1.874904,30.117839
CUST-003271,Gasabo,Kimironko,Nyagatovu,Residential,Active,2021-06-16,-1.844237,30.116576
CUST-003272,Nyarugenge,Nyarugenge,Kiyovu,Residential,Active,2023-07-28,-1.976161,30.046761
CUST-003273,Nyarugenge,Kimisagara,Katabaro,Residential,Active,2022-05-15,-1.96454,30.062743
CUST-003274,Gasabo,Remera,Nyabisindu,Residential,Active,2025-10-26,-1.869512,30.151173
CUST-003275,Nyarugenge,Mageragere,Kankuba,Residential,Active,2025-05-16,-1.944859,30.08272
CUST-003276,Nyarugenge,Mageragere,Kavumu,Residential,Active,2020-11-01,-1.988645,30.037414
CUST-003277,Nyarugenge,Gitega,Kora,Residential,Active,2021-04-25,-1.998018,30.089606
CUST-003278,Nyarugenge,Kanyinya,Nzove,Residential,Active,2023-07-11,-1.973196,30.049074
CUST-003279,Kicukiro,Gatenga,Nyarurama,Non-Residential,Active,2022-06-26,-1.987092,30.124991
CUST-003280,Gasabo,Jabana,Ngiryi,Residential,Transferred,2020-01-16,-1.900904,30.116444
CUST-003281,Kicukiro,Kanombe,Rubirizi,Residential,Active,2020-07-18,-1.985658,30.10523
CUST-003282,Gasabo,Bumbogo,Ngara,Residential,Active,2025-07-20,-1.883527,30.041719
CUST-003283,Kicukiro,Kicukiro,Ngoma,Residential,Active,2025-11-29,-1.957806,30.118929
CUST-003284,Gasabo,Remera,Rukiri II,Residential,Active,2021-03-17,-1.869786,30.147261
CUST-003285,Gasabo,Ndera,Kibenga,Residential,Active,2020-02-05,-1.898462,30.091529
CUST-003286,Nyarugenge,Nyarugenge,Agatare,Residential,Suspended,2023-10-16,-1.950238,30.016561
CUST-003287,Nyarugenge,Muhima,Rugenge,Residential,Suspended,2025-05-03,-1.946423,30.03173
CUST-003288,Kicukiro,Kagarama,Rukatsa,Residential,Active,2020-12-15,-1.978613,30.113681
CUST-003289,Kicukiro,Masaka,Ayabaraya,Industries,Active,2025-04-09,-1.975736,30.162874
CUST-003290,Gasabo,Bumbogo,Mvuzo,Residential,Disconnected,2021-06-22,-1.867489,30.139514
CUST-003291,Gasabo,Ndera,Kibenga,Residential,Active,2020-06-09,-1.924229,30.110519
CUST-003292,Gasabo,Nduba,Butare,Residential,Active,2022-12-10,-1.937331,30.094649
CUST-003293,Nyarugenge,Mageragere,Ntungamo,Residential,Active,2023-04-24,-1.941777,30.061086
CUST-003294,Kicukiro,Gahanga,Karembure,Residential,Active,2022-12-04,-1.970262,30.118875
CUST-003295,Kicukiro,Nyarugunga,Kamashashi,Residential,Active,2025-12-15,-2.027007,30.103308
CUST-003296,Kicukiro,Nyarugunga,Kamashashi,Residential,Active,2021-08-21,-1.948107,30.111992
CUST-003297,Kicukiro,Masaka,Rusheshe,Residential,Active,2023-02-11,-2.017905,30.133974
CUST-003298,Gasabo,Gisozi,Ruhango,Residential,Active,2023-06-15,-1.886184,30.122828
CUST-003299,Nyarugenge,Nyamirambo,Rugarama,Residential,Active,2022-02-17,-1.982218,30.035984
CUST-003300,Gasabo,Gisozi,Ruhango,Residential,Suspended,2021-02-04,-1.830548,30.15244
CUST-003301,Gasabo,Nduba,Butare,Residential,Active,2021-08-13,-1.907597,30.138428
CUST-003302,Gasabo,Gisozi,Ruhango,Residential,Active,2022-08-11,-1.877636,30.17763
CUST-003303,Nyarugenge,Nyarugenge,Biryogo,Residential,Active,2022-08-18,-1.964684,30.049368
CUST-003304,Nyarugenge,Nyarugenge,Rwampara,Residential,Active,2023-02-15,-1.94705,30.060717
CUST-003305,Nyarugenge,Nyamirambo,Mumena,Residential,Active,2021-12-07,-1.929016,30.032013
CUST-003306,Nyarugenge,Gitega,Kinyange,Residential,Active,2021-09-02,-1.943038,30.111148
CUST-003307,Gasabo,Kimihurura,Kamukina,Residential,Suspended,2022-06-18,-1.855628,30.097089
CUST-003308,Gasabo,Rutunga,Kigabiro,Residential,Suspended,2025-12-29,-1.885595,30.113874
CUST-003309,Nyarugenge,Mageragere,Mataba,Residential,Active,2022-07-17,-1.943518,30.059137
CUST-003310,Gasabo,Rutunga,Gasabo,Residential,Active,2024-08-03,-1.93532,30.125936
CUST-003311,Kicukiro,Gatenga,Nyarurama,Residential,Active,2023-03-11,-1.97879,30.09543
CUST-003312,Nyarugenge,Kimisagara,Katabaro,Public Taps,Active,2025-02-05,-1.957948,30.082279
CUST-003313,Kicukiro,Nyarugunga,Kamashashi,Residential,Active,2023-03-09,-1.942227,30.075761
CUST-003314,Kicukiro,Gahanga,Karembure,Residential,Active,2022-02-13,-1.954459,30.084784
CUST-003315,Nyarugenge,Gitega,Kora,Residential,Active,2025-10-25,-1.977451,30.06131
CUST-003316,Gasabo,Nduba,Gatunga,Residential,Active,2024-06-04,-1.878274,30.102663
CUST-003317,Kicukiro,Nyarugunga,Nonko,Residential,Suspended,2024-03-24,-2.009395,30.148221
CUST-003318,Kicukiro,Masaka,Mbabe,Residential,Active,2024-04-10,-1.927727,30.137443
CUST-003319,Kicukiro,Gahanga,Karembure,Residential,Active,2020-09-14,-1.999039,30.126708
CUST-003320,Nyarugenge,Kigali,Mwendo,Residential,Active,2023-06-18,-1.960487,30.002573
CUST-003321,Kicukiro,Masaka,Rusheshe,Residential,Active,2022-04-24,-1.926174,30.109255
CUST-003322,Kicukiro,Masaka,Mbabe,Residential,Active,2024-01-09,-1.985615,30.110807
CUST-003323,Gasabo,Kinyinya,Murama,Residential,Active,2025-08-31,-1.938206,30.138299
CUST-003324,Gasabo,Ndera,Masoro,Residential,Active,2024-01-10,-1.911657,30.133189
CUST-003325,Gasabo,Nduba,Shango,Residential,Active,2023-06-25,-1.901706,30.149141
CUST-003326,Kicukiro,Gahanga,Nunga,Residential,Active,2025-01-23,-1.989762,30.052973
CUST-003327,Gasabo,Gatsata,Nyamugari,Residential,Active,2020-11-28,-1.847117,30.152816
CUST-003328,Gasabo,Rutunga,Gasabo,Residential,Active,2021-06-01,-1.87687,30.091719
CUST-003329,Gasabo,Gisozi,Ruhango,Residential,Active,2023-07-31,-1.880243,30.18374
CUST-003330,Nyarugenge,Muhima,Kabasengerezi,Residential,Active,2023-09-07,-1.867696,30.058069
CUST-003331,Gasabo,Rutunga,Gasabo,Residential,Active,2025-04-07,-1.905335,30.111819
CUST-003332,Gasabo,Jabana,Ngiryi,Public Taps,Active,2021-08-10,-1.863776,30.140722
CUST-003333,Gasabo,Rusororo,Bisenga,Residential,Active,2024-11-13,-1.854825,30.083248
CUST-003334,Gasabo,Ndera,Mukuyu,Non-Residential,Active,2021-12-31,-1.939637,30.180052
CUST-003335,Gasabo,Jali,Buhiza,Residential,Active,2024-09-28,-1.843913,30.122602
CUST-003336,Gasabo,Rusororo,Kinyana,Residential,Active,2024-05-03,-1.907452,30.14782
CUST-003337,Gasabo,Kinyinya,Murama,Residential,Active,2022-03-10,-1.902876,30.14586
CUST-003338,Gasabo,Nduba,Gasanze,Residential,Active,2022-05-22,-1.883091,30.158198
CUST-003339,Gasabo,Bumbogo,Nkuzuzu,Non-Residential,Active,2023-11-01,-1.90641,30.153929
CUST-003340,Gasabo,Kimironko,Kibagabaga,Residential,Active,2021-04-17,-1.930758,30.0874
CUST-003341,Nyarugenge,Kigali,Kigali,Residential,Active,2021-01-29,-1.947997,30.021625
CUST-003342,Gasabo,Gikomero,Kibara,Residential,Active,2021-02-22,-1.833057,30.186976
CUST-003343,Kicukiro,Masaka,Ayabaraya,Residential,Disconnected,2025-05-11,-2.039352,30.080771
CUST-003344,Gasabo,Remera,Nyabisindu,Residential,Active,2025-07-07,-1.895741,30.074571
CUST-003345,Gasabo,Jali,Muko,Residential,Active,2021-04-05,-1.854149,30.154102
CUST-003346,Nyarugenge,Nyakabanda,Nyakabanda II,Residential,Active,2020-02-03,-1.991743,30.046172
CUST-003347,Gasabo,Kinyinya,Gasharu,Residential,Active,2021-10-11,-1.91346,30.120915
CUST-003348,Gasabo,Remera,Rukiri II,Residential,Active,2025-04-11,-1.862917,30.117213
CUST-003349,Kicukiro,Kigarama,Nyarurama,Residential,Active,2025-12-27,-1.978436,30.059031
CUST-003350,Nyarugenge,Rwezamenyo,Kabuguru II,Residential,Active,2020-08-24,-2.043701,30.052997
CUST-003351,Kicukiro,Kigarama,Kigarama,Residential,Active,2025-12-05,-1.897392,30.024526
CUST-003352,Nyarugenge,Kanyinya,Taba,Residential,Active,2022-07-07,-1.97884,30.09039
CUST-003353,Nyarugenge,Nyakabanda,Nyakabanda I,Residential,Active,2025-09-26,-1.979237,30.01876
CUST-003354,Nyarugenge,Rwezamenyo,Rwezamenyo II,Residential,Active,2020-10-16,-1.992212,30.088294
CUST-003355,Kicukiro,Nyarugunga,Nonko,Residential,Active,2021-03-23,-2.004306,30.130489
CUST-003356,Gasabo,Nduba,Sha,Non-Residential,Active,2020-04-03,-1.89717,30.156823
CUST-003357,Gasabo,Gikomero,Munini,Residential,Active,2024-03-02,-1.854638,30.168516
CUST-003358,Kicukiro,Kicukiro,Gasharu,Residential,Active,2024-10-12,-2.008593,30.103115
CUST-003359,Gasabo,Nduba,Shango,Industries,Suspended,2020-11-26,-1.903676,30.140505
CUST-003360,Gasabo,Jabana,Kabuye,Public Taps,Active,2022-05-08,-1.906043,30.128152
CUST-003361,Gasabo,Jali,Agateko,Residential,Transferred,2025-07-03,-1.877787,30.120502
CUST-003362,Kicukiro,Masaka,Ayabaraya,Residential,Active,2024-05-07,-2.039186,30.171885
CUST-003363,Kicukiro,Gatenga,Nyanza,Public Taps,Active,2025-07-30,-1.993851,30.122715
CUST-003364,Gasabo,Jali,Nyabuliba,Residential,Active,2023-03-10,-1.891971,30.139912
CUST-003365,Gasabo,Rutunga,Indatemwa,Residential,Active,2025-11-23,-1.869406,30.094069
CUST-003366,Kicukiro,Gikondo,Kanserege,Residential,Active,2024-10-31,-1.997477,30.150194
CUST-003367,Nyarugenge,Muhima,Amahoro,Residential,Active,2023-01-01,-1.920949,30.078876
CUST-003368,Kicukiro,Gahanga,Rwabutenge,Residential,Active,2021-10-26,-1.988332,30.047476
CUST-003369,Gasabo,Kinyinya,Gasharu,Residential,Active,2025-11-30,-1.855705,30.194344
CUST-003370,Kicukiro,Kigarama,Bwerankori,Residential,Active,2020-03-29,-1.976862,30.03973
CUST-003371,Nyarugenge,Nyarugenge,Kiyovu,Residential,Active,2020-03-15,-1.906094,30.026464
CUST-003372,Gasabo,Kacyiru,Kamatamu,Public Taps,Active,2021-06-16,-1.857492,30.141891
CUST-003373,Kicukiro,Kigarama,Bwerankori,Residential,Active,2020-11-11,-1.925206,30.11426
CUST-003374,Gasabo,Gikomero,Murambi,Residential,Active,2020-02-24,-1.887319,30.159405
CUST-003375,Kicukiro,Gahanga,Nunga,Residential,Active,2024-12-01,-1.973311,30.078217
CUST-003376,Nyarugenge,Muhima,Ubumwe,Residential,Active,2020-04-14,-1.94713,30.09778
CUST-003377,Nyarugenge,Muhima,Tetero,Residential,Disconnected,2020-12-10,-1.995556,30.042949
CUST-003378,Gasabo,Kimihurura,Rugando,Residential,Active,2023-12-13,-1.841353,30.116988
CUST-003379,Kicukiro,Gikondo,Kanserege,Residential,Transferred,2021-09-09,-2.036411,30.062813
CUST-003380,Gasabo,Jabana,Ngiryi,Residential,Active,2020-04-21,-1.905117,30.178184
CUST-003381,Nyarugenge,Muhima,Kabasengerezi,Residential,Active,2022-03-30,-1.913784,29.999604
CUST-003382,Gasabo,Remera,Nyabisindu,Residential,Active,2020-10-27,-1.907708,30.159338
CUST-003383,Gasabo,Ndera,Masoro,Residential,Active,2025-09-16,-1.827527,30.124703
CUST-003384,Nyarugenge,Mageragere,Mataba,Residential,Active,2022-03-17,-1.981461,30.005639
CUST-003385,Gasabo,Bumbogo,Ngara,Residential,Active,2023-02-15,-1.876993,30.117688
CUST-003386,Gasabo,Remera,Rukiri II,Non-Residential,Active,2023-08-07,-1.931522,30.125749
CUST-003387,Nyarugenge,Nyarugenge,Agatare,Residential,Active,2025-02-01,-2.006321,30.049687
CUST-003388,Nyarugenge,Mageragere,Kavumu,Residential,Active,2022-07-10,-1.954271,30.032362
CUST-003389,Gasabo,Kinyinya,Kagugu,Residential,Active,2023-06-17,-1.856131,30.146261
CUST-003390,Kicukiro,Kigarama,Karugira,Residential,Active,2022-05-28,-2.049903,30.052068
CUST-003391,Nyarugenge,Kanyinya,Taba,Residential,Active,2020-01-16,-1.946119,30.110954
CUST-003392,Kicukiro,Gikondo,Kagunga,Residential,Active,2021-03-06,-1.995546,30.106143
CUST-003393,Kicukiro,Masaka,Ayabaraya,Residential,Active,2020-10-03,-1.924891,30.089509
CUST-003394,Nyarugenge,Mageragere,Runzenze,Residential,Active,2025-04-14,-1.989303,30.068782
CUST-003395,Kicukiro,Masaka,Gako,Residential,Active,2023-12-23,-1.964206,30.078636
CUST-003396,Gasabo,Jabana,Kidashya,Residential,Active,2025-09-16,-1.914495,30.133573
CUST-003397,Gasabo,Jali,Buhiza,Residential,Transferred,2025-10-16,-1.911162,30.085852
CUST-003398,Nyarugenge,Kimisagara,Kimisagara,Residential,Active,2024-10-16,-1.992836,30.056414
CUST-003399,Nyarugenge,Muhima,Tetero,Residential,Active,2025-10-27,-1.953016,30.03293
CUST-003400,Gasabo,Rutunga,Indatemwa,Residential,Active,2021-06-29,-1.821058,30.113252
CUST-003401,Gasabo,Jali,Nyabuliba,Residential,Active,2022-05-13,-1.916857,30.093241
CUST-003402,Gasabo,Gikomero,Murambi,Residential,Active,2024-08-17,-1.806958,30.175471
CUST-003403,Nyarugenge,Nyakabanda,Nyakabanda II,Residential,Suspended,2022-09-08,-1.940607,30.07698
CUST-003404,Kicukiro,Kicukiro,Kicukiro,Non-Residential,Active,2024-11-11,-1.97539,30.072697
CUST-003405,Gasabo,Kimihurura,Rugando,Residential,Active,2025-01-06,-1.891742,30.179308
CUST-003406,Gasabo,Bumbogo,Kinyaga,Residential,Active,2025-11-12,-1.918847,30.142061
CUST-003407,Gasabo,Jabana,Kabuye,Residential,Active,2023-05-28,-1.864574,30.09712
CUST-003408,Nyarugenge,Gitega,Kora,Non-Residential,Active,2025-05-08,-1.974859,30.059132
CUST-003409,Kicukiro,Nyarugunga,Nonko,Residential,Active,2023-12-21,-1.935897,30.129456
CUST-003410,Kicukiro,Kanombe,Busanza,Residential,Suspended,2021-11-12,-1.947718,30.116221
CUST-003411,Nyarugenge,Rwezamenyo,Kabuguru II,Residential,Active,2021-11-15,-1.986621,30.09055
CUST-003412,Gasabo,Rusororo,Ruhanga,Residential,Active,2025-11-25,-1.917713,30.131129
CUST-003413,Gasabo,Kimihurura,Kimihurura,Residential,Active,2021-06-29,-1.867423,30.197551
CUST-003414,Nyarugenge,Mageragere,Mataba,Residential,Active,2023-03-19,-1.99446,30.088297
CUST-003415,Gasabo,Kinyinya,Gacuriro,Residential,Transferred,2022-09-23,-1.820002,30.109489
CUST-003416,Gasabo,Remera,Rukiri I,Residential,Active,2023-04-28,-1.855055,30.121426
CUST-003417,Nyarugenge,Mageragere,Kankuba,Residential,Active,2023-03-10,-1.967642,30.067947
CUST-003418,Gasabo,Jabana,Kabuye,Residential,Active,2024-04-10,-1.890743,30.113239
CUST-003419,Kicukiro,Gikondo,Kinunga,Residential,Active,2025-05-08,-1.942171,30.109188
CUST-003420,Kicukiro,Gahanga,Rwabutenge,Residential,Active,2025-06-28,-2.021152,30.114144
CUST-003421,Kicukiro,Kigarama,Nyarurama,Residential,Active,2023-06-29,-1.981989,30.138331
CUST-003422,Nyarugenge,Muhima,Nyabugogo,Industries,Active,2020-09-13,-1.979904,29.985927
CUST-003423,Kicukiro,Masaka,Gitaraga,Residential,Active,2023-09-06,-1.974563,30.113738
CUST-003424,Nyarugenge,Nyamirambo,Cyivugiza,Residential,Active,2024-09-26,-1.921146,30.067303
CUST-003425,Kicukiro,Gahanga,Rwabutenge,Residential,Active,2023-08-08,-1.96484,30.141435
CUST-003426,Kicukiro,Gatenga,Nyanza,Residential,Active,2022-04-30,-1.986769,30.065638
CUST-003427,Kicukiro,Nyarugunga,Kamashashi,Residential,Active,2024-11-25,-1.986928,30.117533
CUST-003428,Gasabo,Kimironko,Bibare,Residential,Disconnected,2023-12-18,-1.943916,30.142427
CUST-003429,Gasabo,Rutunga,Indatemwa,Residential,Active,2024-12-31,-1.880115,30.08693
CUST-003430,Nyarugenge,Rwezamenyo,Rwezamenyo II,Residential,Active,2025-12-28,-1.956403,30.026441
CUST-003431,Kicukiro,Kanombe,Karama,Residential,Active,2025-12-06,-1.979953,30.136773
CUST-003432,Gasabo,Kimihurura,Rugando,Residential,Active,2022-11-20,-1.89476,30.160826
CUST-003433,Nyarugenge,Nyakabanda,Nyakabanda I,Residential,Active,2022-10-23,-1.968414,30.037368
CUST-003434,Nyarugenge,Mageragere,Nyarurenzi,Residential,Suspended,2025-01-14,-1.959922,30.033709
CUST-003435,Kicukiro,Kanombe,Kabeza,Residential,Active,2021-04-29,-1.922988,30.040228
CUST-003436,Gasabo,Ndera,Cyaruzinge,Residential,Active,2025-04-14,-1.819247,30.104262
CUST-003437,Gasabo,Gisozi,Musezero,Residential,Active,2025-01-18,-1.866372,30.13855
CUST-003438,Kicukiro,Niboye,Nyakabanda,Non-Residential,Active,2021-06-22,-1.991795,30.054263
CUST-003439,Kicukiro,Gahanga,Murinja,Residential,Active,2021-10-10,-1.987488,30.133083
CUST-003440,Gasabo,Jabana,Bweramvura,Residential,Disconnected,2020-04-26,-1.892235,30.136724
CUST-003441,Nyarugenge,Muhima,Amahoro,Residential,Active,2023-06-27,-1.993288,30.032164
CUST-003442,Gasabo,Gikomero,Gasagara,Residential,Suspended,2020-08-07,-1.920286,30.133129
CUST-003443,Kicukiro,Masaka,Rusheshe,Residential,Active,2024-05-20,-1.955705,30.117564
CUST-003444,Gasabo,Remera,Rukiri II,Residential,Active,2025-03-09,-1.881129,30.210946
CUST-003445,Kicukiro,Gahanga,Rwabutenge,Residential,Active,2022-05-08,-1.996529,30.136099
CUST-003446,Gasabo,Ndera,Cyaruzinge,Residential,Active,2025-05-23,-1.860294,30.14089
CUST-003447,Kicukiro,Gahanga,Nunga,Residential,Suspended,2024-01-25,-1.992317,30.117398
CUST-003448,Kicukiro,Gahanga,Murinja,Residential,Active,2024-06-03,-2.010801,30.085186
CUST-003449,Kicukiro,Kicukiro,Kicukiro,Residential,Active,2020-06-18,-1.961541,30.09225
CUST-003450,Kicukiro,Gahanga,Nunga,Residential,Suspended,2021-04-18,-1.945652,30.05881
CUST-003451,Nyarugenge,Mageragere,Kankuba,Residential,Suspended,2024-03-04,-1.990482,30.055143
CUST-003452,Gasabo,Jali,Agateko,Residential,Disconnected,2025-08-13,-1.866727,30.140878
CUST-003453,Kicukiro,Nyarugunga,Kamashashi,Residential,Active,2024-10-06,-1.975532,30.141138
CUST-003454,Gasabo,Ndera,Kibenga,Residential,Active,2025-12-07,-1.86574,30.135168
CUST-003455,Gasabo,Jali,Nkusi,Residential,Active,2021-02-07,-1.895777,30.164617
CUST-003456,Kicukiro,Masaka,Gitaraga,Residential,Active,2022-04-24,-1.977679,30.077813
CUST-003457,Gasabo,Remera,Rukiri I,Residential,Active,2023-09-13,-1.879053,30.140015
CUST-003458,Gasabo,Gatsata,Karuruma,Residential,Active,2023-05-15,-1.837695,30.164891
CUST-003459,Gasabo,Gikomero,Kibara,Residential,Active,2021-03-09,-1.908692,30.120922
CUST-003460,Gasabo,Bumbogo,Mvuzo,Residential,Active,2024-01-21,-1.898761,30.096849
CUST-003461,Gasabo,Gisozi,Musezero,Residential,Active,2024-06-08,-1.906809,30.169758
CUST-003462,Gasabo,Rutunga,Kacyatwa,Residential,Active,2025-01-25,-1.913606,30.153217
CUST-003463,Kicukiro,Niboye,Nyakabanda,Residential,Active,2023-08-30,-1.941406,30.0264
CUST-003464,Nyarugenge,Nyamirambo,Mumena,Residential,Active,2025-09-01,-1.914566,30.089257
CUST-003465,Gasabo,Remera,Nyarutarama,Residential,Active,2021-09-13,-1.870459,30.15448
CUST-003466,Nyarugenge,Mageragere,Mataba,Residential,Suspended,2021-01-07,-1.945776,30.07149
CUST-003467,Gasabo,Kacyiru,Kamatamu,Residential,Active,2025-05-23,-1.861994,30.142115
CUST-003468,Nyarugenge,Muhima,Kabasengerezi,Non-Residential,Active,2025-10-29,-1.975283,30.072288
CUST-003469,Nyarugenge,Muhima,Tetero,Residential,Active,2025-09-15,-1.959173,30.095256
CUST-003470,Gasabo,Nduba,Muremure,Residential,Active,2022-02-04,-1.882792,30.143727
CUST-003471,Gasabo,Kimironko,Nyagatovu,Residential,Active,2022-03-05,-1.875209,30.159938
CUST-003472,Gasabo,Nduba,Gasanze,Non-Residential,Active,2025-10-01,-1.935042,30.093207
CUST-003473,Gasabo,Jabana,Kabuye,Residential,Active,2025-07-25,-1.860985,30.111855
CUST-003474,Nyarugenge,Mageragere,Mataba,Residential,Active,2022-05-31,-1.98463,30.080048
CUST-003475,Gasabo,Gisozi,Musezero,Residential,Active,2021-05-16,-1.855612,30.12317
CUST-003476,Kicukiro,Kigarama,Nyarurama,Residential,Active,2022-07-04,-1.995411,30.076196
CUST-003477,Gasabo,Rutunga,Kibenga,Residential,Transferred,2023-07-19,-1.938193,30.124772
CUST-003478,Kicukiro,Gikondo,Kagunga,Residential,Active,2023-09-30,-1.983046,30.095436
CUST-003479,Gasabo,Rusororo,Kinyana,Residential,Active,2020-10-28,-1.867516,30.087691
CUST-003480,Gasabo,Ndera,Rudashya,Residential,Active,2023-08-20,-1.879235,30.196528
CUST-003481,Kicukiro,Gahanga,Gahanga,Residential,Disconnected,2022-03-30,-1.972927,30.097875
CUST-003482,Gasabo,Rutunga,Indatemwa,Residential,Active,2020-01-11,-1.903448,30.072998
CUST-003483,Nyarugenge,Nyarugenge,Agatare,Residential,Active,2023-01-23,-1.972782,30.086098
CUST-003484,Gasabo,Rusororo,Bisenga,Residential,Active,2020-03-12,-1.87519,30.118543
CUST-003485,Gasabo,Kimihurura,Rugando,Residential,Active,2024-03-01,-1.8802,30.160739
CUST-003486,Nyarugenge,Mageragere,Mataba,Residential,Active,2023-10-28,-1.945088,30.031601
CUST-003487,Gasabo,Kimihurura,Kimihurura,Residential,Active,2022-09-22,-1.888686,30.146125
CUST-003488,Kicukiro,Niboye,Nyakabanda,Residential,Active,2024-04-17,-1.93307,30.041274
CUST-003489,Nyarugenge,Muhima,Kabasengerezi,Industries,Active,2020-08-27,-1.996891,30.071357
CUST-003490,Kicukiro,Niboye,Niboye,Residential,Active,2021-03-18,-1.98848,30.109415
CUST-003491,Nyarugenge,Kimisagara,Katabaro,Residential,Active,2025-06-06,-1.980812,29.999831
CUST-003492,Gasabo,Rusororo,Ruhanga,Residential,Active,2025-01-07,-1.882967,30.140581
CUST-003493,Gasabo,Gatsata,Nyamugari,Public Taps,Active,2022-07-12,-1.896326,30.133551
CUST-003494,Gasabo,Rutunga,Kigabiro,Residential,Active,2023-11-02,-1.915663,30.126236
CUST-003495,Gasabo,Kimironko,Kibagabaga,Residential,Active,2021-12-02,-1.8602,30.081171
CUST-003496,Kicukiro,Masaka,Mbabe,Residential,Suspended,2022-12-03,-1.971826,30.111353
CUST-003497,Gasabo,Rusororo,Bisenga,Residential,Active,2021-09-26,-1.8724,30.170011
CUST-003498,Kicukiro,Kagarama,Kanserege,Industries,Active,2024-04-25,-1.940986,30.067913
CUST-003499,Nyarugenge,Muhima,Ubumwe,Residential,Active,2024-03-17,-1.975567,30.040922
CUST-003500,Nyarugenge,Gitega,Kinyange,Residential,Active,2024-07-15,-2.015185,30.125341
CUST-003501,Nyarugenge,Nyakabanda,Nyakabanda I,Industries,Active,2020-07-29,-1.95597,30.011323
CUST-003502,Gasabo,Jali,Agateko,Residential,Active,2024-05-11,-1.873754,30.027635
CUST-003503,Kicukiro,Kigarama,Rwampara,Residential,Active,2024-06-28,-2.011773,30.160391
CUST-003504,Gasabo,Rutunga,Kibenga,Residential,Active,2023-11-16,-1.903695,30.134619
CUST-003505,Kicukiro,Kicukiro,Gasharu,Residential,Active,2025-02-15,-1.981314,30.057806
CUST-003506,Nyarugenge,Kimisagara,Kamuhoza,Residential,Active,2025-10-27,-1.92585,30.032804
CUST-003507,Gasabo,Gikomero,Gicaca,Residential,Active,2023-10-22,-1.941257,30.156425
CUST-003508,Kicukiro,Niboye,Gatare,Residential,Active,2023-06-15,-1.989647,30.086949
CUST-003509,Gasabo,Jabana,Kabuye,Residential,Active,2022-12-05,-1.894454,30.174573
CUST-003510,Gasabo,Kimironko,Bibare,Residential,Active,2020-05-16,-1.903824,30.160004
CUST-003511,Nyarugenge,Kigali,Ruriba,Residential,Active,2024-05-22,-1.935989,30.066889
CUST-003512,Nyarugenge,Mageragere,Runzenze,Residential,Active,2022-02-12,-1.961257,30.018951
CUST-003513,Gasabo,Gikomero,Kibara,Residential,Active,2022-06-02,-1.8625,30.147148
CUST-003514,Kicukiro,Kanombe,Rubirizi,Residential,Active,2020-06-30,-1.987444,30.046844
CUST-003515,Kicukiro,Gahanga,Karembure,Public Taps,Active,2023-03-24,-1.998356,30.109709
CUST-003516,Gasabo,Kinyinya,Gacuriro,Residential,Active,2023-09-05,-1.915717,30.103345
CUST-003517,Gasabo,Kimironko,Kibagabaga,Residential,Active,2024-09-22,-1.907457,30.176547
CUST-003518,Gasabo,Rusororo,Kabuga I,Residential,Active,2021-12-24,-1.858975,30.141386
CUST-003519,Kicukiro,Masaka,Gako,Residential,Active,2025-07-12,-1.991504,30.141386
CUST-003520,Nyarugenge,Rwezamenyo,Kabuguru II,Residential,Active,2020-12-14,-1.980692,30.045
CUST-003521,Gasabo,Rusororo,Kinyana,Residential,Disconnected,2024-01-18,-1.861448,30.077383
CUST-003522,Gasabo,Kimironko,Bibare,Residential,Active,2021-11-30,-1.868143,30.114914
CUST-003523,Gasabo,Rusororo,Nyagahinga,Residential,Active,2024-02-19,-1.881931,30.100656
CUST-003524,Kicukiro,Gahanga,Murinja,Residential,Active,2025-09-17,-1.952601,30.101464
CUST-003525,Kicukiro,Kanombe,Busanza,Residential,Active,2025-02-04,-1.974411,30.082445
CUST-003526,Kicukiro,Kigarama,Kigarama,Residential,Active,2022-06-03,-1.9818,30.104513
CUST-003527,Nyarugenge,Nyamirambo,Mumena,Residential,Suspended,2020-06-20,-1.986957,30.0781
CUST-003528,Nyarugenge,Gitega,Gacyamo,Residential,Active,2021-06-14,-1.903246,30.019997
CUST-003529,Gasabo,Gatsata,Nyamugari,Residential,Active,2020-08-26,-1.863101,30.188225
CUST-003530,Gasabo,Ndera,Bwiza,Residential,Active,2020-01-12,-1.909086,30.128229
CUST-003531,Kicukiro,Niboye,Nyakabanda,Residential,Active,2021-07-18,-1.9362,30.120328
CUST-003532,Gasabo,Ndera,Bwiza,Residential,Active,2020-03-30,-1.859537,30.147364
CUST-003533,Nyarugenge,Nyakabanda,Munanira I,Non-Residential,Active,2025-10-17,-1.961317,30.039759
CUST-003534,Gasabo,Rutunga,Kibenga,Residential,Active,2020-12-19,-1.928153,30.120583
CUST-003535,Gasabo,Jali,Nyamitanga,Residential,Active,2022-01-21,-1.876391,30.133039
CUST-003536,Gasabo,Gatsata,Nyamugari,Residential,Active,2020-04-29,-1.891586,30.16443
CUST-003537,Kicukiro,Gahanga,Rwabutenge,Residential,Disconnected,2024-08-11,-1.98893,30.102959
CUST-003538,Nyarugenge,Kigali,Kigali,Residential,Active,2024-04-11,-1.960718,30.024455
CUST-003539,Nyarugenge,Gitega,Kora,Residential,Active,2025-02-01,-1.888116,30.037365
CUST-003540,Gasabo,Bumbogo,Nyagasozi,Residential,Active,2022-01-29,-1.906102,30.103832
CUST-003541,Kicukiro,Gahanga,Kagasa,Residential,Active,2021-06-08,-1.963343,30.145343
CUST-003542,Gasabo,Kacyiru,Kamatamu,Residential,Active,2021-11-29,-1.9086,30.158664
CUST-003543,Nyarugenge,Mageragere,Kankuba,Residential,Disconnected,2023-03-17,-2.023723,30.087437
CUST-003544,Nyarugenge,Mageragere,Nyarurenzi,Residential,Active,2024-02-22,-1.944606,30.040395
CUST-003545,Nyarugenge,Kanyinya,Taba,Residential,Transferred,2023-02-14,-1.990497,30.111845
CUST-003546,Kicukiro,Kanombe,Karama,Residential,Active,2020-10-09,-2.069591,30.134913
CUST-003547,Gasabo,Rutunga,Indatemwa,Residential,Active,2022-12-27,-1.895426,30.139239
CUST-003548,Gasabo,Rutunga,Kigabiro,Residential,Active,2025-04-30,-1.87957,30.145804
CUST-003549,Gasabo,Gikomero,Kibara,Residential,Active,2021-06-14,-1.879554,30.10513
CUST-003550,Gasabo,Rutunga,Kigabiro,Residential,Active,2020-02-29,-1.877034,30.118371
CUST-003551,Kicukiro,Kagarama,Muyange,Residential,Active,2020-01-17,-1.970463,30.089798
CUST-003552,Nyarugenge,Mageragere,Mataba,Residential,Active,2024-01-28,-1.954784,30.026811
CUST-003553,Nyarugenge,Kigali,Ruriba,Residential,Active,2023-04-04,-2.047566,30.09659
CUST-003554,Nyarugenge,Rwezamenyo,Kabuguru I,Residential,Active,2024-09-07,-1.948014,30.040918
CUST-003555,Gasabo,Ndera,Rudashya,Residential,Active,2021-09-01,-1.895097,30.089621
CUST-003556,Gasabo,Kinyinya,Gacuriro,Residential,Active,2023-06-02,-1.898258,30.098758
CUST-003557,Gasabo,Jali,Nkusi,Residential,Active,2024-04-05,-1.902475,30.089787
CUST-003558,Gasabo,Ndera,Cyaruzinge,Residential,Active,2024-08-17,-1.861606,30.142031
CUST-003559,Gasabo,Kimironko,Kibagabaga,Residential,Active,2025-11-10,-1.90512,30.138954
CUST-003560,Kicukiro,Kicukiro,Ngoma,Residential,Active,2020-11-13,-1.976151,30.122843
CUST-003561,Gasabo,Kacyiru,Kamutwa,Non-Residential,Active,2025-10-31,-1.888075,30.112504
CUST-003562,Nyarugenge,Nyamirambo,Gasharu,Residential,Active,2024-12-27,-1.962729,30.057214
CUST-003563,Gasabo,Kinyinya,Gasharu,Residential,Active,2020-08-21,-1.889858,30.11684
CUST-003564,Kicukiro,Masaka,Mbabe,Industries,Active,2024-07-09,-1.918865,30.113223
CUST-003565,Gasabo,Jabana,Ngiryi,Residential,Active,2021-12-18,-1.945803,30.139141
CUST-003566,Gasabo,Jali,Buhiza,Residential,Active,2021-07-28,-1.850239,30.147417
CUST-003567,Nyarugenge,Kimisagara,Katabaro,Residential,Active,2020-03-05,-1.961453,30.081748
CUST-003568,Gasabo,Jali,Muko,Residential,Active,2025-02-01,-1.891809,30.175765
CUST-003569,Nyarugenge,Kigali,Nyabugogo,Residential,Active,2020-04-08,-1.916764,30.029898
CUST-003570,Nyarugenge,Rwezamenyo,Rwezamenyo I,Residential,Active,2023-08-25,-2.016199,30.028104
CUST-003571,Gasabo,Nduba,Muremure,Public Taps,Active,2021-07-22,-1.825983,30.104357
CUST-003572,Kicukiro,Nyarugunga,Kamashashi,Residential,Active,2021-08-28,-1.940296,30.096129
CUST-003573,Gasabo,Jali,Nkusi,Residential,Active,2020-02-23,-1.839471,30.093579
CUST-003574,Kicukiro,Kanombe,Karama,Residential,Active,2022-01-08,-1.962925,30.089573
CUST-003575,Kicukiro,Kicukiro,Kicukiro,Residential,Active,2025-03-25,-1.99201,30.079109
CUST-003576,Gasabo,Gatsata,Karuruma,Residential,Active,2024-12-07,-1.898094,30.119052
CUST-003577,Nyarugenge,Gitega,Kigarama,Residential,Active,2021-12-19,-1.949324,30.081815
CUST-003578,Gasabo,Kacyiru,Kibaza,Residential,Disconnected,2022-01-03,-1.901621,30.181557
CUST-003579,Gasabo,Rutunga,Kacyatwa,Residential,Disconnected,2022-06-20,-1.879275,30.078867
CUST-003580,Nyarugenge,Nyakabanda,Nyakabanda II,Residential,Active,2023-05-31,-1.975439,30.06356
CUST-003581,Gasabo,Rusororo,Mbandazi,Residential,Active,2020-10-25,-1.88185,30.088605
CUST-003582,Kicukiro,Gahanga,Nunga,Residential,Active,2022-07-26,-1.992824,30.116116
CUST-003583,Gasabo,Kinyinya,Gasharu,Residential,Active,2025-04-20,-1.870538,30.12984
CUST-003584,Gasabo,Rusororo,Kinyana,Residential,Active,2025-03-21,-1.825654,30.121601
CUST-003585,Gasabo,Kacyiru,Kibaza,Public Taps,Active,2024-05-23,-1.897947,30.136338
CUST-003586,Nyarugenge,Gitega,Kinyange,Residential,Active,2021-06-21,-1.940624,30.021261
CUST-003587,Kicukiro,Nyarugunga,Nonko,Residential,Active,2025-03-29,-1.929428,30.112651
CUST-003588,Nyarugenge,Gitega,Akabeza,Residential,Active,2022-09-04,-1.968504,30.102915
CUST-003589,Gasabo,Rutunga,Indatemwa,Residential,Active,2021-11-29,-1.896362,30.127273
CUST-003590,Gasabo,Nduba,Shango,Residential,Active,2022-03-10,-1.872121,30.129222
CUST-003591,Gasabo,Rusororo,Kabuga I,Residential,Active,2021-01-18,-1.909714,30.175658
CUST-003592,Nyarugenge,Gitega,Kigarama,Residential,Suspended,2022-08-23,-1.978634,30.053533
CUST-003593,Kicukiro,Niboye,Gatare,Residential,Active,2023-08-17,-2.020933,30.12207
CUST-003594,Nyarugenge,Gitega,Gacyamo,Residential,Active,2025-10-18,-1.967475,30.073741
CUST-003595,Gasabo,Bumbogo,Nyabikenke,Residential,Active,2025-04-08,-1.880014,30.131878
CUST-003596,Gasabo,Bumbogo,Nyagasozi,Residential,Active,2025-06-30,-1.945805,30.113647
CUST-003597,Kicukiro,Kagarama,Kanserege,Residential,Active,2024-12-09,-1.990794,30.108238
CUST-003598,Kicukiro,Kanombe,Kabeza,Residential,Transferred,2021-02-13,-1.978914,30.141659
CUST-003599,Gasabo,Jabana,Kabuye,Residential,Active,2021-01-21,-1.895208,30.157876
CUST-003600,Gasabo,Ndera,Rudashya,Residential,Active,2025-06-05,-1.904244,30.219785
CUST-003601,Gasabo,Kimironko,Nyagatovu,Residential,Active,2021-10-09,-1.907532,30.119366
CUST-003602,Gasabo,Kacyiru,Kamutwa,Residential,Active,2025-12-13,-1.867611,30.102582
CUST-003603,Kicukiro,Masaka,Gitaraga,Residential,Active,2021-10-28,-1.997831,30.100711
CUST-003604,Nyarugenge,Nyakabanda,Munanira I,Residential,Active,2024-05-13,-1.939864,30.071716
CUST-003605,Kicukiro,Gahanga,Gahanga,Residential,Active,2021-09-13,-1.972499,30.141037
CUST-003606,Nyarugenge,Muhima,Nyabugogo,Residential,Active,2021-09-05,-1.953561,30.041705
CUST-003607,Gasabo,Rusororo,Kabuga II,Residential,Active,2023-02-11,-1.892209,30.173748
CUST-003608,Kicukiro,Nyarugunga,Rwimbogo,Non-Residential,Active,2024-12-09,-1.959659,30.02773
CUST-003609,Nyarugenge,Mageragere,Nyarufunzo,Residential,Active,2020-06-02,-1.940489,30.047396
CUST-003610,Nyarugenge,Kigali,Ruriba,Residential,Active,2023-06-10,-1.96929,30.018683
CUST-003611,Nyarugenge,Nyarugenge,Kiyovu,Residential,Suspended,2025-09-11,-1.978457,30.021787
CUST-003612,Gasabo,Jabana,Kidashya,Residential,Active,2025-05-21,-1.898922,30.127374
CUST-003613,Nyarugenge,Kimisagara,Katabaro,Residential,Active,2025-09-03,-1.955248,30.041694
CUST-003614,Gasabo,Ndera,Rudashya,Residential,Active,2024-02-23,-1.888618,30.128146
CUST-003615,Gasabo,Nduba,Shango,Residential,Active,2025-08-21,-1.857947,30.077971
CUST-003616,Gasabo,Kinyinya,Gacuriro,Residential,Active,2020-11-26,-1.851903,30.112457
CUST-003617,Nyarugenge,Muhima,Amahoro,Residential,Active,2022-07-14,-1.943472,30.026839
CUST-003618,Kicukiro,Masaka,Mbabe,Residential,Active,2023-02-27,-1.935139,30.10414
CUST-003619,Nyarugenge,Muhima,Rugenge,Residential,Active,2023-01-24,-1.964285,30.032728
CUST-003620,Gasabo,Gisozi,Ruhango,Residential,Active,2024-09-11,-1.929227,30.158476
CUST-003621,Kicukiro,Niboye,Niboye,Residential,Active,2021-03-29,-1.995714,30.130922
CUST-003622,Nyarugenge,Nyakabanda,Munanira II,Residential,Active,2022-09-10,-1.95471,30.057023
CUST-003623,Gasabo,Rutunga,Kabaliza,Residential,Active,2022-04-06,-1.94923,30.150051
CUST-003624,Nyarugenge,Gitega,Akabahizi,Residential,Active,2023-04-11,-1.983206,30.049095
CUST-003625,Kicukiro,Gikondo,Kagunga,Residential,Active,2025-05-25,-2.003558,30.09301
CUST-003626,Kicukiro,Kicukiro,Kagina,Public Taps,Active,2024-10-10,-1.981517,30.1179
CUST-003627,Kicukiro,Kigarama,Rwampara,Residential,Active,2021-03-13,-1.985029,30.096582
CUST-003628,Kicukiro,Nyarugunga,Rwimbogo,Residential,Active,2023-06-09,-2.041691,30.107355
CUST-003629,Gasabo,Remera,Rukiri I,Residential,Active,2021-11-27,-1.842848,30.195328
CUST-003630,Nyarugenge,Kanyinya,Nzove,Residential,Active,2021-07-17,-1.941692,30.066406
CUST-003631,Gasabo,Jali,Nkusi,Residential,Active,2021-06-11,-1.879654,30.130897
CUST-003632,Kicukiro,Kagarama,Muyange,Residential,Active,2025-01-19,-1.990463,30.115652
CUST-003633,Gasabo,Kimihurura,Kamukina,Residential,Active,2023-12-29,-1.852983,30.154962
CUST-003634,Gasabo,Kinyinya,Gacuriro,Residential,Active,2023-03-29,-1.879792,30.128439
CUST-003635,Kicukiro,Niboye,Niboye,Residential,Active,2021-05-20,-2.013303,30.059323
CUST-003636,Nyarugenge,Nyamirambo,Cyivugiza,Residential,Active,2020-06-09,-1.99197,30.04601
CUST-003637,Nyarugenge,Kigali,Kigali,Residential,Active,2022-01-20,-1.966016,30.098533
CUST-003638,Kicukiro,Kicukiro,Kagina,Residential,Disconnected,2023-12-27,-2.018801,30.103348
CUST-003639,Gasabo,Rusororo,Bisenga,Residential,Active,2021-12-19,-1.867708,30.095921
CUST-003640,Kicukiro,Gahanga,Nunga,Residential,Suspended,2023-12-10,-1.967701,30.1185
CUST-003641,Nyarugenge,Kigali,Rwesero,Public Taps,Suspended,2025-04-09,-1.959355,30.017007
CUST-003642,Nyarugenge,Muhima,Amahoro,Residential,Active,2024-01-10,-1.994261,30.067349
CUST-003643,Nyarugenge,Kigali,Kigali,Residential,Active,2024-02-16,-1.991244,30.024135
CUST-003644,Gasabo,Jali,Muko,Non-Residential,Active,2022-12-11,-1.897625,30.11156
CUST-003645,Nyarugenge,Nyarugenge,Agatare,Residential,Active,2020-09-11,-1.89582,30.050653
CUST-003646,Nyarugenge,Kigali,Mwendo,Residential,Active,2022-04-07,-1.952249,30.067239
CUST-003647,Kicukiro,Kigarama,Rwampara,Residential,Active,2022-03-29,-1.939836,30.087831
CUST-003648,Gasabo,Rutunga,Indatemwa,Residential,Active,2025-07-08,-1.870383,30.09667
CUST-003649,Gasabo,Ndera,Mukuyu,Residential,Active,2020-03-16,-1.874691,30.139624
CUST-003650,Nyarugenge,Kigali,Ruriba,Residential,Active,2022-05-21,-1.985204,30.054549
CUST-003651,Kicukiro,Kanombe,Karama,Residential,Active,2020-10-05,-1.94429,30.125007
CUST-003652,Gasabo,Bumbogo,Mvuzo,Residential,Active,2024-02-12,-1.85576,30.111511
CUST-003653,Nyarugenge,Rwezamenyo,Kabuguru I,Residential,Suspended,2021-12-27,-1.976631,30.075049
CUST-003654,Kicukiro,Gatenga,Nyarurama,Residential,Active,2023-08-25,-1.994987,30.069509
CUST-003655,Nyarugenge,Nyarugenge,Biryogo,Residential,Active,2021-11-04,-1.934802,30.031756
CUST-003656,Nyarugenge,Kigali,Ruriba,Residential,Active,2022-04-02,-1.987683,30.016655
CUST-003657,Gasabo,Rutunga,Gasabo,Residential,Active,2021-12-10,-1.843342,30.105183
CUST-003658,Nyarugenge,Rwezamenyo,Kabuguru I,Residential,Active,2021-07-05,-1.953005,30.017945
CUST-003659,Gasabo,Remera,Nyabisindu,Residential,Active,2023-06-09,-1.863112,30.171262
CUST-003660,Gasabo,Jali,Buhiza,Residential,Active,2024-01-26,-1.816407,30.059124
CUST-003661,Gasabo,Nduba,Gatunga,Residential,Active,2021-06-04,-1.893008,30.150988
CUST-003662,Gasabo,Gikomero,Gicaca,Residential,Suspended,2023-08-07,-1.878128,30.143501
CUST-003663,Nyarugenge,Muhima,Ubumwe,Residential,Active,2020-01-23,-1.959336,30.093632
CUST-003664,Gasabo,Remera,Rukiri I,Residential,Active,2020-07-05,-1.856479,30.167481
CUST-003665,Gasabo,Ndera,Rudashya,Residential,Suspended,2023-05-31,-1.872834,30.153904
CUST-003666,Gasabo,Ndera,Kibenga,Residential,Active,2020-02-24,-1.901565,30.141688
CUST-003667,Gasabo,Jali,Nyakabungo,Residential,Active,2021-06-25,-1.898039,30.113587
CUST-003668,Gasabo,Kinyinya,Murama,Residential,Active,2022-07-28,-1.889803,30.133037
CUST-003669,Kicukiro,Gahanga,Karembure,Residential,Active,2023-11-22,-1.966451,30.102068
CUST-003670,Kicukiro,Kagarama,Muyange,Residential,Disconnected,2021-01-12,-1.944148,30.076907
CUST-003671,Nyarugenge,Nyamirambo,Gasharu,Residential,Active,2023-03-17,-2.014622,30.047235
CUST-003672,Nyarugenge,Nyarugenge,Kiyovu,Residential,Active,2024-06-27,-2.012463,30.029596
CUST-003673,Nyarugenge,Muhima,Kabasengerezi,Residential,Active,2021-06-20,-1.985923,30.101821
CUST-003674,Nyarugenge,Kimisagara,Kimisagara,Non-Residential,Transferred,2022-12-11,-1.99311,30.082749
CUST-003675,Gasabo,Gisozi,Ruhango,Residential,Disconnected,2022-05-31,-1.885953,30.182819
CUST-003676,Gasabo,Kimironko,Kibagabaga,Residential,Active,2020-01-28,-1.908493,30.134398
CUST-003677,Gasabo,Bumbogo,Nyagasozi,Residential,Active,2021-03-25,-1.845842,30.136068
CUST-003678,Gasabo,Jali,Nkusi,Residential,Active,2025-07-26,-1.865783,30.063129
CUST-003679,Kicukiro,Niboye,Gatare,Residential,Active,2024-09-13,-1.95767,30.09882
CUST-003680,Nyarugenge,Nyamirambo,Mumena,Residential,Active,2025-08-21,-1.965526,30.024639
CUST-003681,Gasabo,Jabana,Bweramvura,Residential,Active,2021-08-06,-1.930215,30.140112
CUST-003682,Gasabo,Rusororo,Kinyana,Residential,Active,2022-10-06,-1.879587,30.082834
CUST-003683,Gasabo,Gikomero,Murambi,Residential,Suspended,2024-08-23,-1.89622,30.153266
CUST-003684,Gasabo,Gatsata,Nyamabuye,Residential,Active,2025-05-13,-1.844686,30.107406
CUST-003685,Kicukiro,Gahanga,Rwabutenge,Residential,Active,2022-01-23,-1.949245,30.09119
CUST-003686,Nyarugenge,Kigali,Rwesero,Residential,Active,2023-02-23,-1.952565,30.076283
CUST-003687,Kicukiro,Kanombe,Busanza,Residential,Active,2023-05-22,-1.975356,30.107957
CUST-003688,Nyarugenge,Kigali,Nyabugogo,Residential,Active,2025-09-16,-2.029786,30.077042
CUST-003689,Nyarugenge,Gitega,Akabeza,Residential,Active,2020-10-20,-1.966812,30.07155
CUST-003690,Nyarugenge,Nyamirambo,Rugarama,Residential,Active,2022-12-09,-1.962214,29.995308
CUST-003691,Nyarugenge,Muhima,Kabeza,Residential,Active,2022-11-21,-2.028877,30.104037
CUST-003692,Gasabo,Gikomero,Munini,Residential,Active,2023-02-17,-1.828452,30.110795
CUST-003693,Gasabo,Nduba,Shango,Residential,Active,2020-04-08,-1.900406,30.065889
CUST-003694,Kicukiro,Masaka,Cyimo,Residential,Active,2024-03-30,-1.989107,30.055895
CUST-003695,Gasabo,Gikomero,Munini,Industries,Disconnected,2020-11-08,-1.884724,30.172311
CUST-003696,Nyarugenge,Gitega,Gacyamo,Residential,Active,2021-08-25,-2.033992,30.113117
CUST-003697,Gasabo,Gatsata,Karuruma,Residential,Active,2020-05-09,-1.854868,30.192819
CUST-003698,Kicukiro,Gahanga,Nunga,Residential,Active,2021-05-05,-2.063712,30.113301
CUST-003699,Gasabo,Kacyiru,Kamutwa,Residential,Active,2025-07-17,-1.844174,30.155303
CUST-003700,Gasabo,Kinyinya,Murama,Residential,Active,2022-05-15,-1.891349,30.14796
CUST-003701,Nyarugenge,Nyakabanda,Nyakabanda II,Residential,Disconnected,2021-09-27,-1.989816,30.049452
CUST-003702,Nyarugenge,Mageragere,Ntungamo,Residential,Disconnected,2023-07-16,-1.976098,30.023328
CUST-003703,Gasabo,Rutunga,Kabaliza,Residential,Active,2021-04-25,-1.826364,30.19616
CUST-003704,Gasabo,Nduba,Sha,Residential,Active,2023-05-10,-1.892741,30.098232
CUST-003705,Nyarugenge,Kigali,Ruriba,Residential,Active,2025-12-11,-1.952821,30.139025
CUST-003706,Nyarugenge,Muhima,Amahoro,Residential,Active,2022-07-28,-1.954252,30.051504
CUST-003707,Nyarugenge,Kimisagara,Katabaro,Residential,Active,2024-07-08,-1.983922,30.084016
CUST-003708,Gasabo,Kinyinya,Gasharu,Residential,Active,2024-04-18,-1.87915,30.113719
CUST-003709,Kicukiro,Kigarama,Rwampara,Residential,Active,2022-10-03,-1.956493,30.070374
CUST-003710,Gasabo,Kimironko,Nyagatovu,Residential,Active,2020-12-01,-1.88809,30.123938
CUST-003711,Kicukiro,Gahanga,Rwabutenge,Residential,Active,2022-05-20,-1.975643,30.070897
CUST-003712,Gasabo,Nduba,Gatunga,Residential,Active,2023-05-29,-1.901905,30.111175
CUST-003713,Gasabo,Jabana,Akamatamu,Residential,Active,2022-11-10,-1.863302,30.158107
CUST-003714,Nyarugenge,Muhima,Rugenge,Residential,Suspended,2021-03-24,-1.936605,30.046463
CUST-003715,Nyarugenge,Muhima,Nyabugogo,Residential,Active,2024-10-27,-1.980364,30.060908
CUST-003716,Gasabo,Bumbogo,Mvuzo,Residential,Active,2025-11-12,-1.883956,30.163347
CUST-003717,Gasabo,Nduba,Shango,Residential,Active,2024-10-20,-1.852675,30.152004
CUST-003718,Nyarugenge,Nyamirambo,Mumena,Residential,Active,2023-04-30,-1.998281,30.055262
CUST-003719,Gasabo,Rusororo,Kinyana,Residential,Active,2022-10-27,-1.825286,30.112823
CUST-003720,Nyarugenge,Kigali,Rwesero,Residential,Active,2024-02-18,-1.991142,30.040454
CUST-003721,Kicukiro,Kigarama,Karugira,Residential,Active,2025-10-06,-1.953533,30.165975
CUST-003722,Gasabo,Ndera,Mukuyu,Residential,Active,2025-03-13,-1.885729,30.100028
CUST-003723,Gasabo,Jali,Nyamitanga,Residential,Active,2021-06-22,-1.865911,30.143073
CUST-003724,Kicukiro,Nyarugunga,Rwimbogo,Residential,Active,2025-10-17,-1.958091,30.102608
CUST-003725,Kicukiro,Nyarugunga,Nonko,Residential,Active,2022-04-06,-2.01399,30.083783
CUST-003726,Nyarugenge,Muhima,Amahoro,Non-Residential,Disconnected,2024-07-01,-1.932492,30.042633
CUST-003727,Nyarugenge,Kimisagara,Kamuhoza,Residential,Transferred,2022-05-24,-1.981497,30.000908
CUST-003728,Kicukiro,Gahanga,Nunga,Residential,Active,2023-08-09,-1.982918,30.084744
CUST-003729,Gasabo,Jabana,Bweramvura,Residential,Disconnected,2024-10-25,-1.919587,30.15431
CUST-003730,Nyarugenge,Kimisagara,Kamuhoza,Residential,Active,2025-11-12,-1.999512,30.07696
CUST-003731,Kicukiro,Nyarugunga,Rwimbogo,Residential,Active,2023-09-23,-1.922789,30.131339
CUST-003732,Gasabo,Kimironko,Kibagabaga,Residential,Active,2024-02-25,-1.859196,30.184809
CUST-003733,Kicukiro,Gatenga,Karambo,Residential,Active,2021-09-16,-1.983948,30.097278
CUST-003734,Kicukiro,Niboye,Niboye,Residential,Active,2024-04-09,-2.000749,30.08778
CUST-003735,Gasabo,Nduba,Muremure,Residential,Active,2020-04-17,-1.894814,30.137849
CUST-003736,Nyarugenge,Mageragere,Runzenze,Residential,Active,2024-04-14,-1.999017,30.049346
CUST-003737,Kicukiro,Masaka,Ayabaraya,Public Taps,Transferred,2025-08-30,-1.965015,30.045545
CUST-003738,Gasabo,Kimironko,Kibagabaga,Residential,Active,2025-03-15,-1.88642,30.131417
CUST-003739,Gasabo,Kinyinya,Gacuriro,Residential,Suspended,2022-02-17,-1.876574,30.147169
CUST-003740,Gasabo,Bumbogo,Musave,Residential,Suspended,2025-01-11,-1.898409,30.145244
CUST-003741,Gasabo,Kimironko,Nyagatovu,Residential,Active,2024-09-02,-1.86023,30.118644
CUST-003742,Gasabo,Kimihurura,Kimihurura,Residential,Active,2024-02-15,-1.87111,30.10858
CUST-003743,Nyarugenge,Nyakabanda,Nyakabanda II,Public Taps,Active,2020-12-02,-1.94134,30.064372
CUST-003744,Kicukiro,Gahanga,Rwabutenge,Public Taps,Suspended,2021-08-28,-1.916866,30.136345
CUST-003745,Kicukiro,Masaka,Ayabaraya,Residential,Active,2022-01-20,-1.974571,30.067823
CUST-003746,Kicukiro,Niboye,Gatare,Residential,Active,2023-01-18,-2.02374,30.177108
CUST-003747,Gasabo,Gisozi,Ruhango,Residential,Active,2025-03-16,-1.862059,30.128445
CUST-003748,Gasabo,Kinyinya,Gasharu,Residential,Active,2022-01-25,-1.900183,30.123854
CUST-003749,Kicukiro,Kigarama,Karugira,Residential,Active,2022-11-28,-1.961719,30.092068
CUST-003750,Nyarugenge,Gitega,Akabeza,Residential,Suspended,2023-02-05,-1.951939,30.099596
CUST-003751,Kicukiro,Kigarama,Karugira,Residential,Transferred,2021-05-01,-2.005263,30.103984
CUST-003752,Kicukiro,Gahanga,Karembure,Residential,Active,2025-02-20,-1.951502,30.106575
CUST-003753,Nyarugenge,Rwezamenyo,Rwezamenyo II,Residential,Active,2023-01-31,-1.972865,30.036902
CUST-003754,Gasabo,Gikomero,Munini,Residential,Active,2022-07-14,-1.907094,30.14497
CUST-003755,Kicukiro,Kanombe,Rubirizi,Residential,Suspended,2024-07-09,-1.951519,30.084088
CUST-003756,Gasabo,Rutunga,Indatemwa,Residential,Active,2021-07-04,-1.868627,30.08052
CUST-003757,Kicukiro,Masaka,Gitaraga,Residential,Active,2020-11-06,-1.939121,30.09207
CUST-003758,Nyarugenge,Nyamirambo,Rugarama,Residential,Active,2021-06-02,-1.982799,30.036722
CUST-003759,Nyarugenge,Nyamirambo,Rugarama,Residential,Active,2022-08-01,-1.969894,29.99033
CUST-003760,Gasabo,Jabana,Ngiryi,Non-Residential,Active,2022-08-11,-1.861343,30.10638
CUST-003761,Nyarugenge,Nyamirambo,Gasharu,Residential,Active,2021-09-02,-2.022659,30.022987
CUST-003762,Nyarugenge,Mageragere,Nyarufunzo,Residential,Active,2024-05-02,-1.970393,30.036776
CUST-003763,Kicukiro,Gahanga,Gahanga,Residential,Active,2023-03-08,-1.956159,30.149663
CUST-003764,Kicukiro,Gatenga,Gatenga,Residential,Active,2025-12-10,-1.982327,30.089303
CUST-003765,Gasabo,Bumbogo,Nyabikenke,Residential,Active,2020-11-13,-1.8957,30.145633
CUST-003766,Nyarugenge,Mageragere,Ntungamo,Residential,Suspended,2020-06-17,-1.971135,29.999847
CUST-003767,Kicukiro,Gatenga,Nyanza,Non-Residential,Suspended,2021-01-09,-2.003658,30.122619
CUST-003768,Nyarugenge,Mageragere,Ntungamo,Residential,Active,2020-01-19,-1.985598,30.07239
CUST-003769,Gasabo,Ndera,Mukuyu,Industries,Active,2021-11-17,-1.886504,30.165307
CUST-003770,Gasabo,Rutunga,Kabaliza,Residential,Active,2023-09-10,-1.904568,30.085176
CUST-003771,Kicukiro,Kanombe,Kabeza,Residential,Active,2025-05-10,-1.962768,30.099289
CUST-003772,Kicukiro,Niboye,Nyakabanda,Residential,Active,2020-05-10,-1.975404,30.074217
CUST-003773,Kicukiro,Gahanga,Rwabutenge,Residential,Active,2025-01-20,-1.993508,30.087021
CUST-003774,Nyarugenge,Kigali,Nyabugogo,Residential,Active,2021-09-20,-1.965919,30.039523
CUST-003775,Gasabo,Nduba,Butare,Residential,Active,2023-10-20,-1.863447,30.161152
CUST-003776,Nyarugenge,Kanyinya,Nzove,Residential,Active,2021-12-16,-1.974629,30.020698
CUST-003777,Kicukiro,Nyarugunga,Rwimbogo,Residential,Active,2024-08-06,-1.93898,30.117246
CUST-003778,Gasabo,Nduba,Butare,Residential,Active,2024-04-21,-1.869806,30.171505
CUST-003779,Kicukiro,Masaka,Ayabaraya,Residential,Active,2025-06-19,-1.98124,30.125682
CUST-003780,Nyarugenge,Kanyinya,Nyamweru,Residential,Suspended,2020-03-03,-1.948894,30.063361
CUST-003781,Nyarugenge,Kigali,Rwesero,Residential,Active,2023-10-06,-1.989703,30.069318
CUST-003782,Gasabo,Gikomero,Kibara,Residential,Active,2025-11-26,-1.890502,30.114393
CUST-003783,Nyarugenge,Kigali,Nyabugogo,Non-Residential,Active,2024-04-09,-1.968825,30.088566
CUST-003784,Gasabo,Jali,Nkusi,Residential,Active,2021-07-18,-1.855238,30.130834
CUST-003785,Nyarugenge,Nyarugenge,Biryogo,Residential,Disconnected,2023-08-05,-1.964848,30.077478
CUST-003786,Gasabo,Ndera,Rudashya,Residential,Active,2024-05-11,-1.878378,30.167249
CUST-003787,Gasabo,Ndera,Cyaruzinge,Residential,Active,2020-07-03,-1.87734,30.11419
CUST-003788,Gasabo,Nduba,Gasura,Residential,Active,2023-04-05,-1.882198,30.168795
CUST-003789,Gasabo,Nduba,Gasanze,Residential,Active,2022-07-10,-1.931944,30.128692
CUST-003790,Kicukiro,Kicukiro,Kicukiro,Residential,Active,2020-05-25,-2.029363,30.079948
CUST-003791,Kicukiro,Kigarama,Kigarama,Residential,Active,2025-03-03,-1.970557,30.117524
CUST-003792,Nyarugenge,Mageragere,Ntungamo,Residential,Disconnected,2022-03-08,-1.938148,30.105755
CUST-003793,Gasabo,Kimironko,Kibagabaga,Residential,Active,2024-08-12,-1.880478,30.101579
CUST-003794,Gasabo,Jabana,Ngiryi,Residential,Active,2020-12-10,-1.875682,30.107375
CUST-003795,Gasabo,Rusororo,Gasagara,Residential,Active,2020-11-26,-1.896091,30.152532
CUST-003796,Gasabo,Remera,Nyabisindu,Residential,Active,2025-05-02,-1.879218,30.116589
CUST-003797,Gasabo,Nduba,Gasanze,Residential,Active,2022-05-13,-1.872116,30.067413
CUST-003798,Nyarugenge,Kanyinya,Nyamweru,Residential,Active,2021-09-21,-1.982266,30.02371
CUST-003799,Nyarugenge,Nyamirambo,Rugarama,Residential,Active,2025-09-07,-2.005921,30.068928
CUST-003800,Kicukiro,Kanombe,Karama,Residential,Suspended,2024-02-13,-2.019295,30.121078
CUST-003801,Gasabo,Rutunga,Kigabiro,Residential,Active,2024-01-24,-1.90274,30.124512
CUST-003802,Gasabo,Bumbogo,Musave,Residential,Active,2022-03-14,-1.831112,30.188911
CUST-003803,Gasabo,Remera,Rukiri II,Non-Residential,Active,2025-12-12,-1.933144,30.151233
CUST-003804,Nyarugenge,Muhima,Tetero,Residential,Active,2020-12-26,-2.024876,29.987008
CUST-003805,Kicukiro,Niboye,Niboye,Residential,Suspended,2021-01-15,-1.986879,30.116947
CUST-003806,Kicukiro,Kagarama,Muyange,Residential,Active,2023-03-24,-1.981447,30.135385
CUST-003807,Nyarugenge,Kigali,Kigali,Residential,Active,2024-07-17,-1.96513,30.025814
CUST-003808,Gasabo,Bumbogo,Nyabikenke,Residential,Active,2022-06-16,-1.900551,30.135009
CUST-003809,Gasabo,Kinyinya,Gasharu,Residential,Active,2024-10-11,-1.910479,30.096671
CUST-003810,Gasabo,Jabana,Bweramvura,Residential,Active,2023-08-18,-1.932623,30.101265
CUST-003811,Gasabo,Nduba,Gatunga,Residential,Active,2025-03-24,-1.8751,30.132461
CUST-003812,Kicukiro,Gahanga,Gahanga,Residential,Active,2021-09-23,-1.95698,30.113107
CUST-003813,Gasabo,Bumbogo,Ngara,Residential,Suspended,2022-11-17,-1.915657,30.121804
CUST-003814,Kicukiro,Kanombe,Karama,Residential,Active,2025-06-28,-1.980494,30.160984
CUST-003815,Kicukiro,Kigarama,Nyarurama,Residential,Active,2021-10-24,-1.928001,30.08694
CUST-003816,Gasabo,Jali,Nyabuliba,Residential,Active,2024-08-23,-1.860561,30.158104
CUST-003817,Nyarugenge,Gitega,Kora,Residential,Suspended,2021-08-09,-2.003065,30.108834
CUST-003818,Nyarugenge,Kanyinya,Nyamweru,Public Taps,Suspended,2021-02-28,-1.987707,30.101104
CUST-003819,Gasabo,Kinyinya,Kagugu,Residential,Active,2024-12-31,-1.911609,30.147638
CUST-003820,Kicukiro,Masaka,Gitaraga,Residential,Active,2022-06-12,-2.029284,30.100836
CUST-003821,Gasabo,Bumbogo,Ngara,Residential,Active,2022-10-27,-1.838074,30.118652
CUST-003822,Nyarugenge,Muhima,Kabeza,Residential,Disconnected,2021-07-25,-1.977843,30.05043
CUST-003823,Kicukiro,Nyarugunga,Nonko,Residential,Active,2020-05-03,-1.929,30.089726
CUST-003824,Kicukiro,Kanombe,Rubirizi,Residential,Active,2025-02-25,-1.963481,30.132579
CUST-003825,Nyarugenge,Kimisagara,Kamuhoza,Residential,Active,2025-12-03,-2.029012,30.03028
CUST-003826,Gasabo,Kinyinya,Murama,Industries,Suspended,2023-06-09,-1.838997,30.1444
CUST-003827,Nyarugenge,Gitega,Akabeza,Residential,Active,2023-10-31,-1.939001,30.055471
CUST-003828,Nyarugenge,Gitega,Kigarama,Residential,Active,2023-06-05,-1.954717,30.030755
CUST-003829,Gasabo,Rusororo,Mbandazi,Residential,Active,2025-03-11,-1.848317,30.1536
CUST-003830,Gasabo,Kimironko,Kibagabaga,Residential,Active,2025-03-21,-1.916227,30.126152
CUST-003831,Gasabo,Kimironko,Bibare,Residential,Active,2020-01-20,-1.908641,30.166185
CUST-003832,Gasabo,Jabana,Ngiryi,Residential,Active,2024-10-15,-1.939574,30.200205
CUST-003833,Nyarugenge,Nyarugenge,Biryogo,Non-Residential,Active,2020-04-21,-1.957342,30.001427
CUST-003834,Gasabo,Remera,Nyabisindu,Residential,Active,2021-11-12,-1.869207,30.14822
CUST-003835,Gasabo,Kinyinya,Kagugu,Residential,Active,2023-12-03,-1.876044,30.134499
CUST-003836,Gasabo,Rusororo,Gasagara,Residential,Active,2020-03-12,-1.96463,30.14686
CUST-003837,Gasabo,Bumbogo,Nyabikenke,Residential,Active,2022-05-03,-1.842503,30.114784
CUST-003838,Kicukiro,Kanombe,Rubirizi,Residential,Active,2025-03-24,-1.982308,30.169331
CUST-003839,Kicukiro,Masaka,Cyimo,Residential,Active,2020-04-14,-1.983679,30.030396
CUST-003840,Gasabo,Kinyinya,Kagugu,Residential,Active,2025-01-08,-1.8584,30.173518
CUST-003841,Gasabo,Rutunga,Kabaliza,Residential,Active,2020-11-19,-1.82247,30.09805
CUST-003842,Nyarugenge,Muhima,Nyabugogo,Residential,Active,2020-02-02,-1.979273,30.018218
CUST-003843,Gasabo,Kacyiru,Kibaza,Residential,Active,2022-03-04,-1.886191,30.191772
CUST-003844,Kicukiro,Masaka,Cyimo,Residential,Active,2021-01-26,-1.983279,30.091738
CUST-003845,Nyarugenge,Nyamirambo,Rugarama,Residential,Active,2023-04-07,-1.99188,30.054405
CUST-003846,Gasabo,Gatsata,Karuruma,Residential,Active,2022-03-26,-1.886639,30.139087
CUST-003847,Nyarugenge,Nyamirambo,Rugarama,Residential,Active,2024-09-29,-1.951369,30.040748
CUST-003848,Gasabo,Gisozi,Ruhango,Residential,Active,2025-05-06,-1.877732,30.194365
CUST-003849,Kicukiro,Gahanga,Kagasa,Residential,Active,2020-01-08,-1.987343,30.066197
CUST-003850,Kicukiro,Gahanga,Nunga,Public Taps,Active,2022-05-04,-2.035264,30.103918
CUST-003851,Gasabo,Nduba,Butare,Non-Residential,Active,2020-03-18,-1.898937,30.186972
CUST-003852,Kicukiro,Kanombe,Karama,Residential,Transferred,2022-10-23,-2.024877,30.143994
CUST-003853,Gasabo,Bumbogo,Mvuzo,Residential,Active,2022-10-11,-1.871671,30.146771
CUST-003854,Gasabo,Remera,Rukiri II,Residential,Active,2020-08-11,-1.898466,30.137208
CUST-003855,Gasabo,Jali,Nyabuliba,Residential,Active,2024-05-16,-1.919157,30.081188
CUST-003856,Nyarugenge,Gitega,Kigarama,Residential,Active,2022-03-06,-2.013848,30.057666
CUST-003857,Gasabo,Remera,Rukiri I,Residential,Active,2020-04-02,-1.897321,30.161096
CUST-003858,Kicukiro,Kigarama,Bwerankori,Residential,Suspended,2022-05-21,-1.96992,30.147825
CUST-003859,Nyarugenge,Nyarugenge,Biryogo,Residential,Active,2021-01-16,-1.991329,30.052106
CUST-003860,Gasabo,Kinyinya,Murama,Residential,Disconnected,2025-07-29,-1.860521,30.137878
CUST-003861,Kicukiro,Gahanga,Gahanga,Residential,Active,2022-11-25,-1.975315,30.069231
CUST-003862,Kicukiro,Masaka,Ayabaraya,Residential,Disconnected,2023-10-10,-2.001879,30.120809
CUST-003863,Kicukiro,Kigarama,Nyarurama,Residential,Active,2020-03-30,-2.008376,30.100485
CUST-003864,Nyarugenge,Kimisagara,Katabaro,Residential,Active,2020-05-26,-1.983193,30.053748
CUST-003865,Nyarugenge,Kimisagara,Katabaro,Residential,Active,2025-12-01,-1.936413,30.037992
CUST-003866,Kicukiro,Kagarama,Muyange,Residential,Active,2023-02-01,-1.958112,30.092152
CUST-003867,Kicukiro,Kigarama,Nyarurama,Residential,Active,2024-09-08,-1.950536,30.109639
CUST-003868,Gasabo,Remera,Rukiri I,Non-Residential,Active,2020-08-21,-1.886243,30.134153
CUST-003869,Gasabo,Rusororo,Bisenga,Non-Residential,Active,2022-11-27,-1.917174,30.126533
CUST-003870,Gasabo,Rusororo,Bisenga,Residential,Active,2024-11-29,-1.881067,30.150798
CUST-003871,Gasabo,Kinyinya,Gasharu,Residential,Transferred,2025-12-21,-1.896275,30.101596
CUST-003872,Nyarugenge,Mageragere,Nyarufunzo,Residential,Active,2024-10-30,-1.957801,30.094596
CUST-003873,Kicukiro,Kicukiro,Gasharu,Residential,Transferred,2020-11-06,-1.914374,30.122991
CUST-003874,Gasabo,Gikomero,Murambi,Residential,Active,2024-11-06,-1.881791,30.125006
CUST-003875,Gasabo,Nduba,Gatunga,Residential,Active,2025-01-25,-1.878656,30.127456
CUST-003876,Gasabo,Kimihurura,Rugando,Residential,Active,2021-08-09,-1.860961,30.171568
CUST-003877,Gasabo,Ndera,Cyaruzinge,Residential,Active,2020-10-16,-1.874453,30.13605
CUST-003878,Gasabo,Bumbogo,Nyabikenke,Residential,Active,2020-11-18,-1.903965,30.174415
CUST-003879,Kicukiro,Kagarama,Muyange,Residential,Active,2023-02-11,-2.034006,30.083887
CUST-003880,Nyarugenge,Gitega,Kinyange,Residential,Active,2020-05-04,-1.94987,30.032849
CUST-003881,Nyarugenge,Rwezamenyo,Rwezamenyo II,Residential,Active,2021-12-14,-2.004362,30.042906
CUST-003882,Kicukiro,Gatenga,Karambo,Residential,Active,2024-01-26,-2.024352,30.109499
CUST-003883,Gasabo,Kimironko,Kibagabaga,Residential,Disconnected,2022-04-04,-1.895636,30.174758
CUST-003884,Gasabo,Gisozi,Musezero,Residential,Active,2025-05-10,-1.904861,30.134046
CUST-003885,Nyarugenge,Kigali,Kigali,Residential,Active,2023-08-22,-1.939032,30.085424
CUST-003886,Kicukiro,Kagarama,Kanserege,Residential,Active,2021-02-26,-2.003074,30.126053
CUST-003887,Nyarugenge,Nyakabanda,Munanira II,Residential,Active,2023-10-11,-1.944959,30.087263
CUST-003888,Gasabo,Kimironko,Nyagatovu,Residential,Transferred,2021-09-23,-1.897242,30.148931
CUST-003889,Nyarugenge,Nyarugenge,Agatare,Residential,Active,2022-08-22,-1.95555,30.060372
CUST-003890,Gasabo,Jali,Nyabuliba,Residential,Active,2021-02-19,-1.886233,30.170287
CUST-003891,Gasabo,Ndera,Bwiza,Residential,Active,2021-04-02,-1.875022,30.167898
CUST-003892,Gasabo,Kimironko,Bibare,Residential,Active,2023-02-01,-1.909361,30.102428
CUST-003893,Nyarugenge,Muhima,Tetero,Residential,Active,2022-07-15,-1.988389,30.065844
CUST-003894,Kicukiro,Nyarugunga,Kamashashi,Residential,Active,2024-04-17,-2.022721,30.067647
CUST-003895,Nyarugenge,Kimisagara,Kimisagara,Residential,Active,2025-01-18,-2.031338,30.054429
CUST-003896,Nyarugenge,Nyamirambo,Mumena,Residential,Active,2021-10-29,-1.944545,30.000736
CUST-003897,Gasabo,Bumbogo,Nyabikenke,Public Taps,Active,2023-07-23,-1.879582,30.11223
CUST-003898,Nyarugenge,Kigali,Kigali,Residential,Active,2024-10-05,-1.978604,29.996705
CUST-003899,Gasabo,Gatsata,Nyamugari,Residential,Active,2024-09-27,-1.879711,30.093496
CUST-003900,Kicukiro,Gahanga,Murinja,Residential,Active,2020-05-21,-1.955143,30.13203
CUST-003901,Kicukiro,Gahanga,Karembure,Residential,Active,2022-06-21,-1.961399,30.053918
CUST-003902,Gasabo,Bumbogo,Nkuzuzu,Residential,Active,2024-10-02,-1.859476,30.172798
CUST-003903,Nyarugenge,Nyarugenge,Rwampara,Residential,Transferred,2024-01-18,-1.973697,30.093974
CUST-003904,Gasabo,Jali,Nkusi,Residential,Active,2020-10-28,-1.851609,30.163354
CUST-003905,Nyarugenge,Gitega,Akabahizi,Residential,Active,2022-10-31,-1.963756,30.083081
CUST-003906,Gasabo,Jali,Buhiza,Residential,Active,2022-08-16,-1.900949,30.130682
CUST-003907,Kicukiro,Niboye,Niboye,Residential,Active,2024-08-21,-2.001915,30.096437
CUST-003908,Kicukiro,Kanombe,Rubirizi,Residential,Active,2024-06-27,-1.964604,30.155797
CUST-003909,Gasabo,Rutunga,Kigabiro,Residential,Active,2022-06-30,-1.846484,30.090215
CUST-003910,Nyarugenge,Nyakabanda,Nyakabanda I,Residential,Active,2023-03-22,-1.995425,30.052785
CUST-003911,Kicukiro,Kicukiro,Kagina,Residential,Active,2020-08-09,-2.023514,30.070828
CUST-003912,Nyarugenge,Kigali,Rwesero,Residential,Active,2025-08-10,-2.006701,30.048579
CUST-003913,Gasabo,Gatsata,Nyamugari,Residential,Active,2025-05-24,-1.891473,30.156627
CUST-003914,Nyarugenge,Kigali,Ruriba,Residential,Active,2020-09-25,-1.976667,30.038397
CUST-003915,Nyarugenge,Muhima,Tetero,Residential,Active,2022-03-29,-2.021026,30.083675
CUST-003916,Nyarugenge,Nyakabanda,Nyakabanda I,Residential,Active,2024-11-17,-1.969969,30.045888
CUST-003917,Nyarugenge,Nyamirambo,Cyivugiza,Residential,Active,2021-09-25,-1.961634,30.020735
CUST-003918,Nyarugenge,Gitega,Akabeza,Residential,Active,2021-10-04,-1.970975,30.104777
CUST-003919,Nyarugenge,Kigali,Ruriba,Residential,Active,2025-06-15,-1.996646,30.062449
CUST-003920,Gasabo,Nduba,Shango,Residential,Active,2023-11-28,-1.851218,30.176286
CUST-003921,Kicukiro,Kagarama,Rukatsa,Residential,Active,2021-11-13,-2.026044,30.116995
CUST-003922,Nyarugenge,Nyarugenge,Biryogo,Residential,Active,2021-02-10,-2.005139,30.074266
CUST-003923,Nyarugenge,Gitega,Kigarama,Residential,Active,2025-10-20,-1.952405,30.015777
CUST-003924,Gasabo,Rusororo,Gasagara,Industries,Active,2021-03-26,-1.898953,30.079719
CUST-003925,Kicukiro,Kigarama,Kigarama,Residential,Active,2021-03-06,-1.934554,30.112282
CUST-003926,Gasabo,Nduba,Butare,Residential,Active,2020-11-17,-1.886769,30.084392
CUST-003927,Kicukiro,Nyarugunga,Nonko,Residential,Active,2025-12-27,-1.987163,30.127353
CUST-003928,Nyarugenge,Muhima,Ubumwe,Residential,Active,2025-04-17,-1.978699,30.052503
CUST-003929,Kicukiro,Kicukiro,Kagina,Residential,Disconnected,2020-12-25,-1.955924,30.041456
CUST-003930,Kicukiro,Gikondo,Kagunga,Residential,Active,2022-03-24,-1.960811,30.088546
CUST-003931,Gasabo,Jali,Muko,Residential,Active,2025-06-22,-1.876907,30.12753
CUST-003932,Gasabo,Jali,Agateko,Residential,Active,2020-09-24,-1.867241,30.106031
CUST-003933,Nyarugenge,Gitega,Akabahizi,Public Taps,Active,2024-08-31,-1.979423,30.064993
CUST-003934,Gasabo,Ndera,Cyaruzinge,Residential,Active,2024-08-07,-1.884876,30.111564
CUST-003935,Gasabo,Gatsata,Karuruma,Residential,Active,2024-06-02,-1.850221,30.136937
CUST-003936,Nyarugenge,Nyarugenge,Kiyovu,Residential,Active,2023-06-10,-2.034025,30.027743
CUST-003937,Gasabo,Remera,Rukiri II,Residential,Active,2023-08-16,-1.907687,30.168587
CUST-003938,Gasabo,Rusororo,Mbandazi,Residential,Active,2025-04-06,-1.842096,30.15865
CUST-003939,Gasabo,Rusororo,Nyagahinga,Residential,Active,2020-08-20,-1.896335,30.138834
CUST-003940,Nyarugenge,Mageragere,Mataba,Residential,Active,2021-02-02,-1.946669,30.057153
CUST-003941,Nyarugenge,Muhima,Rugenge,Residential,Active,2022-11-18,-1.957673,30.060852
CUST-003942,Gasabo,Kinyinya,Gacuriro,Residential,Disconnected,2020-09-23,-1.894263,30.152818
CUST-003943,Gasabo,Rutunga,Indatemwa,Residential,Active,2023-10-21,-1.901362,30.185383
CUST-003944,Gasabo,Bumbogo,Nyabikenke,Non-Residential,Active,2021-06-02,-1.857721,30.100324
CUST-003945,Gasabo,Nduba,Gasanze,Residential,Active,2022-12-25,-1.912253,30.10943
CUST-003946,Kicukiro,Kagarama,Kanserege,Residential,Active,2025-06-03,-2.011351,30.119658
CUST-003947,Gasabo,Gisozi,Ruhango,Residential,Active,2020-02-07,-1.861794,30.146416
CUST-003948,Nyarugenge,Nyamirambo,Rugarama,Residential,Active,2020-10-31,-2.004101,30.044383
CUST-003949,Gasabo,Rusororo,Kinyana,Residential,Active,2022-06-07,-1.90416,30.188281
CUST-003950,Gasabo,Jabana,Kabuye,Residential,Active,2020-10-24,-1.87982,30.129661
CUST-003951,Gasabo,Gikomero,Gasagara,Residential,Active,2023-09-07,-1.876818,30.090592
CUST-003952,Gasabo,Nduba,Gasura,Residential,Active,2025-12-20,-1.857615,30.091756
CUST-003953,Nyarugenge,Kigali,Rwesero,Residential,Active,2025-02-28,-1.959506,30.039663
CUST-003954,Gasabo,Rutunga,Kabaliza,Residential,Active,2021-02-09,-1.905213,30.181314
CUST-003955,Gasabo,Gikomero,Gasagara,Residential,Active,2020-11-07,-1.899382,30.148338
CUST-003956,Gasabo,Bumbogo,Kinyaga,Residential,Suspended,2024-09-21,-1.884409,30.172968
CUST-003957,Nyarugenge,Nyarugenge,Rwampara,Residential,Active,2022-03-03,-1.960522,30.092356
CUST-003958,Kicukiro,Nyarugunga,Nonko,Residential,Active,2025-06-15,-1.89985,30.124997
CUST-003959,Gasabo,Jabana,Akamatamu,Residential,Active,2024-02-25,-1.936642,30.159764
CUST-003960,Gasabo,Nduba,Sha,Non-Residential,Active,2023-12-28,-1.887151,30.119599
CUST-003961,Gasabo,Jabana,Kabuye,Residential,Active,2025-03-20,-1.852929,30.150381
CUST-003962,Gasabo,Kinyinya,Murama,Residential,Active,2022-01-03,-1.828263,30.110852
CUST-003963,Gasabo,Ndera,Mukuyu,Residential,Active,2022-02-19,-1.854035,30.1065
CUST-003964,Gasabo,Gikomero,Kibara,Residential,Suspended,2021-07-29,-1.850527,30.12628
CUST-003965,Nyarugenge,Kanyinya,Nyamweru,Residential,Active,2023-01-10,-2.000521,30.067514
CUST-003966,Gasabo,Rusororo,Kinyana,Residential,Suspended,2024-06-14,-1.880931,30.138601
CUST-003967,Gasabo,Kimironko,Bibare,Residential,Active,2024-06-01,-1.892112,30.118932
CUST-003968,Nyarugenge,Muhima,Rugenge,Non-Residential,Active,2023-05-07,-1.915736,30.013412
CUST-003969,Kicukiro,Kanombe,Kabeza,Residential,Active,2025-04-03,-2.001265,30.115476
CUST-003970,Gasabo,Gisozi,Musezero,Residential,Active,2022-06-21,-1.901083,30.123089
CUST-003971,Kicukiro,Gahanga,Gahanga,Residential,Active,2025-12-26,-1.984461,30.054544
CUST-003972,Nyarugenge,Rwezamenyo,Kabuguru I,Residential,Active,2021-08-25,-1.955313,30.047241
CUST-003973,Gasabo,Jabana,Ngiryi,Residential,Active,2021-06-01,-1.87519,30.124968
CUST-003974,Gasabo,Rutunga,Kibenga,Residential,Suspended,2024-11-19,-1.781756,30.143668
CUST-003975,Kicukiro,Masaka,Mbabe,Residential,Active,2023-09-06,-1.984793,30.098563
CUST-003976,Nyarugenge,Nyamirambo,Rugarama,Residential,Active,2024-09-12,-1.972136,30.072481
CUST-003977,Kicukiro,Gatenga,Gatenga,Residential,Suspended,2021-02-03,-1.983573,30.128523
CUST-003978,Gasabo,Bumbogo,Mvuzo,Non-Residential,Active,2022-08-14,-1.836364,30.111614
CUST-003979,Kicukiro,Gatenga,Nyanza,Residential,Active,2023-02-08,-1.939986,30.138226
CUST-003980,Gasabo,Gikomero,Kibara,Residential,Active,2023-03-18,-1.840869,30.128901
CUST-003981,Gasabo,Remera,Nyarutarama,Residential,Active,2020-10-28,-1.886383,30.147885
CUST-003982,Nyarugenge,Kanyinya,Taba,Residential,Active,2020-08-01,-1.973124,30.076289
CUST-003983,Gasabo,Rusororo,Kabuga II,Residential,Active,2020-09-25,-1.928418,30.164933
CUST-003984,Gasabo,Gisozi,Ruhango,Residential,Active,2022-04-20,-1.875221,30.129434
CUST-003985,Gasabo,Gatsata,Nyamugari,Residential,Active,2024-05-19,-1.850254,30.090242
CUST-003986,Nyarugenge,Mageragere,Mataba,Residential,Active,2020-06-07,-1.957925,30.060895
CUST-003987,Kicukiro,Kigarama,Karugira,Residential,Active,2023-05-20,-1.97365,30.074029
CUST-003988,Gasabo,Gikomero,Kibara,Residential,Active,2025-03-01,-1.902631,30.133601
CUST-003989,Kicukiro,Kigarama,Rwampara,Residential,Active,2022-12-20,-1.967688,30.099721
CUST-003990,Gasabo,Rusororo,Ruhanga,Residential,Active,2025-01-31,-1.89948,30.142685
CUST-003991,Gasabo,Kinyinya,Murama,Residential,Active,2025-06-23,-1.877076,30.155979
CUST-003992,Nyarugenge,Rwezamenyo,Kabuguru I,Residential,Active,2020-10-24,-1.93819,29.998081
CUST-003993,Nyarugenge,Kigali,Nyabugogo,Residential,Active,2024-07-31,-1.868884,30.078616
CUST-003994,Gasabo,Jali,Buhiza,Residential,Active,2021-08-07,-1.890979,30.167687
CUST-003995,Gasabo,Gikomero,Kibara,Residential,Disconnected,2023-04-27,-1.920416,30.108295
CUST-003996,Gasabo,Bumbogo,Nkuzuzu,Residential,Active,2021-03-25,-1.908588,30.057945
CUST-003997,Nyarugenge,Mageragere,Kavumu,Residential,Active,2020-03-22,-1.949814,30.112937
CUST-003998,Gasabo,Nduba,Muremure,Non-Residential,Active,2022-05-18,-1.811275,30.161049
CUST-003999,Kicukiro,Kanombe,Kabeza,Residential,Active,2021-11-17,-1.979985,30.116709
CUST-004000,Kicukiro,Kanombe,Rubirizi,Residential,Active,2023-11-28,-1.941701,30.081464
CUST-004001,Kicukiro,Kicukiro,Gasharu,Residential,Active,2022-11-29,-1.979011,30.076422
CUST-004002,Gasabo,Jabana,Akamatamu,Non-Residential,Active,2024-03-22,-1.859886,30.137016
CUST-004003,Nyarugenge,Kanyinya,Taba,Residential,Active,2024-07-14,-1.925127,30.044388
CUST-004004,Gasabo,Kimironko,Nyagatovu,Residential,Transferred,2021-08-09,-1.890416,30.098775
CUST-004005,Kicukiro,Gahanga,Kagasa,Residential,Active,2020-05-20,-1.966489,30.133836
CUST-004006,Kicukiro,Kicukiro,Kagina,Residential,Suspended,2021-09-02,-1.975277,30.069232
CUST-004007,Gasabo,Rusororo,Kabuga I,Residential,Active,2022-06-22,-1.89808,30.087835
CUST-004008,Gasabo,Rusororo,Kinyana,Residential,Active,2023-12-21,-1.857727,30.135677
CUST-004009,Kicukiro,Kigarama,Nyarurama,Residential,Active,2021-08-02,-2.023764,30.095773
CUST-004010,Gasabo,Jali,Nyabuliba,Residential,Active,2023-04-21,-1.904849,30.17669
CUST-004011,Nyarugenge,Muhima,Kabasengerezi,Residential,Active,2023-01-01,-1.928614,30.101519
CUST-004012,Gasabo,Nduba,Gatunga,Residential,Active,2025-11-03,-1.882003,30.117431
CUST-004013,Kicukiro,Kanombe,Busanza,Non-Residential,Suspended,2020-04-22,-1.973302,30.087927
CUST-004014,Gasabo,Kacyiru,Kibaza,Residential,Active,2024-04-11,-1.924356,30.091575
CUST-004015,Gasabo,Gatsata,Nyamabuye,Residential,Active,2020-07-02,-1.920807,30.149787
CUST-004016,Gasabo,Kacyiru,Kamatamu,Residential,Active,2021-05-02,-1.836583,30.140081
CUST-004017,Gasabo,Rusororo,Ruhanga,Residential,Active,2025-01-26,-1.843598,30.134352
CUST-004018,Gasabo,Bumbogo,Nyagasozi,Public Taps,Active,2021-09-14,-1.892134,30.128619
CUST-004019,Nyarugenge,Nyakabanda,Nyakabanda II,Residential,Active,2024-02-24,-1.954449,30.066511
CUST-004020,Nyarugenge,Muhima,Tetero,Residential,Active,2023-12-15,-1.929348,30.046634
CUST-004021,Gasabo,Jabana,Ngiryi,Residential,Active,2022-08-17,-1.87545,30.144018
CUST-004022,Gasabo,Bumbogo,Nyagasozi,Residential,Active,2024-02-23,-1.861655,30.103211
CUST-004023,Gasabo,Remera,Rukiri I,Residential,Active,2024-08-01,-1.814321,30.092338
CUST-004024,Kicukiro,Gatenga,Nyanza,Residential,Active,2023-08-04,-1.957524,30.075091
CUST-004025,Nyarugenge,Kigali,Ruriba,Industries,Active,2023-05-01,-1.93439,30.044253
CUST-004026,Nyarugenge,Muhima,Kabeza,Residential,Active,2020-09-07,-1.952042,30.051281
CUST-004027,Nyarugenge,Muhima,Nyabugogo,Residential,Active,2024-05-25,-1.95081,30.074274
CUST-004028,Kicukiro,Nyarugunga,Kamashashi,Residential,Active,2023-01-02,-1.978006,30.077819
CUST-004029,Nyarugenge,Muhima,Tetero,Residential,Active,2024-06-15,-1.927688,30.021216
CUST-004030,Kicukiro,Gahanga,Karembure,Public Taps,Active,2025-03-30,-1.958085,30.101568
CUST-004031,Kicukiro,Gahanga,Gahanga,Residential,Active,2025-03-26,-2.024115,30.071674
CUST-004032,Nyarugenge,Nyarugenge,Kiyovu,Residential,Active,2025-07-04,-1.996692,30.051123
CUST-004033,Kicukiro,Gatenga,Nyanza,Residential,Active,2020-11-21,-1.959109,30.124587
CUST-004034,Gasabo,Bumbogo,Nyagasozi,Residential,Active,2023-10-22,-1.875131,30.092438
CUST-004035,Nyarugenge,Nyarugenge,Biryogo,Residential,Active,2021-08-22,-1.909041,30.013922
CUST-004036,Nyarugenge,Kigali,Mwendo,Residential,Active,2022-04-02,-1.924492,30.068873
CUST-004037,Nyarugenge,Nyarugenge,Rwampara,Residential,Suspended,2020-07-25,-1.947321,30.022218
CUST-004038,Kicukiro,Kigarama,Karugira,Residential,Active,2024-01-13,-1.941647,30.144599
CUST-004039,Gasabo,Remera,Rukiri I,Residential,Active,2021-10-16,-1.902955,30.131229
CUST-004040,Kicukiro,Kigarama,Bwerankori,Residential,Active,2024-10-19,-2.005253,30.138158
CUST-004041,Nyarugenge,Nyarugenge,Biryogo,Public Taps,Suspended,2021-08-06,-1.945578,30.080538
CUST-004042,Gasabo,Gisozi,Ruhango,Residential,Active,2025-03-01,-1.89856,30.130195
CUST-004043,Nyarugenge,Nyakabanda,Nyakabanda I,Residential,Active,2025-10-16,-2.031677,30.049667
CUST-004044,Gasabo,Nduba,Gatunga,Residential,Active,2023-03-02,-1.929409,30.169667
CUST-004045,Gasabo,Jali,Nyamitanga,Residential,Active,2023-09-28,-1.895181,30.076513
CUST-004046,Kicukiro,Gahanga,Rwabutenge,Residential,Active,2020-10-08,-1.99902,30.0708
CUST-004047,Kicukiro,Masaka,Cyimo,Residential,Active,2023-02-16,-1.978324,30.098205
CUST-004048,Nyarugenge,Nyarugenge,Agatare,Residential,Active,2025-03-18,-1.953565,30.05049
CUST-004049,Nyarugenge,Nyarugenge,Biryogo,Non-Residential,Active,2024-12-07,-1.925434,30.079213
CUST-004050,Nyarugenge,Kimisagara,Kamuhoza,Residential,Active,2024-11-17,-2.037225,30.103997
CUST-004051,Nyarugenge,Rwezamenyo,Rwezamenyo I,Residential,Active,2022-11-24,-1.986343,30.051187
CUST-004052,Nyarugenge,Nyarugenge,Kiyovu,Residential,Active,2024-08-16,-2.012744,30.073057
CUST-004053,Gasabo,Jali,Nkusi,Residential,Active,2023-09-24,-1.887828,30.151438
CUST-004054,Gasabo,Remera,Rukiri II,Residential,Suspended,2024-12-09,-1.880876,30.11633
CUST-004055,Kicukiro,Gahanga,Kagasa,Residential,Active,2022-02-16,-1.999587,30.104301
CUST-004056,Gasabo,Nduba,Gasura,Public Taps,Active,2020-08-14,-1.879988,30.077841
CUST-004057,Gasabo,Nduba,Gasanze,Residential,Active,2022-11-05,-1.889894,30.130253
CUST-004058,Nyarugenge,Mageragere,Runzenze,Residential,Active,2025-10-13,-1.940124,30.064106
CUST-004059,Nyarugenge,Gitega,Akabeza,Residential,Active,2021-02-03,-1.948833,30.08221
CUST-004060,Gasabo,Kimihurura,Kamukina,Residential,Transferred,2023-09-16,-1.917277,30.102372
CUST-004061,Gasabo,Kimihurura,Kamukina,Residential,Active,2021-04-29,-1.913856,30.120771
CUST-004062,Nyarugenge,Nyarugenge,Biryogo,Residential,Active,2025-08-26,-1.966292,30.096531
CUST-004063,Kicukiro,Masaka,Gako,Residential,Suspended,2022-08-09,-1.954673,30.103792
CUST-004064,Kicukiro,Kagarama,Kanserege,Residential,Active,2025-03-04,-2.009693,30.111175
CUST-004065,Nyarugenge,Mageragere,Mataba,Residential,Active,2024-01-11,-1.92502,30.041925
CUST-004066,Nyarugenge,Kimisagara,Katabaro,Residential,Active,2021-05-01,-1.992521,30.050302
CUST-004067,Kicukiro,Gahanga,Gahanga,Residential,Active,2020-03-05,-1.960076,30.038515
CUST-004068,Gasabo,Gikomero,Murambi,Residential,Active,2021-03-27,-1.904346,30.117858
CUST-004069,Kicukiro,Kanombe,Busanza,Residential,Active,2021-07-08,-1.980802,30.105832
CUST-004070,Kicukiro,Kigarama,Rwampara,Residential,Active,2020-09-16,-2.003615,30.120767
CUST-004071,Gasabo,Bumbogo,Kinyaga,Residential,Disconnected,2020-10-29,-1.890832,30.151411
CUST-004072,Gasabo,Rusororo,Gasagara,Residential,Active,2024-12-10,-1.873235,30.144937
CUST-004073,Kicukiro,Kanombe,Rubirizi,Residential,Active,2023-04-29,-1.987881,30.085377
CUST-004074,Kicukiro,Kigarama,Rwampara,Residential,Active,2020-09-01,-1.973044,30.108498
CUST-004075,Nyarugenge,Kimisagara,Katabaro,Residential,Active,2022-04-08,-1.983338,30.025337
CUST-004076,Gasabo,Rutunga,Kabaliza,Residential,Active,2025-07-14,-1.926545,30.119844
CUST-004077,Nyarugenge,Gitega,Kigarama,Residential,Active,2023-12-04,-1.940215,30.021038
CUST-004078,Kicukiro,Niboye,Niboye,Residential,Active,2022-04-14,-1.976791,30.132798
CUST-004079,Nyarugenge,Mageragere,Nyarurenzi,Residential,Active,2022-11-08,-1.986,30.044983
CUST-004080,Nyarugenge,Kanyinya,Nzove,Residential,Active,2021-03-07,-2.024657,30.039226
CUST-004081,Gasabo,Rutunga,Kabaliza,Residential,Active,2020-10-12,-1.905211,30.116803
CUST-004082,Gasabo,Jali,Nyabuliba,Residential,Active,2025-07-25,-1.894973,30.087635
CUST-004083,Gasabo,Rutunga,Kigabiro,Non-Residential,Active,2021-03-20,-1.858775,30.081373
CUST-004084,Nyarugenge,Nyakabanda,Nyakabanda II,Residential,Active,2023-12-26,-1.99675,30.068772
CUST-004085,Kicukiro,Niboye,Gatare,Residential,Active,2020-04-17,-1.985533,30.068513
CUST-004086,Kicukiro,Gatenga,Karambo,Residential,Disconnected,2023-11-12,-2.066101,30.056312
CUST-004087,Gasabo,Gatsata,Nyamugari,Public Taps,Active,2024-12-08,-1.881866,30.102891
CUST-004088,Gasabo,Jabana,Bweramvura,Residential,Active,2024-04-28,-1.897188,30.15773
CUST-004089,Kicukiro,Kagarama,Muyange,Residential,Suspended,2025-04-04,-1.973812,30.086432
CUST-004090,Gasabo,Kimihurura,Rugando,Residential,Active,2022-10-22,-1.903552,30.097933
CUST-004091,Kicukiro,Kigarama,Bwerankori,Residential,Active,2023-03-22,-1.96969,30.104043
CUST-004092,Kicukiro,Kanombe,Karama,Residential,Active,2022-05-19,-1.990333,30.174155
CUST-004093,Gasabo,Rutunga,Kigabiro,Residential,Active,2021-04-30,-1.913178,30.110144
CUST-004094,Nyarugenge,Gitega,Kora,Residential,Active,2022-07-19,-1.982986,30.015611
CUST-004095,Kicukiro,Gikondo,Kinunga,Residential,Active,2020-10-19,-1.963058,30.088094
CUST-004096,Kicukiro,Nyarugunga,Nonko,Residential,Active,2023-01-23,-2.005111,30.060708
CUST-004097,Nyarugenge,Mageragere,Ntungamo,Residential,Active,2021-05-20,-1.97955,30.086308
CUST-004098,Gasabo,Nduba,Sha,Residential,Suspended,2023-09-21,-1.849797,30.094178
CUST-004099,Kicukiro,Kigarama,Kigarama,Residential,Active,2025-05-09,-1.97931,30.107885
CUST-004100,Nyarugenge,Kimisagara,Kimisagara,Residential,Suspended,2022-05-29,-1.975287,30.015293
CUST-004101,Gasabo,Nduba,Shango,Residential,Active,2022-06-17,-1.884313,30.112054
CUST-004102,Nyarugenge,Mageragere,Mataba,Residential,Active,2021-07-24,-1.997064,30.071509
CUST-004103,Kicukiro,Kigarama,Karugira,Public Taps,Active,2023-01-03,-1.949386,30.079374
CUST-004104,Nyarugenge,Kigali,Ruriba,Public Taps,Disconnected,2025-02-23,-1.956965,30.014838
CUST-004105,Gasabo,Gikomero,Kibara,Residential,Active,2024-10-22,-1.92149,30.121531
CUST-004106,Gasabo,Jabana,Bweramvura,Residential,Active,2022-05-27,-1.918878,30.117875
CUST-004107,Kicukiro,Kicukiro,Kagina,Residential,Active,2021-06-19,-1.935086,30.117162
CUST-004108,Gasabo,Bumbogo,Musave,Residential,Suspended,2024-10-24,-1.906095,30.121051
CUST-004109,Nyarugenge,Kigali,Nyabugogo,Residential,Active,2022-03-05,-1.940741,30.118834
CUST-004110,Gasabo,Bumbogo,Ngara,Residential,Active,2025-05-09,-1.890353,30.149478
CUST-004111,Gasabo,Nduba,Gasanze,Residential,Active,2021-02-23,-1.878124,30.138211
CUST-004112,Nyarugenge,Mageragere,Kavumu,Residential,Active,2023-05-10,-1.963618,30.057605
CUST-004113,Kicukiro,Masaka,Mbabe,Residential,Active,2025-01-08,-2.051625,30.101041
CUST-004114,Kicukiro,Kigarama,Karugira,Residential,Active,2023-07-17,-2.017964,30.082739
CUST-004115,Nyarugenge,Kimisagara,Kamuhoza,Residential,Suspended,2024-02-16,-1.987387,30.076914
CUST-004116,Kicukiro,Kanombe,Karama,Residential,Active,2022-10-01,-1.927739,30.105275
CUST-004117,Nyarugenge,Gitega,Kigarama,Residential,Active,2025-06-30,-1.956835,30.039915
CUST-004118,Nyarugenge,Nyarugenge,Agatare,Non-Residential,Active,2024-03-11,-1.990874,30.073934
CUST-004119,Nyarugenge,Nyamirambo,Gasharu,Residential,Active,2021-02-10,-1.940113,30.038824
CUST-004120,Kicukiro,Kigarama,Kigarama,Residential,Active,2020-03-30,-2.002873,30.097509
CUST-004121,Nyarugenge,Nyarugenge,Biryogo,Residential,Active,2023-01-14,-1.93762,30.023969
CUST-004122,Gasabo,Bumbogo,Nyagasozi,Residential,Active,2021-02-04,-1.871361,30.132339
CUST-004123,Gasabo,Kinyinya,Murama,Residential,Suspended,2020-01-28,-1.905633,30.129591
CUST-004124,Nyarugenge,Muhima,Tetero,Residential,Active,2021-11-30,-2.008753,30.040432
CUST-004125,Nyarugenge,Nyarugenge,Kiyovu,Residential,Active,2021-10-08,-1.955436,30.053748
CUST-004126,Nyarugenge,Muhima,Kabasengerezi,Non-Residential,Active,2025-10-10,-1.946711,30.059834
CUST-004127,Nyarugenge,Muhima,Nyabugogo,Non-Residential,Active,2025-07-25,-1.973737,30.081756
CUST-004128,Nyarugenge,Gitega,Gacyamo,Residential,Active,2022-08-04,-1.923383,30.024551
CUST-004129,Gasabo,Kimironko,Kibagabaga,Residential,Active,2022-12-01,-1.825341,30.148718
CUST-004130,Gasabo,Rusororo,Gasagara,Residential,Suspended,2023-11-02,-1.908075,30.11421
CUST-004131,Gasabo,Rusororo,Kabuga I,Residential,Active,2023-02-13,-1.865283,30.177224
CUST-004132,Gasabo,Jali,Buhiza,Residential,Active,2025-09-05,-1.927735,30.113177
CUST-004133,Gasabo,Rutunga,Kabaliza,Residential,Active,2022-02-09,-1.878608,30.165716
CUST-004134,Gasabo,Rusororo,Kinyana,Residential,Active,2025-05-08,-1.908265,30.182756
CUST-004135,Kicukiro,Kanombe,Kabeza,Residential,Active,2022-01-28,-1.969043,30.095654
CUST-004136,Nyarugenge,Gitega,Kora,Residential,Active,2023-08-13,-1.9921,30.08157
CUST-004137,Kicukiro,Kanombe,Rubirizi,Non-Residential,Active,2023-12-20,-1.973579,30.123126
CUST-004138,Gasabo,Rutunga,Kacyatwa,Residential,Active,2020-10-10,-1.848152,30.07468
CUST-004139,Gasabo,Jali,Nkusi,Residential,Active,2023-07-02,-1.874804,30.176319
CUST-004140,Gasabo,Rutunga,Kacyatwa,Residential,Suspended,2024-02-29,-1.879389,30.158033
CUST-004141,Gasabo,Bumbogo,Kinyaga,Residential,Active,2024-04-05,-1.867752,30.143508
CUST-004142,Nyarugenge,Rwezamenyo,Rwezamenyo I,Industries,Active,2024-05-12,-1.957149,30.034153
CUST-004143,Nyarugenge,Nyarugenge,Biryogo,Residential,Active,2023-10-11,-1.989013,30.017606
CUST-004144,Gasabo,Gatsata,Nyamabuye,Residential,Active,2020-08-14,-1.823622,30.162721
CUST-004145,Nyarugenge,Rwezamenyo,Kabuguru II,Residential,Disconnected,2023-12-04,-1.97869,30.073708
CUST-004146,Kicukiro,Gahanga,Karembure,Residential,Active,2023-04-07,-1.976776,30.103543
CUST-004147,Kicukiro,Kanombe,Kabeza,Residential,Disconnected,2025-03-22,-1.938376,30.15034
CUST-004148,Gasabo,Jabana,Akamatamu,Residential,Active,2023-06-25,-1.87027,30.139498
CUST-004149,Kicukiro,Kagarama,Rukatsa,Residential,Active,2024-02-22,-2.021865,30.123336
CUST-004150,Gasabo,Gikomero,Murambi,Residential,Active,2025-06-07,-1.876906,30.15599
CUST-004151,Nyarugenge,Rwezamenyo,Rwezamenyo II,Residential,Active,2022-04-17,-1.923102,29.991153
CUST-004152,Nyarugenge,Mageragere,Nyarufunzo,Non-Residential,Suspended,2021-07-25,-1.955271,30.002766
CUST-004153,Nyarugenge,Nyarugenge,Kiyovu,Public Taps,Active,2023-09-13,-1.978446,30.044459
CUST-004154,Nyarugenge,Nyamirambo,Gasharu,Residential,Active,2025-02-16,-1.9297,30.048044
CUST-004155,Kicukiro,Masaka,Mbabe,Residential,Active,2022-10-14,-1.964367,30.103763
CUST-004156,Gasabo,Bumbogo,Nyagasozi,Residential,Active,2023-02-24,-1.890915,30.160118
CUST-004157,Kicukiro,Gatenga,Karambo,Residential,Active,2020-01-31,-2.044583,30.106843
CUST-004158,Nyarugenge,Mageragere,Ntungamo,Residential,Active,2025-08-30,-2.012671,30.070548
CUST-004159,Gasabo,Ndera,Cyaruzinge,Residential,Active,2020-05-04,-1.846511,30.142893
CUST-004160,Kicukiro,Masaka,Gitaraga,Residential,Active,2024-06-23,-1.997373,30.065083
CUST-004161,Kicukiro,Kicukiro,Gasharu,Residential,Active,2022-09-04,-2.014703,30.110232
CUST-004162,Kicukiro,Kigarama,Karugira,Residential,Active,2023-08-25,-2.009458,30.117089
CUST-004163,Nyarugenge,Muhima,Nyabugogo,Residential,Active,2022-08-16,-2.00197,30.055155
CUST-004164,Kicukiro,Gahanga,Nunga,Residential,Active,2020-10-21,-2.043787,30.069908
CUST-004165,Gasabo,Kacyiru,Kibaza,Residential,Active,2021-07-13,-1.855911,30.128141
CUST-004166,Gasabo,Gisozi,Ruhango,Residential,Disconnected,2021-04-28,-1.86802,30.097769
CUST-004167,Nyarugenge,Mageragere,Nyarufunzo,Residential,Active,2024-06-03,-1.885807,30.023485
CUST-004168,Gasabo,Remera,Rukiri II,Non-Residential,Active,2022-09-03,-1.910243,30.142886
CUST-004169,Gasabo,Bumbogo,Nyagasozi,Residential,Active,2025-12-11,-1.861981,30.196731
CUST-004170,Kicukiro,Masaka,Ayabaraya,Residential,Active,2024-05-30,-1.954962,30.093745
CUST-004171,Gasabo,Kinyinya,Gacuriro,Residential,Active,2024-06-20,-1.879361,30.151459
CUST-004172,Nyarugenge,Mageragere,Nyarufunzo,Non-Residential,Active,2023-10-06,-1.963444,30.042099
CUST-004173,Kicukiro,Nyarugunga,Nonko,Non-Residential,Transferred,2020-09-29,-1.994874,30.086554
CUST-004174,Gasabo,Nduba,Butare,Public Taps,Active,2023-02-24,-1.899617,30.127249
CUST-004175,Gasabo,Bumbogo,Nkuzuzu,Residential,Active,2025-12-05,-1.899653,30.125492
CUST-004176,Nyarugenge,Mageragere,Runzenze,Residential,Active,2021-11-06,-1.930378,30.089286
CUST-004177,Gasabo,Rusororo,Nyagahinga,Residential,Active,2020-05-13,-1.896124,30.119888
CUST-004178,Kicukiro,Gahanga,Karembure,Residential,Active,2020-12-02,-2.038931,30.117689
CUST-004179,Gasabo,Nduba,Muremure,Residential,Active,2021-05-19,-1.870859,30.086555
CUST-004180,Gasabo,Kinyinya,Murama,Residential,Active,2023-08-19,-1.9029,30.139021
CUST-004181,Gasabo,Ndera,Masoro,Residential,Active,2025-10-28,-1.899563,30.106534
CUST-004182,Nyarugenge,Kigali,Mwendo,Residential,Active,2022-05-06,-2.037788,30.05085
CUST-004183,Nyarugenge,Rwezamenyo,Rwezamenyo II,Public Taps,Active,2020-08-26,-1.968813,30.02073
CUST-004184,Gasabo,Rutunga,Kabaliza,Non-Residential,Active,2024-05-21,-1.902885,30.148635
CUST-004185,Gasabo,Jali,Nyamitanga,Residential,Transferred,2020-06-08,-1.871778,30.142082
CUST-004186,Gasabo,Bumbogo,Nkuzuzu,Residential,Active,2025-10-12,-1.887928,30.158768
CUST-004187,Nyarugenge,Nyarugenge,Biryogo,Residential,Active,2024-03-19,-1.962969,30.090749
CUST-004188,Gasabo,Nduba,Shango,Residential,Active,2025-07-24,-1.891586,30.123051
CUST-004189,Kicukiro,Niboye,Niboye,Residential,Active,2024-08-24,-1.973378,30.095845
CUST-004190,Kicukiro,Gikondo,Kinunga,Residential,Active,2022-02-09,-1.98103,30.1045
CUST-004191,Gasabo,Kinyinya,Gasharu,Residential,Active,2022-01-29,-1.881214,30.168665
CUST-004192,Gasabo,Bumbogo,Mvuzo,Residential,Active,2023-07-11,-1.841181,30.176007
CUST-004193,Nyarugenge,Mageragere,Kavumu,Residential,Suspended,2025-10-21,-2.021832,30.051424
CUST-004194,Kicukiro,Kicukiro,Gasharu,Residential,Active,2023-03-27,-2.000038,30.06564
CUST-004195,Nyarugenge,Kigali,Ruriba,Non-Residential,Active,2020-09-12,-1.963538,30.112554
CUST-004196,Gasabo,Bumbogo,Musave,Residential,Active,2022-06-18,-1.888571,30.130572
CUST-004197,Gasabo,Jali,Buhiza,Residential,Transferred,2022-03-22,-1.935852,30.107036
CUST-004198,Gasabo,Ndera,Masoro,Public Taps,Active,2025-08-09,-1.934625,30.123653
CUST-004199,Gasabo,Gikomero,Gicaca,Residential,Disconnected,2025-03-22,-1.881582,30.166466
CUST-004200,Gasabo,Bumbogo,Ngara,Residential,Active,2021-08-04,-1.849531,30.113258
CUST-004201,Kicukiro,Gahanga,Kagasa,Public Taps,Active,2023-02-15,-1.96032,30.097573
CUST-004202,Gasabo,Rutunga,Indatemwa,Public Taps,Active,2022-04-19,-1.900602,30.12693
CUST-004203,Gasabo,Kimironko,Bibare,Residential,Active,2022-04-14,-1.857233,30.058538
CUST-004204,Kicukiro,Niboye,Niboye,Residential,Active,2021-02-02,-1.968873,30.116245
CUST-004205,Gasabo,Rutunga,Kigabiro,Residential,Active,2021-05-12,-1.843367,30.102916
CUST-004206,Kicukiro,Kigarama,Rwampara,Residential,Active,2024-11-15,-2.014902,30.071133
CUST-004207,Nyarugenge,Nyakabanda,Nyakabanda I,Residential,Active,2021-03-15,-1.979412,30.101689
CUST-004208,Gasabo,Gatsata,Nyamabuye,Residential,Suspended,2022-06-11,-1.935518,30.128856
CUST-004209,Nyarugenge,Nyamirambo,Gasharu,Residential,Active,2020-02-21,-1.998393,30.085668
CUST-004210,Nyarugenge,Gitega,Kora,Residential,Active,2021-10-05,-1.983394,30.089712
CUST-004211,Kicukiro,Kigarama,Rwampara,Residential,Suspended,2020-05-30,-1.958624,30.057119
CUST-004212,Kicukiro,Masaka,Mbabe,Residential,Active,2024-10-19,-1.990065,30.099089
CUST-004213,Gasabo,Kinyinya,Gacuriro,Residential,Disconnected,2025-04-15,-1.952619,30.187283
CUST-004214,Gasabo,Kinyinya,Kagugu,Residential,Active,2024-02-26,-1.881405,30.145948
CUST-004215,Kicukiro,Masaka,Rusheshe,Residential,Active,2023-09-22,-1.965396,30.132408
CUST-004216,Nyarugenge,Mageragere,Kankuba,Non-Residential,Active,2020-05-25,-1.919898,29.998673
CUST-004217,Gasabo,Kacyiru,Kamatamu,Residential,Active,2025-07-24,-1.906999,30.062813
CUST-004218,Kicukiro,Kagarama,Rukatsa,Residential,Active,2020-12-19,-1.957679,30.088215
CUST-004219,Nyarugenge,Rwezamenyo,Kabuguru I,Residential,Disconnected,2023-10-04,-1.993936,30.053767
CUST-004220,Gasabo,Rutunga,Indatemwa,Non-Residential,Active,2022-05-07,-1.90543,30.092058
CUST-004221,Gasabo,Nduba,Muremure,Residential,Active,2025-10-10,-1.830449,30.137076
CUST-004222,Nyarugenge,Gitega,Akabeza,Residential,Active,2022-06-23,-1.895569,30.063835
CUST-004223,Nyarugenge,Gitega,Kora,Residential,Transferred,2024-07-14,-1.973608,30.104274
CUST-004224,Gasabo,Kinyinya,Kagugu,Residential,Disconnected,2024-12-29,-1.877761,30.122357
CUST-004225,Kicukiro,Nyarugunga,Nonko,Non-Residential,Suspended,2021-08-16,-2.005785,30.041488
CUST-004226,Nyarugenge,Kimisagara,Katabaro,Residential,Active,2025-03-09,-1.955318,30.058182
CUST-004227,Kicukiro,Niboye,Niboye,Residential,Active,2022-12-22,-1.970714,30.081231
CUST-004228,Kicukiro,Gahanga,Karembure,Public Taps,Active,2023-06-16,-1.997516,30.067136
CUST-004229,Gasabo,Jali,Buhiza,Residential,Active,2021-06-13,-1.888381,30.106369
CUST-004230,Gasabo,Bumbogo,Ngara,Residential,Active,2022-02-05,-1.881812,30.131495
CUST-004231,Gasabo,Rusororo,Gasagara,Residential,Active,2024-02-11,-1.861149,30.099485
CUST-004232,Kicukiro,Kanombe,Kabeza,Residential,Active,2023-01-13,-1.935003,30.103189
CUST-004233,Nyarugenge,Mageragere,Kavumu,Residential,Active,2022-03-21,-1.954942,30.064261
CUST-004234,Gasabo,Kinyinya,Gacuriro,Residential,Active,2022-12-23,-1.923329,30.166346
CUST-004235,Kicukiro,Kigarama,Karugira,Residential,Active,2021-03-31,-1.984938,30.072794
CUST-004236,Kicukiro,Gikondo,Kinunga,Residential,Active,2021-07-23,-2.015614,30.088466
CUST-004237,Kicukiro,Gikondo,Kagunga,Residential,Active,2020-07-01,-2.020991,30.108187
CUST-004238,Gasabo,Rutunga,Kabaliza,Residential,Active,2020-02-09,-1.862167,30.117158
CUST-004239,Nyarugenge,Rwezamenyo,Kabuguru II,Residential,Active,2024-08-01,-2.034947,30.05567
CUST-004240,Gasabo,Remera,Rukiri I,Non-Residential,Active,2021-08-17,-1.877424,30.126609
CUST-004241,Gasabo,Kimihurura,Kimihurura,Residential,Active,2021-08-17,-1.881105,30.094398
CUST-004242,Kicukiro,Kagarama,Kanserege,Residential,Disconnected,2025-07-02,-1.985018,30.108372
CUST-004243,Nyarugenge,Mageragere,Nyarurenzi,Residential,Active,2020-09-03,-2.019634,30.094494
CUST-004244,Nyarugenge,Nyarugenge,Kiyovu,Residential,Disconnected,2020-03-17,-1.970117,30.064453
CUST-004245,Nyarugenge,Nyarugenge,Kiyovu,Residential,Active,2020-04-13,-1.94354,30.089915
CUST-004246,Gasabo,Bumbogo,Kinyaga,Residential,Disconnected,2023-05-17,-1.890374,30.106541
CUST-004247,Gasabo,Gatsata,Karuruma,Residential,Active,2020-03-04,-1.879226,30.068049
CUST-004248,Nyarugenge,Kanyinya,Nzove,Residential,Active,2022-11-25,-1.943307,30.055377
CUST-004249,Kicukiro,Nyarugunga,Kamashashi,Residential,Disconnected,2022-03-19,-1.979968,30.161727
CUST-004250,Gasabo,Rusororo,Nyagahinga,Residential,Active,2022-10-15,-1.819979,30.144686
CUST-004251,Gasabo,Ndera,Masoro,Residential,Active,2023-06-06,-1.840243,30.100329
CUST-004252,Gasabo,Gikomero,Murambi,Residential,Active,2021-02-25,-1.86297,30.172599
CUST-004253,Nyarugenge,Nyakabanda,Munanira II,Residential,Active,2025-05-15,-2.000206,30.030663
CUST-004254,Gasabo,Remera,Rukiri I,Residential,Active,2022-10-14,-1.862001,30.163876
CUST-004255,Gasabo,Kinyinya,Gasharu,Residential,Active,2024-03-10,-1.855427,30.173396
CUST-004256,Gasabo,Nduba,Muremure,Residential,Active,2020-03-21,-1.869451,30.136195
CUST-004257,Nyarugenge,Nyarugenge,Agatare,Residential,Transferred,2023-02-01,-1.94804,30.045447
CUST-004258,Nyarugenge,Muhima,Kabasengerezi,Residential,Active,2020-07-11,-1.9464,30.070963
CUST-004259,Gasabo,Nduba,Shango,Residential,Active,2025-03-31,-1.894099,30.106459
CUST-004260,Gasabo,Jabana,Kabuye,Residential,Active,2020-06-29,-1.862765,30.170553
CUST-004261,Kicukiro,Gahanga,Kagasa,Residential,Active,2025-04-28,-1.987984,30.120688
CUST-004262,Nyarugenge,Nyamirambo,Mumena,Residential,Active,2025-03-09,-1.957105,30.05913
CUST-004263,Nyarugenge,Nyarugenge,Agatare,Residential,Active,2024-11-30,-2.017971,30.113763
CUST-004264,Nyarugenge,Nyamirambo,Mumena,Residential,Active,2025-12-24,-1.953605,29.998038
CUST-004265,Gasabo,Rusororo,Ruhanga,Non-Residential,Active,2020-03-14,-1.801794,30.138159
CUST-004266,Kicukiro,Gatenga,Gatenga,Residential,Active,2021-08-27,-1.96588,30.118165
CUST-004267,Kicukiro,Niboye,Niboye,Residential,Active,2023-03-24,-2.007061,30.093075
CUST-004268,Kicukiro,Kicukiro,Gasharu,Residential,Active,2020-10-24,-1.965008,30.106678
CUST-004269,Gasabo,Kimihurura,Rugando,Residential,Active,2023-09-14,-1.851113,30.075577
CUST-004270,Gasabo,Ndera,Kibenga,Residential,Active,2021-07-26,-1.957862,30.199279
CUST-004271,Gasabo,Jabana,Akamatamu,Residential,Active,2023-05-17,-1.911215,30.104819
CUST-004272,Gasabo,Bumbogo,Nyabikenke,Residential,Active,2022-10-21,-1.833723,30.124234
CUST-004273,Gasabo,Kacyiru,Kamatamu,Residential,Active,2023-09-07,-1.898287,30.155775
CUST-004274,Nyarugenge,Mageragere,Nyarurenzi,Residential,Active,2021-09-22,-1.982961,30.081784
CUST-004275,Nyarugenge,Muhima,Nyabugogo,Non-Residential,Active,2022-12-20,-1.924669,30.071677
CUST-004276,Gasabo,Remera,Rukiri II,Residential,Active,2022-06-20,-1.928106,30.101928
CUST-004277,Gasabo,Rutunga,Kigabiro,Residential,Active,2022-06-03,-1.906628,30.18289
CUST-004278,Gasabo,Rutunga,Kigabiro,Residential,Active,2021-11-22,-1.864483,30.140546
CUST-004279,Nyarugenge,Nyakabanda,Munanira I,Residential,Active,2020-11-24,-1.960661,30.074182
CUST-004280,Gasabo,Gikomero,Gicaca,Residential,Active,2021-07-15,-1.9098,30.12002
CUST-004281,Kicukiro,Masaka,Cyimo,Residential,Disconnected,2023-10-05,-1.95412,30.09617
CUST-004282,Gasabo,Kimironko,Bibare,Residential,Active,2023-06-02,-1.92689,30.128761
CUST-004283,Nyarugenge,Nyakabanda,Nyakabanda II,Residential,Active,2022-12-07,-1.947057,30.074683
CUST-004284,Nyarugenge,Muhima,Rugenge,Residential,Active,2025-01-08,-1.994616,30.024021
CUST-004285,Nyarugenge,Muhima,Rugenge,Residential,Active,2023-07-30,-1.987549,30.05567
CUST-004286,Gasabo,Remera,Rukiri I,Residential,Active,2023-08-17,-1.909686,30.112402
CUST-004287,Nyarugenge,Muhima,Amahoro,Residential,Active,2022-12-16,-1.998986,30.054634
CUST-004288,Nyarugenge,Mageragere,Mataba,Residential,Suspended,2022-09-14,-1.959278,30.102688
CUST-004289,Gasabo,Rutunga,Kigabiro,Residential,Active,2020-01-24,-1.94908,30.110663
CUST-004290,Gasabo,Rusororo,Kinyana,Residential,Active,2022-08-30,-1.906834,30.136066
CUST-004291,Gasabo,Kimironko,Bibare,Residential,Active,2025-05-10,-1.91129,30.143191
CUST-004292,Gasabo,Nduba,Shango,Residential,Active,2020-09-17,-1.891392,30.137908
CUST-004293,Gasabo,Gisozi,Ruhango,Residential,Active,2025-01-14,-1.906412,30.080663
CUST-004294,Kicukiro,Kanombe,Busanza,Residential,Active,2024-12-22,-2.000621,30.130996
CUST-004295,Nyarugenge,Gitega,Gacyamo,Residential,Disconnected,2024-10-28,-1.962894,30.009623
CUST-004296,Gasabo,Rutunga,Kibenga,Residential,Active,2020-09-30,-1.918802,30.177804
CUST-004297,Gasabo,Jali,Nyakabungo,Residential,Active,2023-04-22,-1.877299,30.136578
CUST-004298,Kicukiro,Nyarugunga,Kamashashi,Non-Residential,Active,2022-05-24,-1.981123,30.071266
CUST-004299,Kicukiro,Masaka,Gitaraga,Residential,Active,2020-01-19,-1.941405,30.07498
CUST-004300,Gasabo,Jali,Muko,Residential,Active,2025-05-13,-1.876779,30.166015
CUST-004301,Nyarugenge,Muhima,Rugenge,Residential,Active,2022-01-13,-2.017788,30.092702
CUST-004302,Gasabo,Rusororo,Kabuga I,Residential,Active,2021-03-29,-1.832795,30.161555
CUST-004303,Nyarugenge,Kigali,Nyabugogo,Residential,Active,2025-07-31,-1.972697,30.106503
CUST-004304,Nyarugenge,Mageragere,Mataba,Residential,Active,2021-03-16,-1.920662,30.043949
CUST-004305,Kicukiro,Niboye,Nyakabanda,Residential,Disconnected,2023-06-30,-1.986379,30.0872
CUST-004306,Kicukiro,Gahanga,Gahanga,Residential,Active,2024-12-16,-2.019002,30.096551
CUST-004307,Gasabo,Bumbogo,Musave,Residential,Active,2021-07-05,-1.898633,30.113601
CUST-004308,Kicukiro,Nyarugunga,Kamashashi,Residential,Transferred,2024-08-25,-1.988586,30.07436
CUST-004309,Kicukiro,Nyarugunga,Nonko,Residential,Active,2020-11-07,-1.968729,30.113385
CUST-004310,Kicukiro,Niboye,Gatare,Non-Residential,Active,2025-01-05,-2.029386,30.121494
CUST-004311,Kicukiro,Niboye,Nyakabanda,Residential,Active,2023-11-06,-2.014561,30.077782
CUST-004312,Kicukiro,Masaka,Gako,Residential,Active,2025-02-24,-2.006005,30.087148
CUST-004313,Nyarugenge,Mageragere,Kankuba,Residential,Active,2021-03-05,-1.934683,30.047661
CUST-004314,Gasabo,Ndera,Masoro,Residential,Active,2022-03-15,-1.909647,30.15693
CUST-004315,Gasabo,Ndera,Bwiza,Residential,Active,2020-08-12,-1.858014,30.095448
CUST-004316,Kicukiro,Gatenga,Karambo,Residential,Active,2024-12-13,-1.907631,30.150268
CUST-004317,Nyarugenge,Gitega,Akabahizi,Residential,Active,2024-10-21,-1.974513,30.099255
CUST-004318,Gasabo,Bumbogo,Kinyaga,Residential,Transferred,2022-08-20,-1.883297,30.102477
CUST-004319,Kicukiro,Nyarugunga,Kamashashi,Residential,Active,2023-05-29,-1.951795,30.150664
CUST-004320,Gasabo,Ndera,Bwiza,Residential,Active,2024-07-04,-1.84685,30.154549
CUST-004321,Gasabo,Jabana,Bweramvura,Residential,Active,2025-11-12,-1.879342,30.146275
CUST-004322,Gasabo,Jali,Nyabuliba,Residential,Active,2020-11-27,-1.882589,30.120758
CUST-004323,Gasabo,Kimironko,Kibagabaga,Residential,Active,2022-02-04,-1.878131,30.115453
CUST-004324,Gasabo,Remera,Rukiri I,Non-Residential,Active,2022-04-03,-1.831494,30.125691
CUST-004325,Nyarugenge,Mageragere,Mataba,Residential,Active,2022-01-20,-1.972677,30.027171
CUST-004326,Kicukiro,Kigarama,Bwerankori,Residential,Active,2023-02-06,-1.966567,30.08951
CUST-004327,Kicukiro,Niboye,Gatare,Residential,Active,2020-01-05,-1.951215,30.126225
CUST-004328,Kicukiro,Gahanga,Kagasa,Residential,Active,2025-10-04,-1.993791,30.10977
CUST-004329,Gasabo,Ndera,Kibenga,Residential,Active,2025-02-07,-1.842977,30.144598
CUST-004330,Gasabo,Remera,Rukiri II,Residential,Active,2020-12-08,-1.852999,30.205628
CUST-004331,Nyarugenge,Muhima,Kabeza,Residential,Active,2025-02-04,-1.948074,30.07763
CUST-004332,Nyarugenge,Muhima,Ubumwe,Residential,Active,2024-06-23,-1.966101,30.026264
CUST-004333,Gasabo,Rusororo,Mbandazi,Residential,Active,2024-05-30,-1.853641,30.122665
CUST-004334,Gasabo,Kinyinya,Kagugu,Residential,Suspended,2023-07-12,-1.870262,30.211942
CUST-004335,Gasabo,Bumbogo,Ngara,Non-Residential,Active,2024-05-05,-1.855041,30.164767
CUST-004336,Nyarugenge,Kanyinya,Taba,Residential,Active,2025-02-22,-1.939054,30.02988
CUST-004337,Kicukiro,Niboye,Gatare,Residential,Suspended,2021-09-16,-2.01689,30.134644
CUST-004338,Gasabo,Rusororo,Bisenga,Residential,Active,2023-12-29,-1.836562,30.162368
CUST-004339,Gasabo,Kimihurura,Kamukina,Residential,Active,2023-06-24,-1.848151,30.100387
CUST-004340,Nyarugenge,Nyarugenge,Kiyovu,Public Taps,Active,2022-07-20,-1.981893,30.022998
CUST-004341,Kicukiro,Niboye,Niboye,Residential,Active,2021-08-17,-2.006332,30.121884
CUST-004342,Gasabo,Rusororo,Bisenga,Residential,Active,2020-01-07,-1.871617,30.074283
CUST-004343,Nyarugenge,Kigali,Nyabugogo,Residential,Transferred,2022-05-31,-1.967236,30.033447
CUST-004344,Gasabo,Nduba,Gatunga,Residential,Active,2025-10-30,-1.855237,30.127883
CUST-004345,Nyarugenge,Nyamirambo,Rugarama,Residential,Suspended,2022-04-09,-1.907263,30.038606
CUST-004346,Kicukiro,Gatenga,Gatenga,Residential,Active,2025-12-08,-2.035608,30.09777
CUST-004347,Gasabo,Jali,Nyabuliba,Residential,Active,2020-11-03,-1.9255,30.082691
CUST-004348,Gasabo,Jabana,Kidashya,Residential,Active,2023-11-16,-1.909672,30.132916
CUST-004349,Nyarugenge,Nyamirambo,Gasharu,Residential,Active,2022-08-29,-1.949979,30.03049
CUST-004350,Nyarugenge,Nyarugenge,Agatare,Residential,Active,2022-04-15,-1.962378,30.113739
CUST-004351,Gasabo,Jali,Nkusi,Residential,Active,2022-08-09,-1.848898,30.110139
CUST-004352,Kicukiro,Kicukiro,Kicukiro,Residential,Active,2021-08-09,-1.976522,30.111401
CUST-004353,Gasabo,Rusororo,Kabuga I,Residential,Active,2024-12-19,-1.909317,30.122901
CUST-004354,Gasabo,Nduba,Gasura,Residential,Active,2022-05-30,-1.854213,30.195575
CUST-004355,Kicukiro,Kicukiro,Kicukiro,Residential,Active,2024-10-06,-1.962959,30.109473
CUST-004356,Gasabo,Rusororo,Bisenga,Residential,Active,2023-06-12,-1.826825,30.095799
CUST-004357,Gasabo,Rusororo,Kinyana,Residential,Active,2022-02-16,-1.86175,30.121434
CUST-004358,Nyarugenge,Kimisagara,Kamuhoza,Residential,Active,2024-06-01,-2.001267,30.034698
CUST-004359,Nyarugenge,Gitega,Kinyange,Residential,Suspended,2024-09-01,-1.974503,30.043725
CUST-004360,Gasabo,Rusororo,Kabuga I,Residential,Active,2022-06-18,-1.898845,30.100127
CUST-004361,Gasabo,Bumbogo,Mvuzo,Residential,Active,2020-08-18,-1.839632,30.176703
CUST-004362,Nyarugenge,Mageragere,Mataba,Residential,Active,2020-06-09,-1.957952,29.984009
CUST-004363,Gasabo,Rusororo,Nyagahinga,Non-Residential,Active,2025-04-26,-1.89224,30.125097
CUST-004364,Kicukiro,Kigarama,Bwerankori,Residential,Active,2024-03-25,-1.994154,30.068309
CUST-004365,Kicukiro,Gatenga,Nyanza,Residential,Active,2020-03-28,-1.987864,30.099055
CUST-004366,Kicukiro,Gatenga,Gatenga,Residential,Active,2025-08-23,-2.006228,30.083945
CUST-004367,Gasabo,Kacyiru,Kibaza,Residential,Active,2025-11-06,-1.861479,30.162328
CUST-004368,Gasabo,Kimironko,Kibagabaga,Residential,Active,2021-08-31,-1.843119,30.072677
CUST-004369,Gasabo,Bumbogo,Nyagasozi,Residential,Active,2022-06-06,-1.903645,30.11591
CUST-004370,Gasabo,Kimironko,Kibagabaga,Residential,Active,2020-07-06,-1.840536,30.060102
CUST-004371,Gasabo,Nduba,Shango,Residential,Active,2025-10-25,-1.888169,30.109465
CUST-004372,Kicukiro,Masaka,Cyimo,Residential,Active,2021-06-17,-1.970175,30.101237
CUST-004373,Gasabo,Nduba,Gasura,Residential,Active,2020-04-09,-1.869237,30.117002
CUST-004374,Gasabo,Jali,Agateko,Residential,Disconnected,2020-07-11,-1.806117,30.103447
CUST-004375,Gasabo,Remera,Nyabisindu,Residential,Active,2021-05-18,-1.845082,30.085769
CUST-004376,Gasabo,Gikomero,Gicaca,Residential,Active,2021-06-13,-1.849167,30.13519
CUST-004377,Gasabo,Jali,Nyabuliba,Residential,Active,2025-10-20,-1.87861,30.120334
CUST-004378,Gasabo,Jali,Agateko,Residential,Active,2020-01-28,-1.942468,30.177036
CUST-004379,Gasabo,Rutunga,Indatemwa,Residential,Active,2021-06-02,-1.840389,30.165428
CUST-004380,Nyarugenge,Nyarugenge,Agatare,Residential,Active,2023-12-20,-2.00942,30.08909
CUST-004381,Kicukiro,Kicukiro,Ngoma,Residential,Active,2023-08-10,-1.955545,30.15142
CUST-004382,Kicukiro,Gatenga,Gatenga,Residential,Active,2023-12-10,-2.028894,30.081257
CUST-004383,Gasabo,Nduba,Sha,Residential,Active,2020-03-03,-1.883445,30.137373
CUST-004384,Nyarugenge,Mageragere,Nyarurenzi,Residential,Active,2021-03-01,-1.891662,30.037469
CUST-004385,Gasabo,Jali,Muko,Residential,Transferred,2024-03-02,-1.884305,30.106313
CUST-004386,Kicukiro,Kicukiro,Ngoma,Residential,Active,2021-01-30,-2.00022,30.099928
CUST-004387,Nyarugenge,Nyarugenge,Agatare,Non-Residential,Active,2023-06-11,-1.943209,30.047513
CUST-004388,Gasabo,Jali,Nyamitanga,Residential,Active,2023-04-07,-1.872553,30.111838
CUST-004389,Kicukiro,Gahanga,Rwabutenge,Non-Residential,Active,2024-09-30,-1.984763,30.063798
CUST-004390,Gasabo,Remera,Rukiri II,Residential,Active,2020-05-25,-1.926112,30.076345
CUST-004391,Nyarugenge,Mageragere,Runzenze,Residential,Active,2025-01-16,-1.974431,30.084602
CUST-004392,Nyarugenge,Muhima,Tetero,Residential,Active,2022-01-31,-1.969093,30.057386
CUST-004393,Gasabo,Kacyiru,Kamutwa,Residential,Active,2022-07-23,-1.915741,30.12236
CUST-004394,Kicukiro,Kagarama,Rukatsa,Residential,Active,2022-03-11,-1.97261,30.077126
CUST-004395,Kicukiro,Masaka,Mbabe,Residential,Active,2023-02-26,-1.934002,30.081398
CUST-004396,Kicukiro,Kigarama,Bwerankori,Residential,Active,2021-01-31,-1.936447,30.104496
CUST-004397,Gasabo,Rusororo,Nyagahinga,Residential,Active,2023-10-19,-1.947501,30.06821
CUST-004398,Gasabo,Gatsata,Nyamugari,Residential,Active,2020-03-03,-1.886489,30.095154
CUST-004399,Nyarugenge,Kigali,Kigali,Residential,Active,2023-08-25,-1.973353,30.072137
CUST-004400,Gasabo,Kimihurura,Kimihurura,Residential,Active,2020-12-12,-1.874527,30.131415
CUST-004401,Gasabo,Nduba,Gasanze,Residential,Suspended,2023-09-15,-1.877769,30.114251
CUST-004402,Gasabo,Kimihurura,Kamukina,Residential,Disconnected,2023-08-04,-1.878568,30.14344
CUST-004403,Nyarugenge,Muhima,Ubumwe,Residential,Active,2020-07-19,-1.955732,30.065332
CUST-004404,Gasabo,Kacyiru,Kamatamu,Residential,Active,2021-08-16,-1.92986,30.109874
CUST-004405,Nyarugenge,Kanyinya,Taba,Residential,Active,2021-11-09,-1.976902,30.067885
CUST-004406,Kicukiro,Masaka,Cyimo,Residential,Active,2020-04-08,-1.915078,30.095513
CUST-004407,Kicukiro,Gahanga,Karembure,Residential,Active,2023-09-14,-1.988724,30.075064
CUST-004408,Kicukiro,Kagarama,Muyange,Residential,Active,2024-03-22,-1.996391,30.102699
CUST-004409,Kicukiro,Masaka,Cyimo,Residential,Active,2023-09-25,-1.975413,30.062763
CUST-004410,Kicukiro,Niboye,Niboye,Residential,Active,2024-10-04,-1.9756,30.071332
CUST-004411,Gasabo,Jabana,Kidashya,Residential,Active,2022-05-20,-1.865331,30.100554
CUST-004412,Kicukiro,Kagarama,Kanserege,Industries,Active,2024-06-21,-1.935599,30.095476
CUST-004413,Kicukiro,Niboye,Nyakabanda,Residential,Active,2021-11-14,-1.93673,30.058902
CUST-004414,Gasabo,Jali,Buhiza,Residential,Active,2023-08-04,-1.888402,30.145056
CUST-004415,Gasabo,Kimihurura,Rugando,Residential,Disconnected,2024-09-20,-1.858011,30.119693
CUST-004416,Gasabo,Bumbogo,Mvuzo,Residential,Active,2023-03-24,-1.881511,30.137649
CUST-004417,Gasabo,Ndera,Cyaruzinge,Residential,Active,2024-04-15,-1.87895,30.217693
CUST-004418,Gasabo,Rusororo,Kinyana,Residential,Disconnected,2022-03-10,-1.870376,30.143053
CUST-004419,Kicukiro,Kicukiro,Kagina,Residential,Active,2020-08-05,-1.99398,30.076551
CUST-004420,Gasabo,Rutunga,Indatemwa,Residential,Active,2023-10-04,-1.824043,30.159656
CUST-004421,Kicukiro,Gatenga,Nyarurama,Residential,Active,2021-06-11,-1.944492,30.186985
CUST-004422,Gasabo,Bumbogo,Kinyaga,Residential,Active,2022-04-15,-1.934365,30.06918
CUST-004423,Gasabo,Rusororo,Bisenga,Non-Residential,Active,2025-02-04,-1.856758,30.162923
CUST-004424,Gasabo,Jali,Nyakabungo,Residential,Active,2020-07-17,-1.863092,30.136055
CUST-004425,Nyarugenge,Nyakabanda,Nyakabanda II,Residential,Active,2020-09-03,-1.946774,30.0867
CUST-004426,Nyarugenge,Muhima,Kabasengerezi,Residential,Active,2023-06-11,-1.996479,30.04826
CUST-004427,Kicukiro,Gatenga,Karambo,Residential,Active,2023-11-05,-1.980412,30.084456
CUST-004428,Kicukiro,Kicukiro,Gasharu,Residential,Active,2024-06-25,-1.967806,30.135602
CUST-004429,Nyarugenge,Kimisagara,Kamuhoza,Residential,Active,2023-07-06,-1.937119,30.016979
CUST-004430,Gasabo,Jali,Agateko,Residential,Active,2020-08-19,-1.898616,30.162839
CUST-004431,Nyarugenge,Nyakabanda,Nyakabanda I,Residential,Active,2020-09-01,-1.906963,29.999207
CUST-004432,Kicukiro,Gikondo,Kagunga,Residential,Active,2021-10-21,-2.00099,30.07874
CUST-004433,Kicukiro,Niboye,Gatare,Public Taps,Active,2023-05-15,-1.975372,30.091846
CUST-004434,Kicukiro,Masaka,Ayabaraya,Residential,Active,2022-11-07,-1.943418,30.076557
CUST-004435,Kicukiro,Kanombe,Karama,Residential,Active,2020-08-29,-2.020991,30.111173
CUST-004436,Nyarugenge,Gitega,Gacyamo,Residential,Active,2021-05-21,-1.950699,30.082085
CUST-004437,Gasabo,Ndera,Cyaruzinge,Residential,Active,2021-10-14,-1.926817,30.150922
CUST-004438,Gasabo,Rusororo,Bisenga,Residential,Active,2020-01-07,-1.911336,30.098977
CUST-004439,Nyarugenge,Gitega,Kinyange,Residential,Active,2020-07-20,-1.979589,30.076692
CUST-004440,Nyarugenge,Nyamirambo,Cyivugiza,Residential,Active,2025-07-11,-1.97873,30.099618
CUST-004441,Nyarugenge,Nyakabanda,Nyakabanda II,Residential,Active,2021-03-08,-1.986484,30.029969
CUST-004442,Gasabo,Kimihurura,Rugando,Residential,Active,2020-08-31,-1.883628,30.120649
CUST-004443,Gasabo,Nduba,Butare,Residential,Suspended,2024-06-01,-1.8849,30.146781
CUST-004444,Gasabo,Jali,Muko,Residential,Disconnected,2025-08-19,-1.890929,30.13984
CUST-004445,Gasabo,Bumbogo,Nkuzuzu,Public Taps,Active,2022-05-22,-1.844843,30.110016
CUST-004446,Kicukiro,Kagarama,Muyange,Residential,Active,2021-05-06,-1.978383,30.110388
CUST-004447,Kicukiro,Gahanga,Rwabutenge,Residential,Active,2024-06-29,-1.948341,30.148609
CUST-004448,Gasabo,Gikomero,Gicaca,Residential,Active,2021-08-18,-1.920965,30.154432
CUST-004449,Gasabo,Jali,Agateko,Residential,Active,2022-09-07,-1.888205,30.093238
CUST-004450,Gasabo,Rutunga,Indatemwa,Residential,Active,2021-02-03,-1.879747,30.125004
CUST-004451,Kicukiro,Niboye,Gatare,Residential,Active,2024-06-16,-1.987295,30.093426
CUST-004452,Kicukiro,Niboye,Nyakabanda,Residential,Active,2021-01-22,-1.986742,30.109242
CUST-004453,Nyarugenge,Muhima,Amahoro,Residential,Active,2024-04-10,-1.963902,30.076021
CUST-004454,Gasabo,Rutunga,Gasabo,Residential,Active,2020-02-01,-1.86343,30.163482
CUST-004455,Gasabo,Jali,Nkusi,Residential,Suspended,2021-12-02,-1.909045,30.107262
CUST-004456,Gasabo,Ndera,Cyaruzinge,Residential,Active,2024-04-24,-1.817599,30.18106
CUST-004457,Gasabo,Rusororo,Gasagara,Residential,Active,2025-04-26,-1.923522,30.169601
CUST-004458,Kicukiro,Nyarugunga,Rwimbogo,Residential,Active,2022-10-09,-2.024327,30.091709
CUST-004459,Gasabo,Gatsata,Karuruma,Non-Residential,Active,2024-12-12,-1.833224,30.16238
CUST-004460,Nyarugenge,Muhima,Amahoro,Residential,Active,2023-06-23,-1.958082,30.078265
CUST-004461,Kicukiro,Kigarama,Bwerankori,Residential,Active,2023-01-16,-1.954955,30.082999
CUST-004462,Nyarugenge,Nyamirambo,Mumena,Residential,Active,2021-07-02,-2.006664,30.035436
CUST-004463,Gasabo,Kinyinya,Murama,Residential,Disconnected,2021-12-04,-1.905399,30.138241
CUST-004464,Gasabo,Bumbogo,Nyagasozi,Residential,Active,2025-06-06,-1.8784,30.149619
CUST-004465,Nyarugenge,Muhima,Tetero,Residential,Suspended,2021-08-04,-1.957012,30.034054
CUST-004466,Nyarugenge,Muhima,Kabasengerezi,Residential,Transferred,2021-09-14,-1.94746,30.061068
CUST-004467,Gasabo,Kimironko,Kibagabaga,Residential,Active,2022-08-16,-1.85945,30.125824
CUST-004468,Nyarugenge,Mageragere,Nyarurenzi,Residential,Active,2023-06-16,-1.942533,30.132451
CUST-004469,Gasabo,Gisozi,Musezero,Residential,Suspended,2022-12-27,-1.897629,30.136166
CUST-004470,Nyarugenge,Nyarugenge,Kiyovu,Residential,Active,2021-06-11,-1.955175,30.069439
CUST-004471,Nyarugenge,Kigali,Kigali,Residential,Active,2022-12-06,-1.873621,30.066415
CUST-004472,Nyarugenge,Nyamirambo,Rugarama,Residential,Active,2020-09-21,-1.922582,30.072109
CUST-004473,Gasabo,Jabana,Kabuye,Residential,Active,2022-08-18,-1.893909,30.129865
CUST-004474,Nyarugenge,Mageragere,Runzenze,Residential,Disconnected,2020-10-07,-1.962415,30.054802
CUST-004475,Nyarugenge,Nyakabanda,Nyakabanda II,Residential,Active,2024-04-15,-1.9599,30.069779
CUST-004476,Nyarugenge,Kigali,Nyabugogo,Residential,Active,2024-09-20,-1.906941,30.071572
CUST-004477,Gasabo,Kimihurura,Kamukina,Residential,Disconnected,2025-11-22,-1.859796,30.159979
CUST-004478,Gasabo,Rusororo,Kabuga I,Residential,Suspended,2020-05-08,-1.885318,30.064021
CUST-004479,Kicukiro,Gahanga,Rwabutenge,Residential,Active,2024-08-12,-1.945101,30.13178
CUST-004480,Gasabo,Rutunga,Kacyatwa,Residential,Active,2021-04-21,-1.894307,30.12853
CUST-004481,Kicukiro,Kagarama,Muyange,Residential,Active,2022-10-14,-1.987852,30.165248
CUST-004482,Gasabo,Ndera,Masoro,Residential,Active,2020-04-09,-1.862254,30.128218
CUST-004483,Kicukiro,Nyarugunga,Kamashashi,Residential,Transferred,2021-11-13,-1.960743,30.145131
CUST-004484,Kicukiro,Kicukiro,Ngoma,Residential,Active,2022-09-28,-1.974853,30.118889
CUST-004485,Gasabo,Gatsata,Nyamugari,Residential,Active,2022-10-13,-1.88548,30.171401
CUST-004486,Gasabo,Jali,Muko,Residential,Disconnected,2023-05-03,-1.895728,30.127283
CUST-004487,Nyarugenge,Kigali,Nyabugogo,Residential,Active,2023-08-22,-1.960285,30.091253
CUST-004488,Nyarugenge,Mageragere,Mataba,Industries,Active,2020-10-05,-1.929501,30.068659
CUST-004489,Kicukiro,Masaka,Cyimo,Residential,Active,2020-11-16,-1.956196,30.118931
CUST-004490,Nyarugenge,Rwezamenyo,Rwezamenyo I,Residential,Active,2025-09-27,-1.956406,30.104387
CUST-004491,Nyarugenge,Rwezamenyo,Kabuguru I,Residential,Active,2023-03-23,-1.967144,30.058285
CUST-004492,Nyarugenge,Mageragere,Nyarurenzi,Residential,Active,2024-12-04,-1.975598,30.071999
CUST-004493,Gasabo,Jali,Nyabuliba,Residential,Active,2025-02-28,-1.888048,30.145718
CUST-004494,Nyarugenge,Mageragere,Nyarurenzi,Residential,Active,2025-03-08,-2.018004,30.045789
CUST-004495,Gasabo,Gikomero,Munini,Residential,Suspended,2023-09-21,-1.842623,30.120208
CUST-004496,Kicukiro,Gahanga,Karembure,Residential,Active,2023-10-17,-1.985133,30.066033
CUST-004497,Kicukiro,Kigarama,Karugira,Residential,Active,2024-03-01,-1.97229,30.055954
CUST-004498,Nyarugenge,Mageragere,Ntungamo,Residential,Active,2020-02-02,-1.94487,30.057873
CUST-004499,Nyarugenge,Muhima,Tetero,Residential,Active,2022-03-06,-2.022844,30.073281
CUST-004500,Gasabo,Gatsata,Nyamabuye,Residential,Active,2025-05-25,-1.851868,30.088103
CUST-004501,Nyarugenge,Kanyinya,Nzove,Residential,Active,2024-08-29,-1.934538,30.02443
CUST-004502,Nyarugenge,Mageragere,Runzenze,Residential,Active,2021-06-08,-1.949088,30.063592
CUST-004503,Gasabo,Jali,Nyakabungo,Residential,Transferred,2021-08-17,-1.859539,30.121075
CUST-004504,Gasabo,Rusororo,Mbandazi,Residential,Active,2024-09-20,-1.930045,30.050792
CUST-004505,Kicukiro,Masaka,Ayabaraya,Residential,Active,2025-07-19,-1.946128,30.134549
CUST-004506,Nyarugenge,Muhima,Tetero,Residential,Active,2022-07-30,-1.960755,30.050341
CUST-004507,Gasabo,Kimihurura,Rugando,Residential,Active,2020-05-29,-1.907695,30.134794
CUST-004508,Kicukiro,Gahanga,Rwabutenge,Residential,Active,2024-08-25,-1.97186,30.133336
CUST-004509,Gasabo,Kacyiru,Kamutwa,Public Taps,Active,2023-10-14,-1.922302,30.110506
CUST-004510,Gasabo,Kinyinya,Gasharu,Residential,Active,2020-03-11,-1.911485,30.147162
CUST-004511,Nyarugenge,Muhima,Rugenge,Residential,Active,2022-05-09,-1.941539,30.064497
CUST-004512,Kicukiro,Kagarama,Muyange,Residential,Active,2023-08-13,-1.981053,30.076629
CUST-004513,Gasabo,Rusororo,Ruhanga,Residential,Disconnected,2024-04-09,-1.839705,30.13097
CUST-004514,Kicukiro,Kanombe,Busanza,Residential,Active,2021-01-05,-1.965686,30.14014
CUST-004515,Gasabo,Kinyinya,Gasharu,Residential,Suspended,2021-03-12,-1.902134,30.102441
CUST-004516,Nyarugenge,Gitega,Kinyange,Residential,Transferred,2025-03-08,-1.949399,30.034435
CUST-004517,Kicukiro,Gahanga,Kagasa,Residential,Active,2025-10-05,-2.018981,30.103716
CUST-004518,Gasabo,Kacyiru,Kamutwa,Residential,Active,2025-11-23,-1.844193,30.131144
CUST-004519,Nyarugenge,Nyakabanda,Munanira I,Residential,Active,2025-02-12,-1.995894,30.015651
CUST-004520,Kicukiro,Gikondo,Kanserege,Residential,Active,2022-09-26,-1.928489,30.094562
CUST-004521,Gasabo,Nduba,Muremure,Residential,Active,2025-05-29,-1.903702,30.163673
CUST-004522,Gasabo,Remera,Nyabisindu,Residential,Active,2025-02-12,-1.854853,30.15163
CUST-004523,Gasabo,Kimironko,Nyagatovu,Residential,Active,2023-04-07,-1.872325,30.119856
CUST-004524,Kicukiro,Kanombe,Kabeza,Residential,Active,2023-08-16,-1.980054,30.118975
CUST-004525,Kicukiro,Gahanga,Nunga,Residential,Active,2022-10-09,-1.973661,30.076219
CUST-004526,Kicukiro,Gikondo,Kagunga,Residential,Active,2021-12-19,-1.936608,30.082252
CUST-004527,Nyarugenge,Nyamirambo,Rugarama,Residential,Active,2024-12-30,-1.989451,30.047861
CUST-004528,Nyarugenge,Kigali,Ruriba,Residential,Active,2022-02-09,-2.042824,30.025011
CUST-004529,Gasabo,Bumbogo,Kinyaga,Residential,Active,2020-08-01,-1.878155,30.165796
CUST-004530,Gasabo,Kimihurura,Rugando,Residential,Active,2021-07-13,-1.882974,30.148321
CUST-004531,Gasabo,Bumbogo,Nkuzuzu,Residential,Active,2022-07-22,-1.892208,30.164994
CUST-004532,Nyarugenge,Kanyinya,Nyamweru,Residential,Active,2020-09-03,-2.02913,30.056978
CUST-004533,Gasabo,Nduba,Shango,Residential,Active,2024-05-13,-1.909719,30.140604
CUST-004534,Kicukiro,Kicukiro,Kicukiro,Residential,Active,2021-03-14,-1.974332,30.081112
CUST-004535,Nyarugenge,Gitega,Akabahizi,Residential,Active,2023-03-02,-1.997668,29.996425
CUST-004536,Gasabo,Jabana,Bweramvura,Residential,Active,2021-09-17,-1.852761,30.166308
CUST-004537,Gasabo,Kacyiru,Kibaza,Non-Residential,Active,2022-10-13,-1.891677,30.115374
CUST-004538,Gasabo,Jabana,Bweramvura,Residential,Active,2023-04-19,-1.94649,30.14921
CUST-004539,Gasabo,Nduba,Muremure,Residential,Active,2025-03-20,-1.898902,30.057549
CUST-004540,Nyarugenge,Nyamirambo,Gasharu,Residential,Active,2023-07-29,-1.923585,30.063488
CUST-004541,Kicukiro,Gahanga,Karembure,Residential,Active,2020-03-25,-1.96714,30.04599
CUST-004542,Kicukiro,Niboye,Nyakabanda,Residential,Active,2021-01-29,-1.99429,30.092818
CUST-004543,Gasabo,Nduba,Gatunga,Residential,Active,2024-07-28,-1.873856,30.141777
CUST-004544,Gasabo,Bumbogo,Mvuzo,Residential,Active,2022-06-26,-1.847516,30.122326
CUST-004545,Gasabo,Nduba,Butare,Residential,Active,2024-02-08,-1.866938,30.176545
CUST-004546,Kicukiro,Nyarugunga,Nonko,Residential,Active,2024-03-10,-1.967658,30.065022
CUST-004547,Nyarugenge,Kimisagara,Kamuhoza,Residential,Active,2020-11-29,-1.994345,30.0709
CUST-004548,Nyarugenge,Kimisagara,Katabaro,Residential,Active,2025-09-18,-1.922555,30.055784
CUST-004549,Gasabo,Rusororo,Nyagahinga,Residential,Active,2021-09-16,-1.874719,30.094202
CUST-004550,Nyarugenge,Muhima,Rugenge,Residential,Active,2022-01-09,-1.99732,30.113946
CUST-004551,Gasabo,Ndera,Bwiza,Residential,Active,2022-04-22,-1.877448,30.164464
CUST-004552,Nyarugenge,Gitega,Akabeza,Residential,Active,2023-02-23,-1.931338,30.091275
CUST-004553,Kicukiro,Kicukiro,Ngoma,Residential,Active,2020-09-06,-1.972284,30.140028
CUST-004554,Nyarugenge,Kimisagara,Katabaro,Residential,Active,2024-11-17,-1.968207,30.103818
CUST-004555,Gasabo,Kinyinya,Gasharu,Industries,Active,2022-02-02,-1.926643,30.14466
CUST-004556,Gasabo,Jali,Muko,Residential,Suspended,2023-02-28,-1.901472,30.142798
CUST-004557,Kicukiro,Gatenga,Karambo,Public Taps,Active,2024-11-14,-2.035465,30.114065
CUST-004558,Nyarugenge,Gitega,Gacyamo,Residential,Active,2022-10-23,-1.954447,30.056422
CUST-004559,Gasabo,Nduba,Gasura,Residential,Active,2022-01-17,-1.922933,30.106746
CUST-004560,Nyarugenge,Mageragere,Runzenze,Residential,Active,2021-05-20,-1.977282,30.049571
CUST-004561,Gasabo,Remera,Nyarutarama,Residential,Active,2021-11-18,-1.867882,30.144112
CUST-004562,Nyarugenge,Rwezamenyo,Rwezamenyo I,Residential,Active,2025-03-26,-1.981315,30.058992
CUST-004563,Nyarugenge,Muhima,Amahoro,Residential,Suspended,2024-08-22,-1.965889,30.072272
CUST-004564,Kicukiro,Kigarama,Karugira,Residential,Active,2023-11-06,-1.992829,30.129996
CUST-004565,Kicukiro,Gatenga,Nyarurama,Residential,Suspended,2023-06-10,-2.000257,30.194135
CUST-004566,Kicukiro,Masaka,Gako,Residential,Suspended,2021-03-29,-2.016694,30.114283
CUST-004567,Kicukiro,Masaka,Cyimo,Residential,Active,2024-09-30,-1.977533,30.081097
CUST-004568,Gasabo,Jabana,Bweramvura,Public Taps,Active,2023-07-07,-1.903134,30.161513
CUST-004569,Kicukiro,Gikondo,Kanserege,Residential,Active,2024-07-11,-1.970488,30.141404
CUST-004570,Gasabo,Bumbogo,Nyagasozi,Residential,Active,2021-01-05,-1.888482,30.151139
CUST-004571,Gasabo,Kacyiru,Kibaza,Residential,Active,2023-11-07,-1.87163,30.13668
CUST-004572,Gasabo,Jabana,Akamatamu,Residential,Active,2023-01-07,-1.888792,30.085925
CUST-004573,Gasabo,Rutunga,Gasabo,Residential,Disconnected,2024-08-20,-1.844417,30.113919
CUST-004574,Nyarugenge,Kigali,Kigali,Residential,Active,2020-01-23,-2.016561,30.022263
CUST-004575,Gasabo,Kimihurura,Rugando,Residential,Active,2020-07-08,-1.843053,30.175197
CUST-004576,Nyarugenge,Kigali,Mwendo,Residential,Active,2025-12-29,-2.008543,30.09519
CUST-004577,Nyarugenge,Mageragere,Kavumu,Residential,Active,2024-12-01,-1.953586,30.066285
CUST-004578,Gasabo,Gisozi,Musezero,Residential,Active,2025-07-18,-1.868446,30.060385
CUST-004579,Nyarugenge,Kigali,Mwendo,Residential,Suspended,2023-04-11,-1.969394,30.043065
CUST-004580,Gasabo,Jali,Agateko,Residential,Active,2020-07-12,-1.925673,30.132397
CUST-004581,Gasabo,Kinyinya,Murama,Residential,Active,2025-08-12,-1.898685,30.112242
CUST-004582,Nyarugenge,Rwezamenyo,Kabuguru I,Residential,Active,2022-09-17,-1.938221,30.045201
CUST-004583,Gasabo,Ndera,Mukuyu,Residential,Active,2022-05-29,-1.850535,30.126239
CUST-004584,Gasabo,Nduba,Gasanze,Residential,Active,2022-12-12,-1.824543,30.126194
CUST-004585,Gasabo,Rutunga,Kigabiro,Residential,Disconnected,2021-11-03,-1.946805,30.129625
CUST-004586,Nyarugenge,Mageragere,Runzenze,Residential,Active,2020-02-26,-1.981773,30.077721
CUST-004587,Nyarugenge,Muhima,Ubumwe,Residential,Active,2024-09-30,-1.930982,30.038868
CUST-004588,Gasabo,Bumbogo,Nyagasozi,Residential,Active,2024-04-08,-1.886075,30.135383
CUST-004589,Gasabo,Ndera,Rudashya,Residential,Active,2023-04-11,-1.886994,30.148407
CUST-004590,Nyarugenge,Nyarugenge,Agatare,Residential,Active,2023-06-04,-1.997791,30.044431
CUST-004591,Kicukiro,Kanombe,Karama,Residential,Active,2023-12-06,-2.040019,30.126219
CUST-004592,Gasabo,Rutunga,Kigabiro,Public Taps,Active,2025-06-05,-1.933766,30.110331
CUST-004593,Kicukiro,Kigarama,Bwerankori,Residential,Active,2022-02-14,-1.971317,30.100292
CUST-004594,Kicukiro,Gahanga,Nunga,Residential,Active,2020-02-01,-1.957694,30.115794
CUST-004595,Nyarugenge,Kigali,Kigali,Residential,Transferred,2024-05-24,-2.010814,30.081134
CUST-004596,Gasabo,Ndera,Kibenga,Residential,Active,2023-08-09,-1.831181,30.171698
CUST-004597,Nyarugenge,Nyamirambo,Cyivugiza,Residential,Active,2025-03-04,-1.988635,30.070274
CUST-004598,Gasabo,Kinyinya,Gasharu,Residential,Active,2021-01-24,-1.873165,30.087127
CUST-004599,Nyarugenge,Kanyinya,Taba,Residential,Active,2020-10-04,-2.035309,30.098997
CUST-004600,Nyarugenge,Rwezamenyo,Kabuguru II,Residential,Active,2023-11-15,-1.983352,30.032775
CUST-004601,Nyarugenge,Gitega,Gacyamo,Residential,Active,2025-08-01,-2.000921,30.078415
CUST-004602,Gasabo,Rutunga,Gasabo,Residential,Active,2023-04-30,-1.884323,30.134422
CUST-004603,Gasabo,Rutunga,Kabaliza,Residential,Active,2024-02-28,-1.873556,30.159234
CUST-004604,Gasabo,Rusororo,Nyagahinga,Residential,Active,2020-12-24,-1.88666,30.135743
CUST-004605,Nyarugenge,Muhima,Tetero,Residential,Active,2020-12-08,-1.934813,30.037464
CUST-004606,Gasabo,Jali,Nyamitanga,Residential,Suspended,2025-01-06,-1.877031,30.121467
CUST-004607,Gasabo,Jali,Buhiza,Non-Residential,Suspended,2025-05-23,-1.852071,30.137159
CUST-004608,Nyarugenge,Muhima,Rugenge,Residential,Active,2021-11-24,-1.968311,30.1116
CUST-004609,Kicukiro,Kigarama,Nyarurama,Residential,Active,2025-03-03,-1.933452,30.049036
CUST-004610,Gasabo,Gatsata,Nyamabuye,Residential,Active,2025-03-29,-1.890061,30.125749
CUST-004611,Gasabo,Remera,Nyarutarama,Residential,Active,2025-02-04,-1.893287,30.085494
CUST-004612,Kicukiro,Nyarugunga,Nonko,Residential,Active,2025-02-02,-1.992139,30.123409
CUST-004613,Gasabo,Bumbogo,Kinyaga,Residential,Active,2023-06-06,-1.900953,30.181347
CUST-004614,Gasabo,Kimihurura,Kamukina,Residential,Active,2023-04-25,-1.844364,30.145908
CUST-004615,Kicukiro,Kagarama,Kanserege,Residential,Active,2020-07-21,-1.961169,30.081381
CUST-004616,Kicukiro,Kicukiro,Gasharu,Residential,Active,2022-05-10,-1.98001,30.090795
CUST-004617,Nyarugenge,Gitega,Akabeza,Residential,Active,2020-08-21,-1.917457,30.050438
CUST-004618,Gasabo,Kacyiru,Kamutwa,Residential,Active,2025-09-10,-1.834731,30.16039
CUST-004619,Gasabo,Ndera,Cyaruzinge,Residential,Active,2021-09-19,-1.876341,30.129206
CUST-004620,Kicukiro,Gikondo,Kanserege,Residential,Active,2024-02-28,-2.006447,30.12564
CUST-004621,Kicukiro,Kicukiro,Kicukiro,Residential,Active,2021-07-21,-1.939411,30.070643
CUST-004622,Nyarugenge,Nyamirambo,Rugarama,Residential,Active,2025-01-12,-1.957631,30.070528
CUST-004623,Kicukiro,Masaka,Cyimo,Residential,Active,2022-11-11,-2.005544,30.128645
CUST-004624,Gasabo,Kimironko,Kibagabaga,Residential,Active,2024-01-09,-1.885727,30.095172
CUST-004625,Gasabo,Jali,Buhiza,Residential,Active,2022-01-10,-1.837098,30.1392
CUST-004626,Gasabo,Nduba,Muremure,Residential,Active,2025-11-01,-1.879094,30.149858
CUST-004627,Nyarugenge,Gitega,Kora,Residential,Active,2025-03-31,-1.993141,30.027451
CUST-004628,Gasabo,Jali,Buhiza,Residential,Active,2025-03-11,-1.844065,30.138329
CUST-004629,Nyarugenge,Nyarugenge,Agatare,Residential,Active,2022-12-30,-1.965101,30.012572
CUST-004630,Nyarugenge,Rwezamenyo,Rwezamenyo II,Residential,Active,2020-04-09,-1.979855,30.057253
CUST-004631,Gasabo,Kinyinya,Gasharu,Residential,Active,2023-11-04,-1.880283,30.131066
CUST-004632,Kicukiro,Kagarama,Rukatsa,Residential,Active,2023-08-16,-1.894634,30.144196
CUST-004633,Nyarugenge,Gitega,Kinyange,Residential,Active,2020-01-10,-1.937602,30.03206
CUST-004634,Gasabo,Gikomero,Munini,Residential,Active,2021-10-26,-1.81758,30.153039
CUST-004635,Nyarugenge,Kigali,Nyabugogo,Residential,Active,2020-05-05,-1.973646,30.021359
CUST-004636,Nyarugenge,Mageragere,Ntungamo,Residential,Suspended,2023-04-03,-2.034686,30.085597
CUST-004637,Gasabo,Rusororo,Ruhanga,Residential,Active,2021-02-10,-1.882538,30.100406
CUST-004638,Gasabo,Ndera,Cyaruzinge,Residential,Active,2024-08-22,-1.859455,30.164529
CUST-004639,Nyarugenge,Rwezamenyo,Rwezamenyo I,Residential,Active,2022-11-04,-1.976057,30.033895
CUST-004640,Kicukiro,Kicukiro,Ngoma,Residential,Active,2023-10-07,-1.965536,30.080145
CUST-004641,Gasabo,Gatsata,Karuruma,Residential,Suspended,2022-10-06,-1.909629,30.12516
CUST-004642,Kicukiro,Masaka,Gako,Residential,Active,2025-12-09,-1.988183,30.140144
CUST-004643,Kicukiro,Gatenga,Gatenga,Residential,Active,2025-01-02,-2.005262,30.133035
CUST-004644,Gasabo,Ndera,Kibenga,Residential,Active,2023-04-25,-1.901913,30.16056
CUST-004645,Gasabo,Kimironko,Nyagatovu,Residential,Active,2025-04-09,-1.896612,30.123483
CUST-004646,Nyarugenge,Gitega,Gacyamo,Residential,Active,2020-04-24,-1.966629,30.05123
CUST-004647,Gasabo,Gikomero,Gasagara,Residential,Active,2024-11-26,-1.818652,30.131808
CUST-004648,Nyarugenge,Nyarugenge,Biryogo,Residential,Active,2025-10-24,-1.996299,30.030848
CUST-004649,Gasabo,Gikomero,Kibara,Residential,Active,2022-02-05,-1.886423,30.121942
CUST-004650,Nyarugenge,Mageragere,Kankuba,Residential,Active,2025-05-19,-1.997862,30.077262
CUST-004651,Gasabo,Ndera,Rudashya,Residential,Suspended,2020-11-03,-1.882544,30.10155
CUST-004652,Gasabo,Kimironko,Nyagatovu,Residential,Disconnected,2025-10-16,-1.893372,30.208544
CUST-004653,Gasabo,Kinyinya,Murama,Residential,Active,2025-04-11,-1.870167,30.144011
CUST-004654,Kicukiro,Gikondo,Kanserege,Residential,Transferred,2020-12-05,-1.993355,30.094742
CUST-004655,Nyarugenge,Rwezamenyo,Kabuguru II,Residential,Active,2023-02-28,-1.984804,30.033698
CUST-004656,Gasabo,Kimihurura,Kimihurura,Residential,Active,2020-06-05,-1.922241,30.159336
CUST-004657,Gasabo,Kinyinya,Gacuriro,Residential,Active,2021-08-20,-1.85051,30.139982
CUST-004658,Gasabo,Gikomero,Murambi,Residential,Suspended,2023-07-23,-1.812115,30.106067
CUST-004659,Gasabo,Jabana,Ngiryi,Residential,Active,2022-04-21,-1.867386,30.166482
CUST-004660,Kicukiro,Gatenga,Nyarurama,Residential,Active,2024-07-22,-1.972611,30.131725
CUST-004661,Nyarugenge,Muhima,Rugenge,Residential,Active,2023-04-05,-1.933405,30.086585
CUST-004662,Gasabo,Bumbogo,Nyagasozi,Residential,Suspended,2025-04-13,-1.920238,30.129102
CUST-004663,Gasabo,Rusororo,Gasagara,Residential,Active,2021-10-10,-1.878766,30.149488
CUST-004664,Gasabo,Nduba,Muremure,Residential,Active,2021-10-28,-1.874078,30.162506
CUST-004665,Gasabo,Ndera,Rudashya,Residential,Active,2025-03-17,-1.925863,30.149417
CUST-004666,Kicukiro,Kigarama,Karugira,Non-Residential,Active,2025-07-05,-1.990707,30.106684
CUST-004667,Nyarugenge,Gitega,Kigarama,Residential,Active,2025-10-23,-1.950117,30.033003
CUST-004668,Kicukiro,Kanombe,Rubirizi,Residential,Active,2025-03-16,-1.960068,30.135942
CUST-004669,Gasabo,Jali,Agateko,Residential,Active,2022-09-05,-1.853647,30.123692
CUST-004670,Gasabo,Bumbogo,Nyagasozi,Residential,Active,2025-11-26,-1.894977,30.169953
CUST-004671,Nyarugenge,Nyakabanda,Nyakabanda II,Residential,Active,2023-04-21,-1.946968,30.049759
CUST-004672,Nyarugenge,Rwezamenyo,Kabuguru II,Residential,Active,2025-01-23,-2.000561,30.070799
CUST-004673,Nyarugenge,Kigali,Nyabugogo,Residential,Active,2025-04-04,-1.902876,30.058904
CUST-004674,Gasabo,Kinyinya,Gasharu,Residential,Active,2024-09-07,-1.943969,30.128436
CUST-004675,Gasabo,Bumbogo,Ngara,Residential,Active,2022-03-22,-1.905319,30.151854
CUST-004676,Gasabo,Nduba,Gatunga,Residential,Active,2025-04-26,-1.91408,30.151602
CUST-004677,Gasabo,Rutunga,Kacyatwa,Non-Residential,Active,2024-10-06,-1.889532,30.12497
CUST-004678,Gasabo,Jali,Muko,Residential,Active,2024-05-29,-1.865008,30.114669
CUST-004679,Gasabo,Kacyiru,Kibaza,Residential,Active,2020-08-08,-1.816068,30.166479
CUST-004680,Nyarugenge,Kigali,Nyabugogo,Residential,Active,2024-03-05,-1.955118,30.047316
CUST-004681,Gasabo,Kimironko,Bibare,Residential,Active,2021-05-12,-1.878495,30.136313
CUST-004682,Gasabo,Remera,Rukiri I,Residential,Disconnected,2021-08-22,-1.855607,30.155058
CUST-004683,Gasabo,Rutunga,Kacyatwa,Public Taps,Active,2021-07-13,-1.88239,30.096263
CUST-004684,Nyarugenge,Mageragere,Kavumu,Residential,Active,2024-11-03,-1.938841,30.101007
CUST-004685,Gasabo,Bumbogo,Mvuzo,Residential,Active,2023-03-26,-1.855183,30.189864
CUST-004686,Gasabo,Rusororo,Mbandazi,Industries,Active,2023-07-16,-1.872058,30.151443
CUST-004687,Nyarugenge,Rwezamenyo,Rwezamenyo I,Residential,Active,2020-10-23,-1.975702,30.033555
CUST-004688,Gasabo,Jabana,Bweramvura,Public Taps,Active,2021-01-01,-1.871361,30.102226
CUST-004689,Gasabo,Rutunga,Gasabo,Residential,Active,2025-07-26,-1.877775,30.131997
CUST-004690,Gasabo,Bumbogo,Nkuzuzu,Residential,Active,2022-04-19,-1.888328,30.081964
CUST-004691,Gasabo,Gisozi,Ruhango,Residential,Active,2024-08-26,-1.857491,30.156419
CUST-004692,Gasabo,Jali,Nyabuliba,Residential,Active,2025-04-02,-1.859808,30.099637
CUST-004693,Gasabo,Kimihurura,Kimihurura,Residential,Active,2022-03-21,-1.869708,30.045204
CUST-004694,Kicukiro,Kicukiro,Ngoma,Residential,Active,2022-07-26,-1.947494,30.106279
CUST-004695,Nyarugenge,Rwezamenyo,Kabuguru II,Residential,Active,2021-02-14,-1.979267,30.042981
CUST-004696,Nyarugenge,Kanyinya,Nyamweru,Residential,Active,2021-03-22,-1.953973,30.050761
CUST-004697,Nyarugenge,Kanyinya,Nzove,Residential,Active,2025-04-21,-1.922083,30.078406
CUST-004698,Nyarugenge,Nyamirambo,Rugarama,Residential,Active,2025-10-26,-1.960109,30.039682
CUST-004699,Gasabo,Remera,Rukiri I,Residential,Active,2025-07-21,-1.887221,30.156673
CUST-004700,Kicukiro,Kicukiro,Ngoma,Residential,Active,2020-02-26,-1.972864,30.123144
CUST-004701,Kicukiro,Niboye,Gatare,Residential,Transferred,2023-06-11,-1.964753,30.156287
CUST-004702,Kicukiro,Kicukiro,Ngoma,Residential,Active,2023-09-11,-1.912211,30.079384
CUST-004703,Gasabo,Rusororo,Nyagahinga,Non-Residential,Active,2024-03-06,-1.839935,30.156956
CUST-004704,Nyarugenge,Nyarugenge,Agatare,Residential,Active,2021-09-15,-2.007109,30.039082
CUST-004705,Gasabo,Kimihurura,Kimihurura,Residential,Active,2022-03-23,-1.90354,30.141988
CUST-004706,Kicukiro,Nyarugunga,Rwimbogo,Residential,Active,2024-12-20,-1.937617,30.1274
CUST-004707,Kicukiro,Niboye,Gatare,Residential,Active,2025-02-26,-1.958602,30.152318
CUST-004708,Nyarugenge,Muhima,Tetero,Residential,Active,2025-12-14,-1.962315,30.012649
CUST-004709,Gasabo,Ndera,Masoro,Residential,Disconnected,2024-03-24,-1.86861,30.172088
CUST-004710,Gasabo,Rusororo,Kabuga II,Residential,Active,2021-03-27,-1.883234,30.144768
CUST-004711,Gasabo,Jabana,Kidashya,Residential,Active,2022-01-07,-1.946593,30.113491
CUST-004712,Gasabo,Gikomero,Gasagara,Residential,Active,2020-03-14,-1.897417,30.186734
CUST-004713,Gasabo,Rutunga,Kacyatwa,Residential,Active,2022-02-23,-1.890776,30.095369
CUST-004714,Gasabo,Rusororo,Bisenga,Non-Residential,Active,2025-08-09,-1.885286,30.081692
CUST-004715,Gasabo,Bumbogo,Nkuzuzu,Residential,Active,2025-01-31,-1.897571,30.154522
CUST-004716,Kicukiro,Gatenga,Nyarurama,Residential,Suspended,2021-11-22,-1.952192,30.135625
CUST-004717,Gasabo,Kinyinya,Gacuriro,Residential,Active,2021-03-20,-1.88571,30.207234
CUST-004718,Kicukiro,Kigarama,Bwerankori,Residential,Active,2024-01-22,-1.999838,30.191295
CUST-004719,Gasabo,Ndera,Cyaruzinge,Residential,Active,2024-02-05,-1.883307,30.113078
CUST-004720,Nyarugenge,Gitega,Kinyange,Residential,Active,2025-04-28,-1.932589,30.032077
CUST-004721,Gasabo,Nduba,Gasura,Residential,Active,2023-03-23,-1.91933,30.127568
CUST-004722,Gasabo,Nduba,Butare,Residential,Active,2024-11-13,-1.909502,30.176317
CUST-004723,Gasabo,Bumbogo,Musave,Residential,Active,2022-09-10,-1.873053,30.089538
CUST-004724,Kicukiro,Gatenga,Gatenga,Residential,Active,2020-03-22,-1.980393,30.034855
CUST-004725,Gasabo,Rusororo,Kabuga I,Residential,Active,2025-12-23,-1.909442,30.100558
CUST-004726,Gasabo,Rusororo,Mbandazi,Residential,Active,2020-05-18,-1.909194,30.1568
CUST-004727,Kicukiro,Gikondo,Kanserege,Residential,Suspended,2020-01-07,-1.977801,30.090987
CUST-004728,Gasabo,Remera,Nyarutarama,Residential,Active,2023-03-02,-1.896888,30.149235
CUST-004729,Gasabo,Ndera,Rudashya,Residential,Active,2020-02-24,-1.919266,30.164532
CUST-004730,Nyarugenge,Kanyinya,Taba,Residential,Active,2021-03-20,-1.972667,30.090129
CUST-004731,Nyarugenge,Kimisagara,Katabaro,Residential,Active,2025-02-16,-1.971086,30.073442
CUST-004732,Nyarugenge,Kanyinya,Nyamweru,Residential,Active,2020-03-24,-1.944936,30.047563
CUST-004733,Gasabo,Rutunga,Kacyatwa,Residential,Active,2025-06-03,-1.899301,30.197533
CUST-004734,Nyarugenge,Nyarugenge,Kiyovu,Non-Residential,Active,2020-11-02,-1.970908,30.043767
CUST-004735,Gasabo,Rusororo,Kabuga I,Residential,Active,2022-03-22,-1.859704,30.072366
CUST-004736,Kicukiro,Niboye,Niboye,Residential,Active,2025-09-29,-2.037549,30.163291
CUST-004737,Gasabo,Kacyiru,Kibaza,Residential,Active,2022-03-03,-1.842691,30.143741
CUST-004738,Gasabo,Kinyinya,Kagugu,Residential,Active,2020-05-18,-1.924178,30.1354
CUST-004739,Gasabo,Rusororo,Mbandazi,Residential,Disconnected,2025-03-30,-1.84358,30.141863
CUST-004740,Gasabo,Nduba,Gasanze,Residential,Active,2025-08-05,-1.863839,30.149978
CUST-004741,Nyarugenge,Mageragere,Nyarurenzi,Residential,Disconnected,2024-01-24,-1.996829,30.042014
CUST-004742,Gasabo,Nduba,Shango,Residential,Disconnected,2024-07-04,-1.923032,30.103176
CUST-004743,Nyarugenge,Nyamirambo,Mumena,Residential,Active,2023-04-23,-1.987954,30.010865
CUST-004744,Gasabo,Gatsata,Nyamugari,Residential,Disconnected,2021-12-25,-1.921266,30.074599
CUST-004745,Kicukiro,Kigarama,Kigarama,Residential,Active,2025-11-26,-1.992055,30.07312
CUST-004746,Kicukiro,Kanombe,Kabeza,Residential,Active,2024-11-30,-2.019136,30.144591
CUST-004747,Gasabo,Rusororo,Ruhanga,Residential,Disconnected,2022-12-05,-1.83964,30.123972
CUST-004748,Gasabo,Rusororo,Kabuga I,Residential,Active,2020-10-06,-1.860888,30.148082
CUST-004749,Gasabo,Rutunga,Gasabo,Residential,Active,2024-07-20,-1.903537,30.152777
CUST-004750,Kicukiro,Gahanga,Kagasa,Residential,Active,2021-11-12,-1.997328,30.163302
CUST-004751,Nyarugenge,Muhima,Amahoro,Residential,Active,2020-09-03,-1.933094,30.074089
CUST-004752,Nyarugenge,Kigali,Nyabugogo,Residential,Transferred,2022-07-31,-1.994385,30.083558
CUST-004753,Kicukiro,Nyarugunga,Nonko,Residential,Suspended,2023-05-10,-1.993374,30.070405
CUST-004754,Kicukiro,Masaka,Ayabaraya,Residential,Active,2025-04-10,-1.977194,30.057481
CUST-004755,Kicukiro,Masaka,Rusheshe,Residential,Active,2020-12-21,-1.97151,30.11861
CUST-004756,Gasabo,Bumbogo,Ngara,Non-Residential,Disconnected,2023-07-02,-1.86385,30.0662
CUST-004757,Gasabo,Rutunga,Indatemwa,Residential,Active,2023-05-03,-1.786523,30.096339
CUST-004758,Nyarugenge,Kigali,Ruriba,Residential,Active,2023-03-08,-1.976047,30.053379
CUST-004759,Nyarugenge,Muhima,Kabasengerezi,Residential,Transferred,2022-09-28,-1.947958,30.055663
CUST-004760,Kicukiro,Masaka,Mbabe,Residential,Active,2020-12-31,-1.949055,30.070443
CUST-004761,Nyarugenge,Nyakabanda,Munanira II,Residential,Active,2022-06-18,-1.998023,30.072716
CUST-004762,Nyarugenge,Muhima,Kabasengerezi,Non-Residential,Active,2025-09-10,-2.013421,30.138556
CUST-004763,Gasabo,Remera,Rukiri I,Residential,Active,2021-01-07,-1.886782,30.14766
CUST-004764,Gasabo,Kacyiru,Kamatamu,Residential,Active,2023-10-13,-1.853071,30.093637
CUST-004765,Nyarugenge,Kigali,Mwendo,Residential,Active,2025-08-02,-1.960935,30.058367
CUST-004766,Nyarugenge,Nyamirambo,Rugarama,Residential,Active,2020-09-15,-1.883076,30.048862
CUST-004767,Nyarugenge,Muhima,Nyabugogo,Residential,Disconnected,2023-08-18,-1.970203,30.056965
CUST-004768,Kicukiro,Kigarama,Nyarurama,Residential,Active,2023-11-18,-1.909479,30.081711
CUST-004769,Nyarugenge,Muhima,Tetero,Residential,Active,2022-02-28,-2.01365,30.053087
CUST-004770,Nyarugenge,Gitega,Gacyamo,Residential,Active,2020-12-22,-1.991343,30.023733
CUST-004771,Gasabo,Bumbogo,Nyagasozi,Residential,Active,2025-05-01,-1.914871,30.132601
CUST-004772,Gasabo,Bumbogo,Kinyaga,Residential,Disconnected,2022-10-03,-1.845294,30.159743
CUST-004773,Gasabo,Rutunga,Kabaliza,Industries,Active,2024-09-02,-1.87488,30.125319
CUST-004774,Nyarugenge,Kimisagara,Katabaro,Public Taps,Active,2024-04-02,-1.915985,30.005985
CUST-004775,Nyarugenge,Muhima,Kabasengerezi,Residential,Active,2025-08-22,-1.974632,30.034363
CUST-004776,Kicukiro,Kigarama,Rwampara,Residential,Active,2020-04-12,-1.940464,30.063347
CUST-004777,Nyarugenge,Mageragere,Kankuba,Residential,Active,2020-11-06,-1.942135,30.02194
CUST-004778,Kicukiro,Gatenga,Karambo,Residential,Active,2024-03-17,-1.985475,30.079798
CUST-004779,Kicukiro,Kicukiro,Kicukiro,Residential,Active,2022-05-06,-2.001347,30.076729
CUST-004780,Kicukiro,Gatenga,Karambo,Residential,Active,2024-11-06,-1.93764,30.081827
CUST-004781,Gasabo,Bumbogo,Mvuzo,Residential,Active,2024-04-13,-1.880954,30.172054
CUST-004782,Nyarugenge,Rwezamenyo,Rwezamenyo I,Residential,Active,2024-05-27,-1.969688,30.107226
CUST-004783,Kicukiro,Gatenga,Nyarurama,Residential,Active,2021-09-28,-1.961173,30.085432
CUST-004784,Kicukiro,Masaka,Gako,Residential,Active,2025-08-15,-2.017375,30.106723
CUST-004785,Gasabo,Rutunga,Kabaliza,Residential,Disconnected,2024-08-12,-1.862993,30.106922
CUST-004786,Nyarugenge,Nyakabanda,Munanira II,Non-Residential,Active,2025-11-17,-2.035348,30.029618
CUST-004787,Nyarugenge,Kimisagara,Katabaro,Non-Residential,Active,2022-04-21,-1.968687,30.057836
CUST-004788,Gasabo,Jabana,Kabuye,Residential,Active,2023-08-19,-1.949942,30.144042
CUST-004789,Nyarugenge,Nyakabanda,Munanira II,Residential,Active,2022-09-11,-1.956074,29.984631
CUST-004790,Gasabo,Rusororo,Mbandazi,Residential,Active,2020-08-16,-1.939802,30.134669
CUST-004791,Gasabo,Gikomero,Kibara,Residential,Active,2025-05-01,-1.89674,30.128363
CUST-004792,Nyarugenge,Muhima,Kabeza,Residential,Active,2024-08-08,-1.985011,30.032509
CUST-004793,Nyarugenge,Gitega,Kora,Residential,Active,2024-03-16,-1.922774,30.038051
CUST-004794,Gasabo,Rusororo,Nyagahinga,Residential,Active,2021-07-04,-1.872362,30.121676
CUST-004795,Kicukiro,Kanombe,Karama,Residential,Active,2023-07-11,-1.968264,30.127655
CUST-004796,Kicukiro,Niboye,Niboye,Residential,Active,2021-11-03,-1.974565,30.096297
CUST-004797,Kicukiro,Kagarama,Muyange,Residential,Active,2020-04-29,-2.021433,30.126731
CUST-004798,Nyarugenge,Nyamirambo,Gasharu,Non-Residential,Active,2024-01-19,-1.964738,30.068996
CUST-004799,Gasabo,Jali,Nyamitanga,Residential,Active,2020-11-08,-1.886087,30.12757
CUST-004800,Kicukiro,Kicukiro,Kicukiro,Residential,Active,2024-02-24,-1.936835,30.169404
CUST-004801,Kicukiro,Niboye,Gatare,Residential,Active,2025-01-27,-2.059569,30.070072
CUST-004802,Gasabo,Jabana,Akamatamu,Residential,Active,2025-04-04,-1.88373,30.246886
CUST-004803,Gasabo,Remera,Nyarutarama,Residential,Active,2025-08-09,-1.853041,30.080579
CUST-004804,Kicukiro,Gatenga,Gatenga,Residential,Active,2025-03-24,-1.984962,30.091254
CUST-004805,Gasabo,Ndera,Kibenga,Residential,Active,2024-08-13,-1.84539,30.126605
CUST-004806,Gasabo,Bumbogo,Ngara,Residential,Active,2022-10-09,-1.897898,30.096992
CUST-004807,Kicukiro,Kicukiro,Kicukiro,Public Taps,Active,2021-05-04,-2.018853,30.156071
CUST-004808,Nyarugenge,Mageragere,Nyarufunzo,Residential,Active,2021-07-05,-2.00982,30.094974
CUST-004809,Gasabo,Ndera,Kibenga,Residential,Active,2021-10-19,-1.898608,30.137936
CUST-004810,Gasabo,Kinyinya,Kagugu,Residential,Active,2021-02-07,-1.916338,30.125705
CUST-004811,Gasabo,Jali,Nyamitanga,Residential,Active,2020-04-12,-1.878493,30.163139
CUST-004812,Gasabo,Jabana,Akamatamu,Residential,Active,2024-11-16,-1.857453,30.111309
CUST-004813,Kicukiro,Gatenga,Karambo,Residential,Suspended,2025-05-16,-2.003922,30.143894
CUST-004814,Gasabo,Jabana,Kidashya,Residential,Active,2021-04-25,-1.864758,30.160143
CUST-004815,Gasabo,Rusororo,Mbandazi,Residential,Active,2020-05-14,-1.852306,30.117714
CUST-004816,Kicukiro,Masaka,Gitaraga,Residential,Active,2023-04-11,-2.010371,30.072739
CUST-004817,Gasabo,Kimihurura,Rugando,Residential,Active,2021-02-09,-1.868496,30.158151
CUST-004818,Gasabo,Bumbogo,Ngara,Residential,Active,2020-06-27,-1.873473,30.110241
CUST-004819,Nyarugenge,Mageragere,Kankuba,Residential,Active,2021-12-15,-1.935765,30.063549
CUST-004820,Nyarugenge,Mageragere,Kavumu,Residential,Active,2020-06-29,-1.992605,30.083474
CUST-004821,Kicukiro,Masaka,Gitaraga,Residential,Active,2025-03-23,-1.970184,30.149472
CUST-004822,Gasabo,Rutunga,Kabaliza,Residential,Active,2020-07-06,-1.935852,30.09554
CUST-004823,Kicukiro,Kanombe,Karama,Residential,Active,2022-07-31,-2.004673,30.137742
CUST-004824,Gasabo,Ndera,Bwiza,Residential,Active,2024-03-18,-1.876548,30.096959
CUST-004825,Gasabo,Gisozi,Musezero,Residential,Active,2020-12-15,-1.867578,30.112764
CUST-004826,Kicukiro,Gikondo,Kanserege,Public Taps,Active,2025-10-19,-1.944767,30.122669
CUST-004827,Kicukiro,Masaka,Ayabaraya,Residential,Active,2025-06-18,-2.04994,30.042866
CUST-004828,Nyarugenge,Kigali,Nyabugogo,Residential,Active,2021-04-28,-1.944614,30.084381
CUST-004829,Gasabo,Gatsata,Karuruma,Residential,Suspended,2024-07-14,-1.867978,30.174874
CUST-004830,Nyarugenge,Muhima,Ubumwe,Residential,Active,2021-05-23,-1.978905,30.082393
CUST-004831,Nyarugenge,Kimisagara,Kamuhoza,Residential,Active,2021-11-02,-1.969204,30.072545
CUST-004832,Gasabo,Jabana,Bweramvura,Residential,Active,2025-09-27,-1.922417,30.15886
CUST-004833,Gasabo,Bumbogo,Kinyaga,Residential,Active,2021-01-12,-1.893586,30.130831
CUST-004834,Nyarugenge,Gitega,Kigarama,Residential,Active,2022-09-03,-2.004217,30.037811
CUST-004835,Kicukiro,Gahanga,Rwabutenge,Public Taps,Active,2021-11-13,-1.981609,30.099132
CUST-004836,Gasabo,Kimihurura,Kamukina,Residential,Disconnected,2023-02-13,-1.8712,30.135552
CUST-004837,Nyarugenge,Muhima,Tetero,Residential,Active,2025-07-13,-1.975305,30.048291
CUST-004838,Kicukiro,Gikondo,Kagunga,Non-Residential,Disconnected,2023-06-19,-1.999695,30.122371
CUST-004839,Nyarugenge,Gitega,Kinyange,Residential,Suspended,2023-03-17,-1.989753,30.041697
CUST-004840,Gasabo,Rusororo,Kabuga II,Residential,Active,2025-05-19,-1.873873,30.137684
CUST-004841,Kicukiro,Gahanga,Murinja,Residential,Active,2025-09-25,-1.962719,30.1129
CUST-004842,Nyarugenge,Mageragere,Kankuba,Residential,Active,2021-07-10,-1.953555,30.035318
CUST-004843,Nyarugenge,Nyamirambo,Rugarama,Residential,Active,2025-11-01,-1.976545,30.00348
CUST-004844,Gasabo,Bumbogo,Musave,Industries,Disconnected,2023-09-24,-1.898936,30.105577
CUST-004845,Nyarugenge,Mageragere,Nyarufunzo,Residential,Active,2020-05-30,-2.026055,30.03748
CUST-004846,Nyarugenge,Nyarugenge,Kiyovu,Residential,Active,2021-02-23,-1.95167,30.064371
CUST-004847,Gasabo,Rusororo,Kinyana,Residential,Active,2023-12-21,-1.894195,30.094204
CUST-004848,Nyarugenge,Rwezamenyo,Kabuguru II,Residential,Disconnected,2020-10-05,-1.913556,30.075985
CUST-004849,Kicukiro,Kanombe,Busanza,Residential,Active,2022-12-05,-1.967449,30.071358
CUST-004850,Gasabo,Jabana,Kidashya,Residential,Active,2020-01-30,-1.851855,30.157731
CUST-004851,Gasabo,Jali,Muko,Residential,Active,2022-06-29,-1.869116,30.131569
CUST-004852,Gasabo,Jabana,Kabuye,Industries,Active,2024-11-03,-1.914705,30.066784
CUST-004853,Gasabo,Jabana,Kidashya,Residential,Active,2024-06-10,-1.874827,30.15699
CUST-004854,Gasabo,Bumbogo,Ngara,Residential,Disconnected,2024-03-12,-1.87573,30.130991
CUST-004855,Kicukiro,Kicukiro,Kagina,Non-Residential,Active,2021-07-15,-1.952431,30.11921
CUST-004856,Gasabo,Jabana,Bweramvura,Residential,Active,2025-04-19,-1.927096,30.163297
CUST-004857,Kicukiro,Kigarama,Kigarama,Residential,Active,2020-09-15,-1.998653,30.059176
CUST-004858,Gasabo,Gisozi,Musezero,Residential,Active,2024-09-02,-1.892698,30.191165
CUST-004859,Kicukiro,Kagarama,Muyange,Residential,Active,2020-12-21,-1.9829,30.064012
CUST-004860,Nyarugenge,Nyakabanda,Nyakabanda I,Residential,Active,2024-12-08,-1.986263,30.034892
CUST-004861,Kicukiro,Gahanga,Gahanga,Residential,Active,2023-08-01,-1.941186,30.067467
CUST-004862,Nyarugenge,Mageragere,Mataba,Residential,Active,2020-08-02,-1.967327,30.054532
CUST-004863,Gasabo,Kimihurura,Kimihurura,Residential,Disconnected,2021-05-30,-1.850747,30.188904
CUST-004864,Gasabo,Jali,Nkusi,Residential,Active,2020-10-28,-1.899194,30.115322
CUST-004865,Nyarugenge,Nyakabanda,Munanira II,Residential,Active,2023-09-13,-1.983072,30.058961
CUST-004866,Gasabo,Bumbogo,Mvuzo,Residential,Active,2022-05-17,-1.830187,30.124239
CUST-004867,Nyarugenge,Nyamirambo,Gasharu,Residential,Disconnected,2024-03-30,-1.941003,30.031002
CUST-004868,Nyarugenge,Kimisagara,Katabaro,Residential,Active,2023-08-21,-1.92768,30.057103
CUST-004869,Nyarugenge,Gitega,Gacyamo,Residential,Active,2025-10-13,-1.922471,30.068446
CUST-004870,Nyarugenge,Muhima,Nyabugogo,Residential,Active,2023-11-22,-1.938279,30.090263
CUST-004871,Kicukiro,Kigarama,Bwerankori,Residential,Active,2024-07-04,-1.991012,30.127787
CUST-004872,Gasabo,Jali,Nyabuliba,Residential,Suspended,2024-09-28,-1.858785,30.117817
CUST-004873,Kicukiro,Kigarama,Karugira,Public Taps,Active,2020-01-31,-1.943204,30.098767
CUST-004874,Nyarugenge,Muhima,Tetero,Residential,Active,2024-10-02,-1.901234,30.072013
CUST-004875,Gasabo,Kimironko,Bibare,Residential,Active,2024-02-26,-1.861524,30.098479
CUST-004876,Gasabo,Rusororo,Kabuga I,Residential,Active,2023-11-10,-1.843959,30.14451
CUST-004877,Gasabo,Rutunga,Indatemwa,Non-Residential,Active,2024-08-20,-1.87356,30.130139
CUST-004878,Gasabo,Rusororo,Nyagahinga,Residential,Transferred,2021-04-01,-1.881755,30.166426
CUST-004879,Nyarugenge,Kimisagara,Katabaro,Residential,Active,2023-04-30,-1.933964,30.051002
CUST-004880,Kicukiro,Masaka,Cyimo,Residential,Active,2022-04-07,-2.013427,30.104093
CUST-004881,Nyarugenge,Nyamirambo,Rugarama,Residential,Active,2022-02-13,-1.938252,30.017218
CUST-004882,Nyarugenge,Kimisagara,Katabaro,Residential,Active,2022-07-27,-1.950782,30.088705
CUST-004883,Nyarugenge,Gitega,Kinyange,Residential,Active,2024-04-15,-1.963226,30.04991
CUST-004884,Gasabo,Gisozi,Ruhango,Residential,Active,2022-02-28,-1.885588,30.147658
CUST-004885,Gasabo,Jali,Nkusi,Residential,Active,2024-07-29,-1.828646,30.139196
CUST-004886,Gasabo,Bumbogo,Mvuzo,Residential,Active,2023-03-02,-1.933495,30.128258
CUST-004887,Kicukiro,Kagarama,Muyange,Residential,Active,2020-09-08,-1.988494,30.081536
CUST-004888,Nyarugenge,Nyamirambo,Cyivugiza,Residential,Active,2022-10-27,-1.986382,30.003036
CUST-004889,Nyarugenge,Muhima,Kabasengerezi,Residential,Active,2023-07-03,-1.969742,30.051207
CUST-004890,Gasabo,Nduba,Sha,Residential,Active,2021-03-10,-1.821643,30.153647
CUST-004891,Gasabo,Ndera,Bwiza,Residential,Active,2023-08-31,-1.854027,30.148943
CUST-004892,Gasabo,Ndera,Masoro,Residential,Active,2020-04-07,-1.898087,30.190668
CUST-004893,Nyarugenge,Muhima,Tetero,Residential,Active,2023-01-12,-1.988976,30.079856
CUST-004894,Nyarugenge,Muhima,Kabeza,Residential,Active,2021-03-25,-1.983965,30.055751
CUST-004895,Gasabo,Remera,Rukiri II,Residential,Active,2022-03-08,-1.901345,30.115438
CUST-004896,Gasabo,Rutunga,Indatemwa,Residential,Active,2021-11-29,-1.858666,30.14375
CUST-004897,Nyarugenge,Kigali,Nyabugogo,Residential,Suspended,2022-03-30,-1.970127,30.098748
CUST-004898,Gasabo,Jali,Nyabuliba,Residential,Active,2020-01-26,-1.830223,30.098578
CUST-004899,Gasabo,Jabana,Bweramvura,Residential,Active,2022-08-26,-1.874135,30.142745
CUST-004900,Gasabo,Ndera,Mukuyu,Residential,Disconnected,2024-08-01,-1.881347,30.11319
CUST-004901,Nyarugenge,Nyamirambo,Mumena,Residential,Active,2022-11-05,-2.005799,30.048419
CUST-004902,Nyarugenge,Muhima,Amahoro,Residential,Active,2023-11-17,-1.978197,30.018053
CUST-004903,Gasabo,Gikomero,Munini,Residential,Active,2020-07-04,-1.899304,30.079085
CUST-004904,Gasabo,Rusororo,Bisenga,Residential,Active,2025-09-13,-1.905068,30.11981
CUST-004905,Nyarugenge,Nyamirambo,Gasharu,Residential,Suspended,2023-08-24,-1.981695,30.068247
CUST-004906,Gasabo,Rusororo,Ruhanga,Residential,Active,2021-08-23,-1.894909,30.143257
CUST-004907,Kicukiro,Nyarugunga,Rwimbogo,Residential,Active,2025-12-08,-1.971183,30.129077
CUST-004908,Gasabo,Remera,Rukiri II,Residential,Transferred,2022-02-02,-1.879502,30.13371
CUST-004909,Kicukiro,Gatenga,Gatenga,Residential,Active,2023-03-27,-1.98328,30.051217
CUST-004910,Gasabo,Bumbogo,Musave,Residential,Active,2023-11-20,-1.877277,30.167919
CUST-004911,Gasabo,Gikomero,Gicaca,Residential,Active,2022-03-03,-1.886987,30.159862
CUST-004912,Gasabo,Rutunga,Kigabiro,Residential,Active,2025-07-07,-1.928831,30.162254
CUST-004913,Gasabo,Rutunga,Indatemwa,Residential,Active,2022-01-25,-1.880197,30.16244
CUST-004914,Kicukiro,Kigarama,Bwerankori,Residential,Active,2020-08-09,-1.948229,30.112725
CUST-004915,Gasabo,Rusororo,Kabuga I,Residential,Active,2025-06-24,-1.875286,30.122371
CUST-004916,Gasabo,Jabana,Kidashya,Industries,Transferred,2020-05-29,-1.896295,30.098713
CUST-004917,Kicukiro,Kicukiro,Ngoma,Residential,Active,2020-04-05,-1.935586,30.075446
CUST-004918,Gasabo,Jali,Nyakabungo,Non-Residential,Suspended,2024-01-17,-1.891024,30.149643
CUST-004919,Gasabo,Gatsata,Nyamabuye,Residential,Active,2022-10-26,-1.852201,30.077103
CUST-004920,Gasabo,Kacyiru,Kamutwa,Industries,Active,2025-07-31,-1.890267,30.064024
CUST-004921,Nyarugenge,Mageragere,Kankuba,Residential,Active,2023-02-28,-1.972653,30.077792
CUST-004922,Kicukiro,Gahanga,Gahanga,Residential,Active,2024-10-02,-1.994069,30.082144
CUST-004923,Gasabo,Remera,Nyarutarama,Residential,Active,2021-04-28,-1.882052,30.139956
CUST-004924,Nyarugenge,Muhima,Ubumwe,Residential,Active,2021-07-22,-1.85742,30.029339
CUST-004925,Gasabo,Nduba,Gatunga,Residential,Active,2025-06-11,-1.926569,30.098225
CUST-004926,Kicukiro,Kigarama,Bwerankori,Residential,Active,2022-08-26,-1.979358,30.186373
CUST-004927,Gasabo,Remera,Nyarutarama,Residential,Active,2020-11-16,-1.91048,30.120925
CUST-004928,Nyarugenge,Mageragere,Nyarufunzo,Residential,Active,2022-12-01,-1.958606,30.134418
CUST-004929,Nyarugenge,Nyakabanda,Nyakabanda I,Residential,Active,2022-08-18,-2.000044,30.061887
CUST-004930,Gasabo,Rutunga,Kibenga,Residential,Active,2022-03-19,-1.923767,30.138986
CUST-004931,Kicukiro,Masaka,Cyimo,Residential,Disconnected,2021-09-30,-1.978611,30.129451
CUST-004932,Gasabo,Rusororo,Ruhanga,Residential,Active,2025-08-17,-1.845566,30.197719
CUST-004933,Gasabo,Bumbogo,Nyagasozi,Residential,Active,2024-07-07,-1.907814,30.128004
CUST-004934,Gasabo,Bumbogo,Nyagasozi,Residential,Active,2021-09-02,-1.886569,30.162735
CUST-004935,Gasabo,Kinyinya,Kagugu,Residential,Active,2020-07-05,-1.908763,30.09055
CUST-004936,Kicukiro,Masaka,Gako,Residential,Disconnected,2023-08-15,-1.992031,30.144625
CUST-004937,Gasabo,Jabana,Akamatamu,Residential,Active,2023-04-13,-1.927125,30.127729
CUST-004938,Kicukiro,Gatenga,Nyarurama,Residential,Active,2025-06-09,-1.979616,30.090416
CUST-004939,Nyarugenge,Mageragere,Kankuba,Public Taps,Active,2025-05-22,-1.985349,30.028531
CUST-004940,Kicukiro,Masaka,Cyimo,Residential,Active,2020-04-08,-1.954293,30.086019
CUST-004941,Nyarugenge,Nyarugenge,Biryogo,Residential,Active,2021-05-04,-1.956041,30.062245
CUST-004942,Kicukiro,Kigarama,Nyarurama,Non-Residential,Active,2020-05-07,-1.894959,30.103683
CUST-004943,Nyarugenge,Nyarugenge,Rwampara,Residential,Active,2021-12-14,-1.939276,30.053465
CUST-004944,Gasabo,Gatsata,Karuruma,Residential,Active,2022-03-22,-1.898599,30.149726
CUST-004945,Gasabo,Kimihurura,Kimihurura,Non-Residential,Active,2020-01-18,-1.866111,30.121644
CUST-004946,Gasabo,Jabana,Ngiryi,Industries,Active,2023-08-14,-1.943603,30.139338
CUST-004947,Gasabo,Rutunga,Kacyatwa,Residential,Active,2021-03-10,-1.83665,30.168535
CUST-004948,Nyarugenge,Gitega,Gacyamo,Residential,Active,2021-03-02,-1.995677,30.019589
CUST-004949,Gasabo,Kinyinya,Kagugu,Residential,Active,2023-12-02,-1.855523,30.174457
CUST-004950,Nyarugenge,Nyakabanda,Munanira I,Residential,Active,2023-01-27,-1.932968,30.03044
CUST-004951,Kicukiro,Nyarugunga,Rwimbogo,Residential,Active,2023-01-04,-2.036067,30.113617
CUST-004952,Gasabo,Remera,Nyarutarama,Residential,Active,2023-05-05,-1.875258,30.172115
CUST-004953,Nyarugenge,Kanyinya,Taba,Residential,Suspended,2025-12-19,-1.970533,30.065175
CUST-004954,Kicukiro,Masaka,Ayabaraya,Residential,Active,2022-11-01,-1.956822,30.111991
CUST-004955,Gasabo,Bumbogo,Nyagasozi,Residential,Active,2024-01-30,-1.855782,30.135161
CUST-004956,Gasabo,Rusororo,Nyagahinga,Residential,Active,2022-11-02,-1.935373,30.146929
CUST-004957,Kicukiro,Kanombe,Kabeza,Residential,Active,2022-07-23,-1.972274,30.061998
CUST-004958,Gasabo,Remera,Nyarutarama,Residential,Active,2023-12-29,-1.828838,30.159142
CUST-004959,Gasabo,Rusororo,Mbandazi,Residential,Active,2025-03-07,-1.895624,30.096662
CUST-004960,Gasabo,Ndera,Kibenga,Non-Residential,Active,2020-08-31,-1.880142,30.133587
CUST-004961,Nyarugenge,Nyamirambo,Cyivugiza,Industries,Active,2024-05-02,-2.014045,30.058046
CUST-004962,Nyarugenge,Gitega,Kinyange,Residential,Active,2020-06-30,-1.99117,30.041189
CUST-004963,Kicukiro,Gatenga,Nyanza,Residential,Active,2020-04-19,-1.981474,30.117698
CUST-004964,Gasabo,Bumbogo,Ngara,Residential,Active,2022-06-28,-1.877189,30.13665
CUST-004965,Gasabo,Ndera,Mukuyu,Residential,Active,2020-04-26,-1.865758,30.157149
CUST-004966,Nyarugenge,Muhima,Tetero,Residential,Active,2022-12-22,-1.988253,30.070796
CUST-004967,Gasabo,Jabana,Kabuye,Residential,Active,2024-07-21,-1.881547,30.138846
CUST-004968,Gasabo,Bumbogo,Nyagasozi,Residential,Active,2024-06-16,-1.898267,30.089919
CUST-004969,Kicukiro,Kigarama,Karugira,Residential,Active,2022-02-24,-1.945214,30.163003
CUST-004970,Gasabo,Kinyinya,Gacuriro,Residential,Active,2020-02-19,-1.89816,30.136955
CUST-004971,Nyarugenge,Mageragere,Kavumu,Residential,Active,2021-02-07,-1.978619,30.017956
CUST-004972,Gasabo,Remera,Rukiri II,Residential,Active,2021-05-07,-1.859434,30.191988
CUST-004973,Gasabo,Gatsata,Nyamabuye,Residential,Active,2020-12-13,-1.908189,30.129844
CUST-004974,Gasabo,Kinyinya,Murama,Residential,Active,2024-05-18,-1.846508,30.192896
CUST-004975,Kicukiro,Masaka,Cyimo,Residential,Active,2025-12-26,-1.957676,30.108064
CUST-004976,Nyarugenge,Nyamirambo,Gasharu,Industries,Active,2024-07-22,-1.937921,30.064625
CUST-004977,Kicukiro,Gikondo,Kagunga,Residential,Active,2020-07-16,-2.008932,30.084096
CUST-004978,Gasabo,Gikomero,Gasagara,Residential,Active,2020-02-09,-1.919754,30.13866
CUST-004979,Gasabo,Remera,Rukiri II,Residential,Active,2020-06-09,-1.872346,30.14031
CUST-004980,Gasabo,Kinyinya,Gacuriro,Non-Residential,Active,2023-11-23,-1.883906,30.119179
CUST-004981,Gasabo,Jabana,Bweramvura,Residential,Active,2023-10-07,-1.872217,30.211342
CUST-004982,Gasabo,Kacyiru,Kamutwa,Residential,Active,2025-07-26,-1.857271,30.161251
CUST-004983,Nyarugenge,Kimisagara,Kimisagara,Residential,Active,2020-03-10,-1.998529,30.059984
CUST-004984,Gasabo,Ndera,Cyaruzinge,Non-Residential,Active,2025-04-27,-1.916126,30.093642
CUST-004985,Gasabo,Gikomero,Murambi,Residential,Disconnected,2024-03-22,-1.82995,30.183472
CUST-004986,Gasabo,Rutunga,Kacyatwa,Residential,Active,2022-02-27,-1.91685,30.198856
CUST-004987,Kicukiro,Kigarama,Bwerankori,Residential,Active,2020-10-25,-1.992906,30.115476
CUST-004988,Kicukiro,Masaka,Gitaraga,Residential,Active,2023-09-17,-1.964682,30.109548
CUST-004989,Gasabo,Kacyiru,Kibaza,Residential,Active,2024-03-28,-1.877269,30.19239
CUST-004990,Gasabo,Rusororo,Ruhanga,Residential,Active,2025-09-20,-1.883161,30.121048
CUST-004991,Nyarugenge,Nyamirambo,Rugarama,Residential,Active,2020-06-02,-1.972408,30.090356
CUST-004992,Gasabo,Gikomero,Munini,Industries,Active,2023-07-30,-1.88757,30.113769
CUST-004993,Nyarugenge,Nyakabanda,Nyakabanda I,Residential,Active,2022-11-11,-1.930982,30.074124
CUST-004994,Gasabo,Kinyinya,Kagugu,Residential,Active,2023-09-25,-1.897381,30.131406
CUST-004995,Kicukiro,Kanombe,Busanza,Residential,Active,2024-05-06,-2.000262,30.083163
CUST-004996,Kicukiro,Gatenga,Gatenga,Residential,Active,2020-11-01,-2.010055,30.10655
CUST-004997,Kicukiro,Kagarama,Rukatsa,Residential,Active,2022-07-05,-1.964889,30.116967
CUST-004998,Gasabo,Ndera,Cyaruzinge,Residential,Active,2025-10-12,-1.91663,30.12042
CUST-004999,Gasabo,Rusororo,Gasagara,Residential,Suspended,2023-05-23,-1.882613,30.117803
CUST-005000,Gasabo,Gikomero,Murambi,Residential,Suspended,2023-11-17,-1.875609,30.170164
CUST-005001,Gasabo,Gikomero,Kibara,Residential,Active,2022-10-30,-1.823507,30.141577
CUST-005002,Nyarugenge,Gitega,Kinyange,Residential,Active,2023-11-16,-1.960299,30.071172
CUST-005003,Gasabo,Rutunga,Kibenga,Residential,Active,2023-01-17,-1.889781,30.136452
CUST-005004,Gasabo,Jabana,Kidashya,Residential,Active,2020-06-12,-1.83882,30.141431
CUST-005005,Gasabo,Bumbogo,Nyagasozi,Non-Residential,Active,2025-02-26,-1.864125,30.161454
CUST-005006,Gasabo,Jabana,Kidashya,Residential,Active,2022-04-14,-1.901783,30.101392
CUST-005007,Gasabo,Jali,Agateko,Residential,Suspended,2025-10-31,-1.876348,30.100949
CUST-005008,Kicukiro,Kigarama,Rwampara,Non-Residential,Active,2022-03-18,-1.982633,30.144855
CUST-005009,Gasabo,Rutunga,Kabaliza,Public Taps,Active,2022-02-19,-1.887256,30.1404
CUST-005010,Gasabo,Rusororo,Nyagahinga,Residential,Suspended,2023-06-03,-1.817156,30.140307
CUST-005011,Nyarugenge,Mageragere,Mataba,Residential,Active,2021-10-24,-1.992899,30.052209
CUST-005012,Gasabo,Rusororo,Kinyana,Residential,Active,2022-10-12,-1.88061,30.127936
CUST-005013,Nyarugenge,Kimisagara,Kamuhoza,Public Taps,Active,2021-01-03,-1.979254,30.054343
CUST-005014,Kicukiro,Masaka,Ayabaraya,Residential,Active,2020-04-25,-1.960514,30.077306
CUST-005015,Gasabo,Gikomero,Kibara,Residential,Active,2022-05-31,-1.875423,30.080173
CUST-005016,Kicukiro,Nyarugunga,Kamashashi,Residential,Active,2024-02-10,-1.986009,30.106265
CUST-005017,Kicukiro,Gikondo,Kinunga,Residential,Active,2025-09-01,-2.007047,30.109882
CUST-005018,Kicukiro,Kanombe,Rubirizi,Residential,Active,2025-11-13,-1.975062,30.116368
CUST-005019,Kicukiro,Niboye,Nyakabanda,Residential,Disconnected,2025-11-18,-1.944751,30.112474
CUST-005020,Nyarugenge,Nyakabanda,Munanira II,Residential,Active,2021-04-28,-1.984257,30.026599
CUST-005021,Gasabo,Rusororo,Kinyana,Residential,Active,2023-05-26,-1.859153,30.151078
CUST-005022,Nyarugenge,Kanyinya,Taba,Residential,Active,2021-05-30,-1.946123,30.09577
CUST-005023,Gasabo,Kimihurura,Kamukina,Residential,Suspended,2025-07-06,-1.895451,30.148934
CUST-005024,Nyarugenge,Muhima,Nyabugogo,Residential,Active,2020-09-10,-1.945691,30.037411
CUST-005025,Kicukiro,Gahanga,Rwabutenge,Residential,Active,2022-12-05,-1.916604,30.139001
CUST-005026,Nyarugenge,Kigali,Ruriba,Residential,Active,2021-03-23,-1.981376,30.015319
CUST-005027,Gasabo,Rusororo,Nyagahinga,Residential,Active,2022-11-26,-1.869936,30.093188
CUST-005028,Kicukiro,Kigarama,Bwerankori,Residential,Active,2023-03-26,-1.99906,30.088038
CUST-005029,Nyarugenge,Kigali,Nyabugogo,Residential,Active,2025-10-21,-2.008589,30.043215
CUST-005030,Gasabo,Kimironko,Nyagatovu,Residential,Active,2021-03-16,-1.871818,30.135379
CUST-005031,Gasabo,Kinyinya,Kagugu,Residential,Active,2023-05-07,-1.905889,30.091479
CUST-005032,Kicukiro,Masaka,Gitaraga,Public Taps,Suspended,2023-02-16,-2.024622,30.109442
CUST-005033,Kicukiro,Kigarama,Bwerankori,Residential,Disconnected,2020-03-20,-1.993372,30.138956
CUST-005034,Gasabo,Remera,Rukiri II,Non-Residential,Active,2025-11-10,-1.860474,30.106427
CUST-005035,Nyarugenge,Kigali,Ruriba,Residential,Active,2025-11-19,-1.924551,30.061529
CUST-005036,Gasabo,Gikomero,Gicaca,Residential,Active,2022-11-05,-1.874001,30.078886
CUST-005037,Gasabo,Rutunga,Indatemwa,Residential,Active,2023-12-26,-1.907789,30.183125
CUST-005038,Gasabo,Gatsata,Nyamugari,Residential,Active,2023-04-19,-1.880294,30.182182
CUST-005039,Kicukiro,Kanombe,Busanza,Residential,Active,2023-08-09,-1.941048,30.075922
CUST-005040,Nyarugenge,Kimisagara,Kamuhoza,Residential,Active,2022-06-18,-1.952398,30.049331
CUST-005041,Nyarugenge,Rwezamenyo,Kabuguru II,Residential,Active,2022-04-15,-1.958783,30.089009
CUST-005042,Nyarugenge,Nyarugenge,Agatare,Residential,Active,2023-07-09,-1.956968,30.051497
CUST-005043,Kicukiro,Nyarugunga,Rwimbogo,Residential,Active,2022-11-16,-1.918258,30.120563
CUST-005044,Gasabo,Gatsata,Nyamabuye,Residential,Active,2023-12-23,-1.902691,30.087206
CUST-005045,Gasabo,Gikomero,Gasagara,Residential,Active,2023-04-20,-1.899106,30.119601
CUST-005046,Gasabo,Kimironko,Nyagatovu,Residential,Active,2024-06-08,-1.887893,30.161128
CUST-005047,Gasabo,Gatsata,Nyamabuye,Residential,Active,2020-09-11,-1.878818,30.130748
CUST-005048,Gasabo,Rutunga,Indatemwa,Non-Residential,Active,2023-12-21,-1.824858,30.201808
CUST-005049,Gasabo,Jabana,Bweramvura,Residential,Active,2022-09-02,-1.929583,30.10577
CUST-005050,Gasabo,Kinyinya,Gacuriro,Residential,Active,2024-10-11,-1.892481,30.152374
CUST-005051,Kicukiro,Nyarugunga,Nonko,Residential,Transferred,2024-10-09,-1.969595,30.094359
CUST-005052,Gasabo,Bumbogo,Nyagasozi,Residential,Active,2021-11-19,-1.882712,30.11394
CUST-005053,Kicukiro,Gikondo,Kanserege,Residential,Active,2021-11-03,-2.010062,30.083927
CUST-005054,Nyarugenge,Muhima,Rugenge,Residential,Suspended,2023-04-24,-2.007228,30.065523
CUST-005055,Nyarugenge,Kanyinya,Nyamweru,Residential,Active,2023-07-01,-2.008336,30.067631
CUST-005056,Gasabo,Rutunga,Indatemwa,Residential,Active,2024-06-13,-1.912866,30.16371
CUST-005057,Kicukiro,Niboye,Gatare,Residential,Active,2022-09-05,-1.982739,30.137274
CUST-005058,Kicukiro,Gahanga,Gahanga,Public Taps,Active,2020-09-14,-1.975592,30.11188
CUST-005059,Nyarugenge,Mageragere,Mataba,Residential,Active,2021-07-26,-2.014271,30.034265
CUST-005060,Nyarugenge,Kimisagara,Kamuhoza,Residential,Active,2023-10-12,-1.958138,30.049094
CUST-005061,Nyarugenge,Nyarugenge,Kiyovu,Residential,Active,2025-04-08,-1.960368,30.093077
CUST-005062,Kicukiro,Niboye,Niboye,Residential,Active,2023-11-25,-1.951941,30.066611
CUST-005063,Nyarugenge,Kimisagara,Kamuhoza,Non-Residential,Active,2020-01-22,-1.927942,30.090419
CUST-005064,Nyarugenge,Muhima,Rugenge,Residential,Active,2020-05-12,-1.947897,30.061697
CUST-005065,Nyarugenge,Nyarugenge,Rwampara,Residential,Active,2022-11-08,-1.959226,30.045139
CUST-005066,Nyarugenge,Nyamirambo,Cyivugiza,Residential,Active,2023-09-24,-1.963954,30.095996
CUST-005067,Gasabo,Nduba,Muremure,Residential,Active,2021-04-27,-1.899864,30.099408
CUST-005068,Gasabo,Gikomero,Murambi,Residential,Active,2025-12-04,-1.876761,30.167793
CUST-005069,Gasabo,Ndera,Kibenga,Residential,Active,2021-10-19,-1.837517,30.119232
CUST-005070,Kicukiro,Kigarama,Bwerankori,Residential,Active,2023-11-18,-1.977956,30.121076
CUST-005071,Nyarugenge,Kigali,Rwesero,Residential,Active,2021-09-30,-1.97614,30.054618
CUST-005072,Gasabo,Gatsata,Nyamugari,Residential,Active,2024-05-20,-1.920356,30.131922
CUST-005073,Nyarugenge,Muhima,Ubumwe,Residential,Active,2020-12-11,-1.948601,30.028857
CUST-005074,Nyarugenge,Muhima,Kabeza,Residential,Active,2020-06-21,-1.932892,30.108565
CUST-005075,Nyarugenge,Kimisagara,Kimisagara,Residential,Disconnected,2022-07-08,-1.960064,30.058069
CUST-005076,Kicukiro,Masaka,Gitaraga,Residential,Active,2025-10-16,-1.967406,30.081048
CUST-005077,Gasabo,Gikomero,Kibara,Residential,Active,2024-10-28,-1.885516,30.096747
CUST-005078,Nyarugenge,Nyarugenge,Rwampara,Non-Residential,Active,2023-05-29,-1.965115,30.099062
CUST-005079,Gasabo,Bumbogo,Nkuzuzu,Residential,Active,2022-02-21,-1.872103,30.134988
CUST-005080,Gasabo,Gikomero,Gasagara,Residential,Active,2020-11-04,-1.867564,30.127371
CUST-005081,Nyarugenge,Nyakabanda,Nyakabanda II,Residential,Active,2025-11-07,-1.993152,30.043453
CUST-005082,Nyarugenge,Kimisagara,Katabaro,Residential,Active,2025-09-25,-1.986678,30.099889
CUST-005083,Gasabo,Ndera,Rudashya,Residential,Active,2025-03-29,-1.9177,30.132702
CUST-005084,Kicukiro,Kicukiro,Ngoma,Residential,Active,2024-11-10,-1.983228,30.137277
CUST-005085,Gasabo,Rutunga,Kigabiro,Residential,Active,2023-03-14,-1.92409,30.106255
CUST-005086,Nyarugenge,Gitega,Kigarama,Residential,Suspended,2025-10-25,-1.922926,30.031159
CUST-005087,Gasabo,Nduba,Shango,Residential,Active,2022-03-10,-1.865782,30.193846
CUST-005088,Gasabo,Rusororo,Gasagara,Residential,Active,2023-11-11,-1.909884,30.186762
CUST-005089,Gasabo,Kacyiru,Kibaza,Residential,Active,2021-02-21,-1.886031,30.159569
CUST-005090,Kicukiro,Gahanga,Murinja,Residential,Active,2023-01-14,-1.960732,30.123034
CUST-005091,Kicukiro,Gahanga,Murinja,Residential,Active,2023-07-23,-1.964123,30.100807
CUST-005092,Gasabo,Kimironko,Nyagatovu,Residential,Active,2022-04-02,-1.869571,30.134803
CUST-005093,Gasabo,Rusororo,Kabuga II,Residential,Active,2021-07-12,-1.911763,30.10449
CUST-005094,Gasabo,Ndera,Masoro,Residential,Active,2023-07-02,-1.867528,30.104553
CUST-005095,Gasabo,Kimihurura,Kamukina,Residential,Active,2024-02-09,-1.838986,30.132534
CUST-005096,Nyarugenge,Muhima,Amahoro,Residential,Active,2023-08-29,-1.946326,30.076647
CUST-005097,Gasabo,Kimironko,Bibare,Residential,Active,2020-08-08,-1.891191,30.193794
CUST-005098,Kicukiro,Gikondo,Kagunga,Residential,Active,2022-11-06,-1.976702,30.034464
CUST-005099,Kicukiro,Masaka,Mbabe,Residential,Disconnected,2020-11-13,-1.962565,30.060328
CUST-005100,Gasabo,Bumbogo,Mvuzo,Residential,Active,2023-04-07,-1.927842,30.167191
CUST-005101,Nyarugenge,Gitega,Akabahizi,Residential,Active,2021-12-18,-1.935755,30.092042
CUST-005102,Nyarugenge,Muhima,Kabeza,Residential,Suspended,2025-08-24,-1.973382,30.026019
CUST-005103,Gasabo,Gikomero,Munini,Residential,Active,2022-08-01,-1.907479,30.10304
CUST-005104,Nyarugenge,Gitega,Kigarama,Residential,Active,2023-10-02,-1.941336,30.020851
CUST-005105,Nyarugenge,Nyarugenge,Rwampara,Residential,Active,2021-12-20,-1.990259,30.089302
CUST-005106,Kicukiro,Gatenga,Gatenga,Residential,Active,2025-12-08,-1.960211,30.126433
CUST-005107,Nyarugenge,Kanyinya,Nzove,Industries,Active,2025-06-30,-1.96566,30.020201
CUST-005108,Nyarugenge,Muhima,Kabeza,Residential,Suspended,2025-04-05,-1.988555,30.052425
CUST-005109,Kicukiro,Kigarama,Bwerankori,Residential,Disconnected,2025-03-21,-1.993355,30.047242
CUST-005110,Kicukiro,Gahanga,Gahanga,Residential,Active,2021-09-05,-1.984889,30.087313
CUST-005111,Nyarugenge,Kanyinya,Nyamweru,Residential,Active,2025-11-02,-1.956851,30.090524
CUST-005112,Nyarugenge,Muhima,Kabasengerezi,Residential,Active,2025-06-16,-1.95213,30.024677
CUST-005113,Gasabo,Remera,Rukiri I,Residential,Active,2025-08-19,-1.914766,30.137103
CUST-005114,Kicukiro,Gikondo,Kagunga,Non-Residential,Active,2022-02-25,-1.96492,30.048497
CUST-005115,Gasabo,Nduba,Gasura,Residential,Active,2024-03-21,-1.878084,30.105491
CUST-005116,Gasabo,Gatsata,Nyamabuye,Residential,Active,2021-03-15,-1.899372,30.205826
CUST-005117,Nyarugenge,Kigali,Kigali,Residential,Suspended,2021-11-04,-1.928242,30.027464
CUST-005118,Gasabo,Ndera,Rudashya,Residential,Active,2020-05-29,-1.877745,30.152268
CUST-005119,Kicukiro,Kigarama,Nyarurama,Residential,Active,2023-07-10,-1.960241,30.145471
CUST-005120,Gasabo,Ndera,Cyaruzinge,Residential,Active,2023-03-28,-1.873435,30.132173
CUST-005121,Nyarugenge,Nyarugenge,Biryogo,Residential,Active,2023-04-12,-1.95706,30.070344
CUST-005122,Gasabo,Nduba,Butare,Residential,Active,2023-03-25,-1.914546,30.177168
CUST-005123,Gasabo,Nduba,Gasanze,Residential,Active,2021-04-09,-1.895615,30.16097
CUST-005124,Gasabo,Gikomero,Gicaca,Public Taps,Active,2024-01-02,-1.865925,30.107225
CUST-005125,Kicukiro,Gatenga,Gatenga,Residential,Active,2024-05-03,-1.911725,30.079678
CUST-005126,Gasabo,Ndera,Kibenga,Residential,Active,2024-06-05,-1.849757,30.100085
CUST-005127,Kicukiro,Kigarama,Kigarama,Residential,Active,2021-04-28,-1.946122,30.083722
CUST-005128,Nyarugenge,Muhima,Kabasengerezi,Residential,Disconnected,2022-10-13,-1.955583,30.059517
CUST-005129,Gasabo,Ndera,Masoro,Residential,Active,2023-12-08,-1.874404,30.187628
CUST-005130,Nyarugenge,Kanyinya,Nyamweru,Residential,Active,2024-09-11,-1.866695,30.07921
CUST-005131,Kicukiro,Gahanga,Kagasa,Residential,Active,2021-09-03,-2.000043,30.105166
CUST-005132,Gasabo,Ndera,Rudashya,Residential,Disconnected,2023-03-01,-1.875626,30.101275
CUST-005133,Nyarugenge,Rwezamenyo,Rwezamenyo I,Residential,Active,2024-01-10,-1.948984,30.013678
CUST-005134,Gasabo,Kimihurura,Kimihurura,Residential,Active,2022-02-01,-1.872538,30.13751
CUST-005135,Gasabo,Rusororo,Mbandazi,Residential,Active,2025-09-25,-1.82003,30.118339
CUST-005136,Gasabo,Nduba,Shango,Residential,Active,2020-12-21,-1.906882,30.161695
CUST-005137,Gasabo,Remera,Rukiri I,Residential,Active,2020-04-23,-1.88799,30.132408
CUST-005138,Kicukiro,Nyarugunga,Rwimbogo,Residential,Active,2020-09-30,-1.918083,30.107559
CUST-005139,Gasabo,Bumbogo,Kinyaga,Residential,Active,2023-07-07,-1.84812,30.179321
CUST-005140,Gasabo,Ndera,Cyaruzinge,Residential,Active,2022-06-24,-1.843028,30.113341
CUST-005141,Nyarugenge,Mageragere,Kankuba,Residential,Active,2022-05-22,-1.95184,30.091496
CUST-005142,Kicukiro,Gahanga,Nunga,Residential,Active,2020-01-25,-2.014972,30.118962
CUST-005143,Nyarugenge,Nyarugenge,Biryogo,Residential,Active,2025-08-29,-1.979333,30.067867
CUST-005144,Nyarugenge,Nyarugenge,Rwampara,Residential,Active,2020-11-25,-1.984974,30.03359
CUST-005145,Gasabo,Bumbogo,Ngara,Residential,Active,2024-03-20,-1.89427,30.153681
CUST-005146,Nyarugenge,Nyakabanda,Munanira II,Residential,Active,2021-01-03,-2.01003,30.101668
CUST-005147,Kicukiro,Kagarama,Rukatsa,Residential,Active,2024-05-15,-1.945998,30.079454
CUST-005148,Nyarugenge,Kigali,Ruriba,Residential,Suspended,2023-06-21,-1.929009,30.105407
CUST-005149,Nyarugenge,Nyarugenge,Kiyovu,Residential,Active,2022-11-14,-1.909623,30.109133
CUST-005150,Gasabo,Jali,Agateko,Residential,Active,2024-08-28,-1.901648,30.162756
CUST-005151,Gasabo,Nduba,Shango,Residential,Active,2023-07-06,-1.876589,30.16658
CUST-005152,Kicukiro,Kicukiro,Kagina,Residential,Active,2025-09-29,-1.958098,30.069738
CUST-005153,Nyarugenge,Kanyinya,Nzove,Residential,Active,2022-08-24,-1.917725,30.06878
CUST-005154,Nyarugenge,Kanyinya,Nzove,Residential,Active,2020-08-09,-1.995659,30.064952
CUST-005155,Kicukiro,Gahanga,Karembure,Residential,Active,2020-02-01,-2.001153,30.117588
CUST-005156,Gasabo,Rusororo,Kabuga II,Residential,Active,2022-11-19,-1.905506,30.145019
CUST-005157,Gasabo,Rusororo,Kinyana,Residential,Active,2021-01-03,-1.816846,30.146022
CUST-005158,Nyarugenge,Nyakabanda,Nyakabanda I,Residential,Active,2023-07-03,-1.953288,30.033168
CUST-005159,Kicukiro,Kigarama,Bwerankori,Residential,Suspended,2021-01-02,-1.952499,30.139322
CUST-005160,Gasabo,Kimironko,Bibare,Residential,Active,2022-04-17,-1.86704,30.136827
CUST-005161,Kicukiro,Masaka,Gitaraga,Residential,Active,2021-01-10,-1.98388,30.063997
CUST-005162,Gasabo,Bumbogo,Kinyaga,Residential,Active,2021-10-20,-1.869172,30.139397
CUST-005163,Gasabo,Jali,Nyabuliba,Residential,Active,2023-12-28,-1.865919,30.093596
CUST-005164,Kicukiro,Gatenga,Gatenga,Residential,Suspended,2023-04-02,-2.00287,30.137942
CUST-005165,Gasabo,Gikomero,Murambi,Residential,Active,2024-04-28,-1.882374,30.139775
CUST-005166,Nyarugenge,Kimisagara,Kimisagara,Residential,Active,2022-03-13,-1.975711,30.059527
CUST-005167,Nyarugenge,Gitega,Akabeza,Residential,Active,2025-01-22,-1.990752,30.067736
CUST-005168,Gasabo,Gatsata,Nyamugari,Residential,Active,2022-10-12,-1.871117,30.138915
CUST-005169,Kicukiro,Gahanga,Karembure,Residential,Active,2023-04-01,-1.977884,30.081633
CUST-005170,Kicukiro,Gikondo,Kagunga,Residential,Active,2023-05-12,-1.97147,30.104215
CUST-005171,Gasabo,Jali,Nkusi,Residential,Disconnected,2024-03-18,-1.854107,30.185024
CUST-005172,Nyarugenge,Kigali,Kigali,Residential,Active,2022-03-18,-1.994648,30.026298
CUST-005173,Kicukiro,Gatenga,Gatenga,Residential,Active,2024-12-29,-1.99909,30.104818
CUST-005174,Gasabo,Remera,Nyarutarama,Residential,Active,2023-12-27,-1.866367,30.157604
CUST-005175,Gasabo,Nduba,Sha,Residential,Active,2021-08-25,-1.881091,30.100184
CUST-005176,Gasabo,Rusororo,Kabuga II,Residential,Active,2021-01-14,-1.871143,30.119247
CUST-005177,Nyarugenge,Mageragere,Nyarurenzi,Residential,Active,2023-06-30,-1.945001,30.03152
CUST-005178,Nyarugenge,Mageragere,Nyarufunzo,Residential,Active,2023-01-07,-1.993273,30.085056
CUST-005179,Gasabo,Kacyiru,Kamutwa,Residential,Active,2020-01-10,-1.846125,30.09876
CUST-005180,Kicukiro,Kigarama,Karugira,Residential,Active,2022-04-17,-1.981532,30.102502
CUST-005181,Nyarugenge,Kigali,Kigali,Public Taps,Active,2020-03-08,-1.986983,30.094575
CUST-005182,Gasabo,Remera,Rukiri I,Residential,Active,2025-05-01,-1.917934,30.14062
CUST-005183,Nyarugenge,Nyarugenge,Kiyovu,Residential,Suspended,2020-08-30,-1.920709,29.997523
CUST-005184,Kicukiro,Gahanga,Rwabutenge,Residential,Active,2023-05-04,-1.986654,30.101036
CUST-005185,Gasabo,Gikomero,Murambi,Residential,Active,2022-09-06,-1.843132,30.060838
CUST-005186,Nyarugenge,Nyakabanda,Munanira II,Residential,Active,2025-07-16,-1.899359,30.051021
CUST-005187,Kicukiro,Gatenga,Karambo,Residential,Active,2021-09-26,-1.949808,30.082379
CUST-005188,Nyarugenge,Nyarugenge,Agatare,Non-Residential,Active,2025-04-27,-2.005526,30.131815
CUST-005189,Gasabo,Nduba,Muremure,Residential,Active,2021-05-25,-1.867329,30.14701
CUST-005190,Gasabo,Bumbogo,Nyabikenke,Residential,Active,2024-11-26,-1.905787,30.10127
CUST-005191,Gasabo,Ndera,Masoro,Residential,Active,2021-01-08,-1.858747,30.14429
CUST-005192,Gasabo,Jali,Nyakabungo,Residential,Active,2021-03-25,-1.873529,30.136025
CUST-005193,Kicukiro,Kigarama,Nyarurama,Residential,Active,2022-06-04,-1.976647,30.071971
CUST-005194,Gasabo,Gikomero,Murambi,Residential,Active,2025-03-24,-1.904828,30.167963
CUST-005195,Nyarugenge,Nyakabanda,Munanira I,Non-Residential,Active,2024-06-22,-1.939758,30.107666
CUST-005196,Nyarugenge,Muhima,Tetero,Residential,Active,2022-10-06,-1.992571,30.00244
CUST-005197,Gasabo,Bumbogo,Nyabikenke,Residential,Disconnected,2022-06-13,-1.86861,30.110347
CUST-005198,Gasabo,Ndera,Kibenga,Residential,Active,2021-09-27,-1.877448,30.091849
CUST-005199,Kicukiro,Nyarugunga,Rwimbogo,Residential,Active,2024-08-08,-2.015849,30.141767
CUST-005200,Gasabo,Nduba,Gasura,Residential,Active,2023-11-12,-1.907796,30.151019
CUST-005201,Nyarugenge,Mageragere,Mataba,Residential,Suspended,2023-11-23,-1.964886,30.073718
CUST-005202,Nyarugenge,Gitega,Kinyange,Residential,Active,2020-10-30,-1.985716,30.040876
CUST-005203,Gasabo,Rusororo,Ruhanga,Residential,Disconnected,2023-07-25,-1.918498,30.089587
CUST-005204,Gasabo,Remera,Rukiri II,Residential,Active,2023-07-14,-1.89662,30.104721
CUST-005205,Nyarugenge,Muhima,Kabeza,Residential,Active,2023-05-21,-1.910952,30.108497
CUST-005206,Kicukiro,Masaka,Ayabaraya,Residential,Active,2023-06-15,-1.953272,30.093008
CUST-005207,Kicukiro,Kagarama,Kanserege,Residential,Active,2021-12-22,-1.989511,30.107521
CUST-005208,Nyarugenge,Nyakabanda,Munanira II,Residential,Active,2022-06-19,-1.982139,30.04674
CUST-005209,Kicukiro,Gikondo,Kagunga,Residential,Active,2022-08-20,-1.941045,30.074145
CUST-005210,Gasabo,Bumbogo,Musave,Residential,Active,2025-11-16,-1.889813,30.115962
CUST-005211,Nyarugenge,Mageragere,Nyarurenzi,Residential,Disconnected,2024-04-05,-1.978889,30.120504
CUST-005212,Kicukiro,Kanombe,Busanza,Residential,Active,2025-04-04,-2.007467,30.110005
CUST-005213,Gasabo,Bumbogo,Nyagasozi,Residential,Active,2025-08-14,-1.876265,30.177247
CUST-005214,Gasabo,Gikomero,Murambi,Residential,Active,2022-10-07,-1.886773,30.115799
CUST-005215,Gasabo,Kinyinya,Kagugu,Residential,Active,2022-04-02,-1.936453,30.09583
CUST-005216,Nyarugenge,Mageragere,Runzenze,Residential,Active,2021-01-18,-1.941393,30.0855
CUST-005217,Gasabo,Bumbogo,Nkuzuzu,Residential,Active,2020-06-04,-1.882197,30.129562
CUST-005218,Gasabo,Rutunga,Gasabo,Residential,Active,2023-10-29,-1.885672,30.196443
CUST-005219,Kicukiro,Gatenga,Nyarurama,Residential,Active,2021-06-05,-1.95541,30.119044
CUST-005220,Gasabo,Kinyinya,Gacuriro,Residential,Active,2022-02-10,-1.89889,30.076213
CUST-005221,Gasabo,Rusororo,Kinyana,Residential,Active,2020-02-14,-1.878207,30.162841
CUST-005222,Gasabo,Rutunga,Indatemwa,Residential,Active,2021-04-26,-1.852697,30.141222
CUST-005223,Kicukiro,Gikondo,Kanserege,Residential,Active,2021-07-31,-1.983624,30.075506
CUST-005224,Kicukiro,Gahanga,Karembure,Residential,Disconnected,2023-09-01,-1.999754,30.116291
CUST-005225,Nyarugenge,Mageragere,Ntungamo,Residential,Active,2023-05-30,-1.978417,30.004068
CUST-005226,Kicukiro,Kigarama,Karugira,Residential,Active,2023-05-19,-2.008743,30.084059
CUST-005227,Gasabo,Rutunga,Kibenga,Residential,Active,2023-09-05,-1.877577,30.107653
CUST-005228,Gasabo,Kacyiru,Kamatamu,Residential,Active,2022-01-19,-1.913005,30.105593
CUST-005229,Kicukiro,Nyarugunga,Nonko,Residential,Active,2021-05-29,-1.997299,30.172277
CUST-005230,Kicukiro,Nyarugunga,Kamashashi,Public Taps,Active,2024-01-19,-1.979236,30.114877
CUST-005231,Gasabo,Kimihurura,Kamukina,Residential,Active,2025-04-27,-1.890553,30.102166
CUST-005232,Nyarugenge,Kigali,Kigali,Residential,Active,2024-04-11,-1.917551,30.096717
CUST-005233,Gasabo,Rusororo,Nyagahinga,Public Taps,Active,2024-11-10,-1.864981,30.125145
CUST-005234,Gasabo,Gisozi,Ruhango,Residential,Active,2023-02-16,-1.855111,30.090098
CUST-005235,Nyarugenge,Nyakabanda,Nyakabanda I,Residential,Active,2025-08-06,-2.028528,30.051655
CUST-005236,Kicukiro,Nyarugunga,Nonko,Residential,Active,2021-03-31,-2.020857,30.104383
CUST-005237,Kicukiro,Gahanga,Nunga,Public Taps,Active,2022-09-07,-1.966632,30.13359
CUST-005238,Kicukiro,Masaka,Gako,Residential,Active,2023-08-29,-1.993952,30.119798
CUST-005239,Gasabo,Kinyinya,Kagugu,Residential,Active,2021-09-03,-1.894299,30.115907
CUST-005240,Nyarugenge,Gitega,Akabahizi,Residential,Active,2020-01-01,-1.989414,30.036932
CUST-005241,Kicukiro,Masaka,Mbabe,Non-Residential,Active,2025-11-24,-2.060957,30.111653
CUST-005242,Gasabo,Kacyiru,Kibaza,Residential,Active,2025-01-20,-1.863224,30.169419
CUST-005243,Nyarugenge,Nyamirambo,Mumena,Residential,Transferred,2024-11-14,-2.01659,30.0787
CUST-005244,Kicukiro,Kicukiro,Gasharu,Residential,Active,2020-01-30,-1.977932,30.12913
CUST-005245,Gasabo,Gatsata,Nyamugari,Residential,Active,2020-06-09,-1.893087,30.059419
CUST-005246,Gasabo,Nduba,Butare,Residential,Active,2020-05-09,-1.873017,30.144922
CUST-005247,Kicukiro,Gikondo,Kagunga,Residential,Active,2023-11-01,-1.969442,30.122989
CUST-005248,Gasabo,Gisozi,Musezero,Residential,Active,2025-01-08,-1.897669,30.087358
CUST-005249,Nyarugenge,Gitega,Akabahizi,Residential,Active,2023-05-05,-1.988919,30.088083
CUST-005250,Kicukiro,Niboye,Gatare,Residential,Suspended,2023-01-21,-1.939996,30.066712
CUST-005251,Gasabo,Ndera,Mukuyu,Residential,Active,2024-01-23,-1.894806,30.194628
CUST-005252,Nyarugenge,Nyamirambo,Mumena,Residential,Active,2025-04-03,-1.984428,30.076211
CUST-005253,Gasabo,Jali,Agateko,Public Taps,Active,2024-10-07,-1.86234,30.131621
CUST-005254,Kicukiro,Gikondo,Kanserege,Residential,Active,2020-07-13,-1.990568,30.123057
CUST-005255,Nyarugenge,Muhima,Kabeza,Industries,Disconnected,2022-10-26,-1.959001,30.012629
CUST-005256,Gasabo,Rutunga,Gasabo,Residential,Active,2022-04-30,-1.894118,30.133689
CUST-005257,Gasabo,Kinyinya,Gacuriro,Residential,Active,2023-06-23,-1.850546,30.124236
CUST-005258,Nyarugenge,Nyakabanda,Nyakabanda I,Residential,Active,2024-06-26,-1.981399,30.042935
CUST-005259,Gasabo,Kimironko,Nyagatovu,Residential,Active,2025-07-03,-1.863144,30.093895
CUST-005260,Kicukiro,Gahanga,Gahanga,Non-Residential,Active,2022-01-09,-1.980543,30.078977
CUST-005261,Gasabo,Rusororo,Ruhanga,Residential,Active,2021-08-19,-1.875673,30.102171
CUST-005262,Kicukiro,Kagarama,Muyange,Residential,Active,2022-12-16,-1.997205,30.095844
CUST-005263,Nyarugenge,Mageragere,Kavumu,Residential,Active,2022-06-14,-1.981527,30.048144
CUST-005264,Gasabo,Ndera,Cyaruzinge,Residential,Transferred,2020-07-30,-1.896358,30.107939
CUST-005265,Nyarugenge,Gitega,Kigarama,Residential,Active,2021-01-25,-1.934308,30.067737
CUST-005266,Gasabo,Bumbogo,Mvuzo,Non-Residential,Active,2024-11-28,-1.864126,30.178299
CUST-005267,Kicukiro,Kanombe,Karama,Residential,Active,2020-12-01,-2.013199,30.09065
CUST-005268,Gasabo,Kinyinya,Kagugu,Residential,Active,2024-07-24,-1.886536,30.132153
CUST-005269,Nyarugenge,Nyamirambo,Cyivugiza,Residential,Active,2020-09-03,-1.976069,30.003813
CUST-005270,Gasabo,Jali,Nyakabungo,Residential,Active,2023-09-09,-1.888337,30.122211
CUST-005271,Gasabo,Remera,Nyabisindu,Residential,Active,2025-06-14,-1.86396,30.135701
CUST-005272,Gasabo,Jabana,Kidashya,Residential,Disconnected,2022-03-10,-1.819337,30.12504
CUST-005273,Nyarugenge,Gitega,Gacyamo,Residential,Active,2020-06-08,-1.917657,30.126146
CUST-005274,Nyarugenge,Kimisagara,Katabaro,Residential,Active,2022-01-29,-1.949274,30.063094
CUST-005275,Kicukiro,Gikondo,Kagunga,Public Taps,Active,2025-07-07,-1.9817,30.087268
CUST-005276,Gasabo,Jali,Nyabuliba,Residential,Active,2025-02-04,-1.892924,30.144412
CUST-005277,Kicukiro,Gatenga,Karambo,Residential,Active,2025-05-12,-1.982964,30.129249
CUST-005278,Gasabo,Kimironko,Nyagatovu,Residential,Active,2023-04-20,-1.880501,30.166665
CUST-005279,Gasabo,Remera,Nyarutarama,Residential,Active,2021-08-12,-1.842941,30.149029
CUST-005280,Gasabo,Kimironko,Nyagatovu,Residential,Active,2021-07-07,-1.877919,30.105201
CUST-005281,Kicukiro,Masaka,Mbabe,Residential,Active,2025-09-29,-2.051489,30.054888
CUST-005282,Nyarugenge,Nyarugenge,Rwampara,Residential,Active,2020-05-14,-1.9161,30.060588
CUST-005283,Kicukiro,Gikondo,Kinunga,Residential,Active,2023-05-25,-1.966344,30.108794
CUST-005284,Nyarugenge,Kanyinya,Taba,Non-Residential,Disconnected,2025-12-25,-2.032165,30.100963
CUST-005285,Nyarugenge,Nyarugenge,Biryogo,Residential,Active,2024-11-02,-1.978189,30.052174
CUST-005286,Nyarugenge,Kimisagara,Katabaro,Residential,Active,2024-05-02,-2.015977,30.043464
CUST-005287,Gasabo,Gikomero,Gicaca,Non-Residential,Active,2022-06-18,-1.850772,30.104995
CUST-005288,Gasabo,Jabana,Kidashya,Residential,Active,2021-01-09,-1.864771,30.097885
CUST-005289,Kicukiro,Kagarama,Muyange,Residential,Active,2020-09-24,-1.973956,30.069791
CUST-005290,Gasabo,Jali,Buhiza,Residential,Active,2023-02-15,-1.838792,30.100136
CUST-005291,Kicukiro,Masaka,Gitaraga,Residential,Active,2020-04-18,-1.975875,30.123829
CUST-005292,Nyarugenge,Nyakabanda,Nyakabanda I,Residential,Active,2022-04-12,-1.963685,30.072932
CUST-005293,Nyarugenge,Muhima,Tetero,Residential,Suspended,2025-08-23,-1.976667,30.070275
CUST-005294,Kicukiro,Gahanga,Rwabutenge,Residential,Active,2023-03-14,-1.960221,30.058654
CUST-005295,Gasabo,Kimironko,Bibare,Residential,Active,2022-01-06,-1.916982,30.179635
CUST-005296,Gasabo,Kinyinya,Murama,Residential,Active,2023-02-14,-1.890232,30.143685
CUST-005297,Nyarugenge,Mageragere,Kankuba,Residential,Active,2021-06-12,-1.874469,30.031004
CUST-005298,Nyarugenge,Nyamirambo,Mumena,Residential,Disconnected,2020-02-15,-1.902881,30.075031
CUST-005299,Gasabo,Jali,Agateko,Residential,Active,2022-06-09,-1.84783,30.179165
CUST-005300,Gasabo,Nduba,Butare,Residential,Active,2023-06-29,-1.890407,30.128119
CUST-005301,Gasabo,Rusororo,Gasagara,Residential,Active,2021-05-07,-1.908958,30.114527
CUST-005302,Nyarugenge,Kimisagara,Kamuhoza,Residential,Transferred,2020-04-06,-1.99009,30.042805
CUST-005303,Gasabo,Jali,Nyamitanga,Residential,Active,2022-09-05,-1.864778,30.153021
CUST-005304,Nyarugenge,Kigali,Rwesero,Residential,Active,2023-12-01,-1.954054,30.078316
CUST-005305,Gasabo,Rusororo,Ruhanga,Residential,Active,2022-07-29,-1.829597,30.114432
CUST-005306,Gasabo,Rusororo,Kabuga II,Residential,Active,2025-06-12,-1.903177,30.084896
CUST-005307,Gasabo,Nduba,Gatunga,Residential,Active,2023-09-19,-1.898341,30.085185
CUST-005308,Nyarugenge,Nyarugenge,Agatare,Residential,Suspended,2020-07-08,-1.940346,30.041821
CUST-005309,Nyarugenge,Kimisagara,Katabaro,Residential,Active,2021-03-20,-1.933064,30.086641
CUST-005310,Nyarugenge,Kimisagara,Katabaro,Public Taps,Active,2020-08-24,-1.957044,30.059061
CUST-005311,Kicukiro,Gatenga,Nyarurama,Residential,Active,2022-06-30,-1.986128,30.095933
CUST-005312,Kicukiro,Gatenga,Nyarurama,Residential,Suspended,2020-08-16,-2.055088,30.123701
CUST-005313,Kicukiro,Kigarama,Nyarurama,Industries,Disconnected,2024-05-09,-1.935824,30.112937
CUST-005314,Nyarugenge,Nyarugenge,Rwampara,Industries,Active,2022-04-27,-1.94278,30.014803
CUST-005315,Nyarugenge,Kimisagara,Kamuhoza,Residential,Active,2022-01-05,-1.922631,30.109594
CUST-005316,Gasabo,Remera,Nyarutarama,Residential,Active,2022-04-23,-1.886648,30.122307
CUST-005317,Nyarugenge,Mageragere,Kavumu,Public Taps,Active,2020-03-30,-1.96217,30.11257
CUST-005318,Nyarugenge,Gitega,Kora,Residential,Active,2022-07-02,-1.921388,30.030674
CUST-005319,Gasabo,Kimihurura,Kimihurura,Residential,Active,2020-04-22,-1.895104,30.189563
CUST-005320,Nyarugenge,Muhima,Rugenge,Residential,Disconnected,2022-07-13,-2.010646,30.039242
CUST-005321,Gasabo,Rusororo,Mbandazi,Residential,Active,2020-04-03,-1.820979,30.146439
CUST-005322,Nyarugenge,Muhima,Ubumwe,Residential,Active,2020-10-07,-1.942157,30.006745
CUST-005323,Kicukiro,Nyarugunga,Nonko,Non-Residential,Active,2024-11-02,-2.044023,30.139382
CUST-005324,Nyarugenge,Kigali,Ruriba,Residential,Active,2022-02-08,-1.928317,30.006108
CUST-005325,Nyarugenge,Muhima,Tetero,Residential,Active,2022-08-03,-1.959392,30.055774
CUST-005326,Kicukiro,Gatenga,Gatenga,Residential,Active,2024-04-18,-1.942775,30.075896
CUST-005327,Nyarugenge,Mageragere,Nyarurenzi,Residential,Active,2021-07-23,-2.008538,30.022525
CUST-005328,Kicukiro,Gahanga,Murinja,Residential,Active,2022-05-04,-1.931439,30.14925
CUST-005329,Gasabo,Rutunga,Indatemwa,Residential,Active,2021-11-05,-1.872212,30.185155
CUST-005330,Nyarugenge,Muhima,Ubumwe,Residential,Active,2024-11-09,-1.962902,30.060296
CUST-005331,Gasabo,Nduba,Muremure,Residential,Transferred,2024-05-18,-1.904762,30.162295
CUST-005332,Gasabo,Rusororo,Nyagahinga,Residential,Active,2021-06-24,-1.822692,30.116643
CUST-005333,Gasabo,Bumbogo,Musave,Residential,Active,2025-07-05,-1.893379,30.123908
CUST-005334,Gasabo,Jabana,Akamatamu,Residential,Disconnected,2023-01-12,-1.82443,30.142502
CUST-005335,Nyarugenge,Rwezamenyo,Rwezamenyo I,Residential,Active,2020-02-29,-1.969398,30.127639
CUST-005336,Gasabo,Nduba,Sha,Residential,Active,2024-01-31,-1.92823,30.113665
CUST-005337,Nyarugenge,Nyarugenge,Rwampara,Residential,Active,2021-02-28,-1.987784,30.099313
CUST-005338,Kicukiro,Kigarama,Bwerankori,Residential,Suspended,2024-01-17,-1.981298,30.131166
CUST-005339,Kicukiro,Gahanga,Karembure,Residential,Active,2021-09-21,-2.019743,30.068615
CUST-005340,Kicukiro,Gatenga,Nyanza,Non-Residential,Active,2024-11-19,-1.97835,30.114011
CUST-005341,Gasabo,Ndera,Cyaruzinge,Residential,Active,2025-01-02,-1.891139,30.141637
CUST-005342,Gasabo,Rusororo,Ruhanga,Residential,Active,2021-01-13,-1.900528,30.09651
CUST-005343,Kicukiro,Kanombe,Kabeza,Residential,Active,2025-10-10,-2.003555,30.057003
CUST-005344,Gasabo,Nduba,Muremure,Residential,Active,2021-06-08,-1.831822,30.152285
CUST-005345,Gasabo,Kacyiru,Kibaza,Residential,Active,2025-09-04,-1.87817,30.142577
CUST-005346,Gasabo,Kimihurura,Kamukina,Residential,Active,2022-09-06,-1.866022,30.163411
CUST-005347,Kicukiro,Niboye,Nyakabanda,Residential,Active,2021-04-07,-1.97914,30.125966
CUST-005348,Kicukiro,Masaka,Rusheshe,Residential,Active,2023-06-07,-1.973201,30.116752
CUST-005349,Kicukiro,Gikondo,Kanserege,Residential,Active,2025-05-14,-1.996058,30.083771
CUST-005350,Kicukiro,Masaka,Cyimo,Non-Residential,Active,2024-03-20,-1.958565,30.109745
CUST-005351,Gasabo,Jali,Nyamitanga,Residential,Active,2024-01-20,-1.889964,30.152648
CUST-005352,Gasabo,Nduba,Gasanze,Residential,Active,2021-08-11,-1.902656,30.075509
CUST-005353,Kicukiro,Gahanga,Kagasa,Residential,Active,2022-08-15,-1.975399,30.085044
CUST-005354,Gasabo,Jali,Nyamitanga,Residential,Active,2023-08-21,-1.921175,30.100964
CUST-005355,Nyarugenge,Rwezamenyo,Rwezamenyo I,Residential,Active,2025-11-08,-2.052827,30.105261
CUST-005356,Gasabo,Jabana,Kabuye,Residential,Active,2025-06-07,-1.897105,30.093826
CUST-005357,Gasabo,Gisozi,Ruhango,Residential,Disconnected,2023-04-16,-1.867148,30.200821
CUST-005358,Nyarugenge,Nyamirambo,Gasharu,Residential,Suspended,2020-12-31,-1.983787,29.995578
CUST-005359,Nyarugenge,Rwezamenyo,Rwezamenyo II,Residential,Disconnected,2022-09-04,-1.950904,30.111895
CUST-005360,Gasabo,Gikomero,Gicaca,Residential,Active,2021-11-12,-1.876256,30.152041
CUST-005361,Nyarugenge,Gitega,Gacyamo,Residential,Active,2022-09-04,-1.948381,30.062534
CUST-005362,Nyarugenge,Muhima,Kabasengerezi,Residential,Active,2020-08-30,-1.997802,30.077301
CUST-005363,Kicukiro,Kicukiro,Kagina,Residential,Active,2024-02-13,-1.935377,30.06427
CUST-005364,Gasabo,Remera,Rukiri I,Residential,Active,2022-04-20,-1.878063,30.161701
CUST-005365,Nyarugenge,Mageragere,Nyarufunzo,Residential,Active,2021-07-02,-1.997919,30.076026
CUST-005366,Gasabo,Rusororo,Nyagahinga,Residential,Suspended,2023-04-19,-1.887339,30.16781
CUST-005367,Gasabo,Rutunga,Kigabiro,Residential,Active,2021-05-04,-1.884321,30.186915
CUST-005368,Nyarugenge,Muhima,Tetero,Residential,Active,2023-07-26,-2.023032,29.997636
CUST-005369,Kicukiro,Kicukiro,Kicukiro,Residential,Active,2021-04-14,-1.982187,30.13612
CUST-005370,Gasabo,Rutunga,Gasabo,Residential,Active,2022-06-06,-1.876254,30.067142
CUST-005371,Gasabo,Rutunga,Kabaliza,Residential,Suspended,2023-10-22,-1.869275,30.137008
CUST-005372,Kicukiro,Kagarama,Muyange,Residential,Active,2022-08-03,-1.985016,30.101525
CUST-005373,Nyarugenge,Mageragere,Ntungamo,Residential,Active,2024-03-27,-1.947041,30.083439
CUST-005374,Nyarugenge,Gitega,Kora,Residential,Active,2021-12-22,-1.974539,30.051493
CUST-005375,Gasabo,Kimihurura,Rugando,Public Taps,Active,2021-05-15,-1.892598,30.167416
CUST-005376,Gasabo,Ndera,Masoro,Residential,Active,2025-06-24,-1.927729,30.117712
CUST-005377,Gasabo,Jabana,Bweramvura,Residential,Suspended,2020-04-29,-1.853718,30.113945
CUST-005378,Gasabo,Bumbogo,Mvuzo,Residential,Active,2022-11-11,-1.916492,30.100595
CUST-005379,Gasabo,Jabana,Ngiryi,Residential,Active,2022-02-08,-1.867624,30.163284
CUST-005380,Gasabo,Kimironko,Bibare,Public Taps,Active,2021-11-01,-1.847681,30.167001
CUST-005381,Gasabo,Gatsata,Karuruma,Residential,Active,2021-09-03,-1.884507,30.141235
CUST-005382,Gasabo,Bumbogo,Nkuzuzu,Residential,Active,2023-11-19,-1.86548,30.110583
CUST-005383,Kicukiro,Gahanga,Rwabutenge,Non-Residential,Active,2024-02-05,-2.010415,30.103182
CUST-005384,Nyarugenge,Nyakabanda,Munanira I,Residential,Active,2022-10-06,-1.984095,30.067279
CUST-005385,Gasabo,Ndera,Bwiza,Residential,Active,2025-06-04,-1.90533,30.153986
CUST-005386,Kicukiro,Niboye,Nyakabanda,Residential,Active,2024-07-10,-2.010882,30.114514
CUST-005387,Nyarugenge,Gitega,Kigarama,Residential,Active,2023-07-05,-1.966442,30.048213
CUST-005388,Nyarugenge,Gitega,Gacyamo,Residential,Suspended,2020-06-09,-1.935989,29.998931
CUST-005389,Kicukiro,Kicukiro,Kicukiro,Residential,Disconnected,2022-05-08,-1.987718,30.131837
CUST-005390,Gasabo,Nduba,Butare,Residential,Suspended,2022-08-06,-1.869787,30.153999
CUST-005391,Gasabo,Nduba,Gasanze,Residential,Active,2023-05-10,-1.881141,30.105526
CUST-005392,Nyarugenge,Kimisagara,Kimisagara,Residential,Active,2025-07-04,-1.923018,30.121465
CUST-005393,Kicukiro,Masaka,Gako,Residential,Active,2021-09-01,-1.972215,30.091608
CUST-005394,Kicukiro,Kigarama,Karugira,Residential,Active,2022-12-02,-2.002811,30.062519
CUST-005395,Gasabo,Bumbogo,Musave,Non-Residential,Active,2020-08-31,-1.896495,30.097075
CUST-005396,Gasabo,Jabana,Bweramvura,Residential,Active,2025-11-15,-1.840783,30.126393
CUST-005397,Nyarugenge,Kigali,Rwesero,Residential,Active,2023-08-30,-1.999923,30.135852
CUST-005398,Nyarugenge,Nyakabanda,Munanira I,Residential,Active,2025-10-29,-2.037382,30.033664
CUST-005399,Nyarugenge,Rwezamenyo,Rwezamenyo I,Residential,Active,2024-04-26,-1.9661,30.056269
CUST-005400,Gasabo,Ndera,Bwiza,Residential,Disconnected,2021-01-27,-1.907697,30.099001
CUST-005401,Gasabo,Ndera,Cyaruzinge,Residential,Active,2024-04-25,-1.845606,30.148183
CUST-005402,Gasabo,Jabana,Ngiryi,Residential,Active,2024-06-01,-1.899636,30.14244
CUST-005403,Gasabo,Rutunga,Kabaliza,Residential,Active,2024-12-20,-1.910251,30.129424
CUST-005404,Nyarugenge,Nyarugenge,Kiyovu,Residential,Active,2023-07-11,-1.966234,30.026398
CUST-005405,Gasabo,Kinyinya,Murama,Non-Residential,Disconnected,2023-10-01,-1.904026,30.129632
CUST-005406,Nyarugenge,Mageragere,Nyarurenzi,Residential,Active,2021-04-24,-1.995056,30.070962
CUST-005407,Gasabo,Remera,Nyarutarama,Residential,Active,2020-07-17,-1.883776,30.148026
CUST-005408,Nyarugenge,Nyarugenge,Biryogo,Residential,Active,2024-11-05,-1.938609,30.081716
CUST-005409,Nyarugenge,Gitega,Kora,Residential,Active,2025-09-23,-1.998014,30.052311
CUST-005410,Gasabo,Rutunga,Indatemwa,Residential,Active,2020-03-14,-1.88051,30.148859
CUST-005411,Gasabo,Nduba,Gasura,Residential,Active,2022-12-04,-1.814477,30.20207
CUST-005412,Kicukiro,Nyarugunga,Rwimbogo,Residential,Active,2020-07-11,-2.036275,30.065766
CUST-005413,Nyarugenge,Muhima,Rugenge,Residential,Active,2022-08-30,-1.927086,30.077517
CUST-005414,Nyarugenge,Gitega,Akabahizi,Residential,Active,2021-10-27,-1.937012,30.088631
CUST-005415,Nyarugenge,Nyakabanda,Nyakabanda I,Residential,Suspended,2023-02-07,-1.987795,30.040079
CUST-005416,Nyarugenge,Gitega,Kinyange,Residential,Active,2025-03-22,-1.965727,30.065636
CUST-005417,Kicukiro,Kigarama,Karugira,Non-Residential,Active,2023-01-05,-1.942198,30.119768
CUST-005418,Kicukiro,Kicukiro,Ngoma,Industries,Active,2024-06-18,-1.954019,30.085274
CUST-005419,Nyarugenge,Mageragere,Kavumu,Residential,Active,2025-05-12,-2.005719,29.979682
CUST-005420,Kicukiro,Gahanga,Murinja,Residential,Active,2023-04-21,-1.916383,30.127115
CUST-005421,Kicukiro,Gahanga,Nunga,Residential,Active,2025-09-01,-1.952746,30.096172
CUST-005422,Gasabo,Ndera,Bwiza,Residential,Active,2020-01-16,-1.947807,30.11658
CUST-005423,Kicukiro,Kigarama,Nyarurama,Residential,Transferred,2021-03-15,-2.02154,30.096871
CUST-005424,Gasabo,Remera,Rukiri I,Residential,Active,2022-04-05,-1.905126,30.135982
CUST-005425,Nyarugenge,Muhima,Tetero,Residential,Active,2023-02-27,-1.987899,30.015961
CUST-005426,Nyarugenge,Kanyinya,Taba,Residential,Active,2024-03-16,-1.961589,30.084414
CUST-005427,Kicukiro,Kigarama,Bwerankori,Non-Residential,Active,2025-08-22,-1.997248,30.095343
CUST-005428,Nyarugenge,Nyakabanda,Nyakabanda I,Residential,Active,2020-10-13,-1.907557,30.04253
CUST-005429,Kicukiro,Kanombe,Rubirizi,Residential,Active,2021-02-19,-1.942775,30.105317
CUST-005430,Gasabo,Kimihurura,Rugando,Residential,Active,2023-07-12,-1.900994,30.162004
CUST-005431,Gasabo,Rusororo,Gasagara,Residential,Active,2020-10-24,-1.883154,30.118144
CUST-005432,Gasabo,Gisozi,Ruhango,Residential,Suspended,2024-07-20,-1.861946,30.148103
CUST-005433,Nyarugenge,Nyarugenge,Biryogo,Residential,Active,2025-07-20,-2.021913,29.981742
CUST-005434,Gasabo,Ndera,Mukuyu,Residential,Active,2025-07-05,-1.89921,30.099931
CUST-005435,Gasabo,Rutunga,Gasabo,Residential,Active,2021-10-31,-1.869399,30.129849
CUST-005436,Kicukiro,Kanombe,Rubirizi,Residential,Active,2020-09-25,-1.970357,30.106962
CUST-005437,Nyarugenge,Gitega,Kigarama,Residential,Active,2020-03-15,-1.924432,30.079556
CUST-005438,Kicukiro,Kicukiro,Kicukiro,Residential,Suspended,2023-05-11,-1.99161,30.097382
CUST-005439,Gasabo,Gikomero,Gasagara,Industries,Active,2025-05-06,-1.871395,30.125894
CUST-005440,Gasabo,Rutunga,Kibenga,Industries,Active,2022-09-19,-1.900418,30.116013
CUST-005441,Gasabo,Kimironko,Nyagatovu,Residential,Active,2023-04-06,-1.863474,30.139366
CUST-005442,Kicukiro,Gikondo,Kagunga,Residential,Suspended,2021-09-02,-1.959448,30.114874
CUST-005443,Gasabo,Nduba,Gasura,Industries,Active,2025-07-26,-1.80462,30.218801
CUST-005444,Gasabo,Nduba,Gatunga,Non-Residential,Active,2025-02-07,-1.851219,30.09355
CUST-005445,Nyarugenge,Mageragere,Nyarufunzo,Residential,Suspended,2024-09-14,-1.975051,30.073999
CUST-005446,Gasabo,Kinyinya,Kagugu,Residential,Active,2025-11-01,-1.847506,30.174356
CUST-005447,Gasabo,Rutunga,Kacyatwa,Industries,Active,2025-12-05,-1.870954,30.133853
CUST-005448,Nyarugenge,Muhima,Tetero,Residential,Disconnected,2021-01-12,-1.994723,30.066569
CUST-005449,Gasabo,Bumbogo,Ngara,Residential,Active,2023-09-16,-1.870718,30.151361
CUST-005450,Gasabo,Bumbogo,Musave,Residential,Active,2021-08-21,-1.894387,30.123196
CUST-005451,Gasabo,Gisozi,Musezero,Residential,Active,2025-09-05,-1.902385,30.12131
CUST-005452,Gasabo,Jali,Buhiza,Residential,Active,2021-08-09,-1.892343,30.125658
CUST-005453,Gasabo,Jabana,Bweramvura,Residential,Active,2020-09-27,-1.881021,30.117112
CUST-005454,Nyarugenge,Kigali,Kigali,Residential,Active,2023-01-21,-1.967001,30.044439
CUST-005455,Kicukiro,Niboye,Niboye,Residential,Active,2022-03-15,-1.977176,30.071451
CUST-005456,Gasabo,Jali,Nyamitanga,Residential,Active,2025-03-13,-1.894998,30.134938
CUST-005457,Kicukiro,Kicukiro,Kagina,Residential,Active,2021-09-10,-1.977367,30.064559
CUST-005458,Gasabo,Gikomero,Murambi,Residential,Active,2022-05-23,-1.920688,30.136309
CUST-005459,Nyarugenge,Muhima,Nyabugogo,Residential,Active,2020-01-13,-1.998895,30.060415
CUST-005460,Gasabo,Nduba,Shango,Residential,Active,2022-10-01,-1.897367,30.119734
CUST-005461,Gasabo,Rutunga,Kibenga,Residential,Active,2022-07-05,-1.897606,30.13195
CUST-005462,Kicukiro,Gahanga,Gahanga,Residential,Active,2022-06-01,-1.974243,30.082945
CUST-005463,Nyarugenge,Muhima,Kabasengerezi,Residential,Active,2025-02-11,-1.946271,30.08229
CUST-005464,Nyarugenge,Nyamirambo,Rugarama,Residential,Active,2022-05-01,-2.006402,30.028368
CUST-005465,Kicukiro,Kanombe,Busanza,Residential,Active,2024-02-18,-1.956108,30.098999
CUST-005466,Kicukiro,Gahanga,Kagasa,Residential,Active,2025-09-28,-1.984033,30.0849
CUST-005467,Kicukiro,Kigarama,Kigarama,Non-Residential,Active,2021-01-20,-1.967389,30.091542
CUST-005468,Kicukiro,Masaka,Rusheshe,Residential,Active,2023-07-04,-1.97328,30.11584
CUST-005469,Gasabo,Kimihurura,Rugando,Residential,Active,2021-05-28,-1.93989,30.172945
CUST-005470,Kicukiro,Nyarugunga,Rwimbogo,Residential,Active,2021-06-01,-1.974949,30.122475
CUST-005471,Gasabo,Ndera,Cyaruzinge,Residential,Active,2025-12-29,-1.844075,30.15112
CUST-005472,Nyarugenge,Muhima,Tetero,Residential,Active,2025-07-14,-1.953669,30.038066
CUST-005473,Gasabo,Gatsata,Nyamabuye,Residential,Active,2023-07-23,-1.905006,30.118752
CUST-005474,Kicukiro,Nyarugunga,Rwimbogo,Residential,Active,2020-05-29,-1.987371,30.08696
CUST-005475,Gasabo,Gikomero,Kibara,Residential,Active,2025-03-24,-1.885642,30.129663
CUST-005476,Nyarugenge,Mageragere,Nyarurenzi,Residential,Active,2020-08-21,-1.950364,30.066805
CUST-005477,Kicukiro,Kigarama,Rwampara,Residential,Active,2022-05-25,-2.06267,30.091429
CUST-005478,Kicukiro,Gikondo,Kinunga,Residential,Active,2024-09-08,-1.978732,30.066809
CUST-005479,Kicukiro,Niboye,Nyakabanda,Residential,Active,2022-01-22,-1.976691,30.084805
CUST-005480,Nyarugenge,Mageragere,Kankuba,Residential,Active,2024-08-18,-1.986759,30.054731
CUST-005481,Gasabo,Bumbogo,Musave,Residential,Active,2025-08-02,-1.85436,30.137756
CUST-005482,Gasabo,Remera,Nyabisindu,Residential,Active,2021-05-10,-1.864497,30.095598
CUST-005483,Nyarugenge,Gitega,Kinyange,Residential,Active,2023-09-15,-1.975638,30.089686
CUST-005484,Gasabo,Nduba,Sha,Residential,Active,2020-09-15,-1.895856,30.191001
CUST-005485,Kicukiro,Niboye,Gatare,Residential,Active,2020-02-23,-1.915058,30.086387
CUST-005486,Gasabo,Bumbogo,Nyagasozi,Residential,Active,2025-01-06,-1.897784,30.13771
CUST-005487,Gasabo,Jali,Muko,Residential,Active,2025-12-22,-1.898271,30.170732
CUST-005488,Kicukiro,Niboye,Nyakabanda,Residential,Suspended,2021-09-05,-1.973117,30.108082
CUST-005489,Gasabo,Nduba,Gatunga,Residential,Active,2023-08-29,-1.87151,30.038043
CUST-005490,Gasabo,Bumbogo,Nyabikenke,Public Taps,Active,2024-09-16,-1.8719,30.107423
CUST-005491,Gasabo,Ndera,Bwiza,Residential,Active,2020-02-19,-1.885903,30.115225
CUST-005492,Gasabo,Gikomero,Murambi,Public Taps,Disconnected,2025-01-30,-1.908238,30.114369
CUST-005493,Gasabo,Rusororo,Kabuga I,Residential,Active,2021-01-08,-1.888814,30.093691
CUST-005494,Nyarugenge,Kanyinya,Taba,Residential,Active,2022-09-11,-1.979517,30.038945
CUST-005495,Kicukiro,Niboye,Nyakabanda,Residential,Active,2023-09-21,-1.947233,30.107403
CUST-005496,Nyarugenge,Rwezamenyo,Rwezamenyo I,Residential,Active,2022-06-02,-1.969659,30.016343
CUST-005497,Gasabo,Ndera,Bwiza,Residential,Active,2022-11-18,-1.865238,30.107901
CUST-005498,Nyarugenge,Nyarugenge,Kiyovu,Residential,Active,2021-06-22,-1.943479,30.09102
CUST-005499,Kicukiro,Nyarugunga,Rwimbogo,Residential,Suspended,2022-07-09,-1.983017,30.111879
CUST-005500,Nyarugenge,Kigali,Ruriba,Industries,Active,2025-06-12,-1.95553,30.036147
CUST-005501,Gasabo,Ndera,Bwiza,Residential,Active,2022-02-12,-1.899307,30.123271
CUST-005502,Kicukiro,Gatenga,Karambo,Non-Residential,Active,2021-11-08,-2.00688,30.109244
CUST-005503,Nyarugenge,Mageragere,Kankuba,Residential,Disconnected,2020-10-12,-1.963576,30.062141
CUST-005504,Nyarugenge,Muhima,Kabeza,Residential,Active,2023-03-17,-1.995816,30.064709
CUST-005505,Nyarugenge,Rwezamenyo,Kabuguru II,Residential,Active,2024-07-29,-1.960033,30.002592
CUST-005506,Nyarugenge,Nyarugenge,Biryogo,Residential,Active,2024-03-14,-1.932546,30.060502
CUST-005507,Nyarugenge,Kanyinya,Nyamweru,Residential,Active,2020-07-01,-1.965427,30.028668
CUST-005508,Kicukiro,Masaka,Gitaraga,Residential,Active,2023-09-07,-1.989512,30.132453
CUST-005509,Gasabo,Rusororo,Mbandazi,Residential,Active,2025-02-09,-1.874323,30.137626
CUST-005510,Gasabo,Kacyiru,Kibaza,Residential,Active,2024-01-03,-1.896294,30.115377
CUST-005511,Gasabo,Gikomero,Kibara,Residential,Disconnected,2024-08-26,-1.882993,30.131324
CUST-005512,Kicukiro,Masaka,Gitaraga,Residential,Active,2022-11-25,-1.946374,30.104893
CUST-005513,Gasabo,Nduba,Butare,Residential,Active,2022-02-03,-1.883844,30.148619
CUST-005514,Nyarugenge,Kigali,Mwendo,Residential,Active,2020-04-21,-1.96799,30.016148
CUST-005515,Nyarugenge,Muhima,Amahoro,Residential,Active,2023-11-23,-1.940713,30.063008
CUST-005516,Gasabo,Jali,Nkusi,Residential,Active,2024-03-25,-1.87333,30.161813
CUST-005517,Gasabo,Kinyinya,Gasharu,Residential,Active,2021-05-17,-1.899588,30.135579
CUST-005518,Gasabo,Jali,Nkusi,Non-Residential,Active,2025-11-29,-1.912549,30.159309
CUST-005519,Nyarugenge,Gitega,Kinyange,Residential,Active,2022-08-26,-1.970812,30.119779
CUST-005520,Nyarugenge,Mageragere,Runzenze,Residential,Active,2020-08-13,-2.008124,30.035508
CUST-005521,Nyarugenge,Kimisagara,Kamuhoza,Residential,Active,2020-05-02,-1.977633,30.058583
CUST-005522,Nyarugenge,Kimisagara,Kamuhoza,Non-Residential,Active,2023-12-07,-1.98078,30.033832
CUST-005523,Kicukiro,Kagarama,Kanserege,Residential,Active,2021-12-26,-1.941806,30.070207
CUST-005524,Kicukiro,Masaka,Mbabe,Residential,Suspended,2021-08-12,-1.947859,30.067554
CUST-005525,Gasabo,Kimironko,Bibare,Residential,Active,2021-01-17,-1.865688,30.149982
CUST-005526,Kicukiro,Kanombe,Kabeza,Residential,Active,2023-07-10,-1.950822,30.090092
CUST-005527,Gasabo,Ndera,Mukuyu,Residential,Suspended,2024-07-15,-1.883318,30.134587
CUST-005528,Nyarugenge,Nyakabanda,Munanira II,Residential,Active,2020-09-16,-1.99776,30.069731
CUST-005529,Gasabo,Kacyiru,Kibaza,Residential,Active,2022-12-07,-1.820422,30.118757
CUST-005530,Gasabo,Jabana,Kabuye,Residential,Active,2021-08-21,-1.874061,30.142644
CUST-005531,Gasabo,Kimironko,Bibare,Residential,Active,2025-06-24,-1.928267,30.100675
CUST-005532,Gasabo,Kacyiru,Kibaza,Residential,Active,2023-04-23,-1.869703,30.084789
CUST-005533,Nyarugenge,Mageragere,Kavumu,Residential,Disconnected,2020-06-25,-1.933737,30.067904
CUST-005534,Gasabo,Kimironko,Kibagabaga,Non-Residential,Active,2021-01-29,-1.93299,30.156391
CUST-005535,Nyarugenge,Mageragere,Nyarufunzo,Residential,Active,2021-12-10,-1.994432,30.067293
CUST-005536,Gasabo,Rutunga,Indatemwa,Residential,Active,2023-11-19,-1.898363,30.155129
CUST-005537,Gasabo,Gikomero,Murambi,Residential,Active,2025-09-08,-1.89314,30.094855
CUST-005538,Kicukiro,Kanombe,Busanza,Residential,Active,2020-04-02,-1.965099,30.0971
CUST-005539,Kicukiro,Kigarama,Rwampara,Non-Residential,Active,2021-09-20,-1.948331,30.084413
CUST-005540,Kicukiro,Kagarama,Kanserege,Residential,Active,2023-05-31,-2.040209,30.042768
CUST-005541,Nyarugenge,Muhima,Ubumwe,Residential,Active,2023-06-20,-2.003708,30.07663
CUST-005542,Gasabo,Kinyinya,Gasharu,Residential,Disconnected,2021-10-14,-1.957207,30.180224
CUST-005543,Gasabo,Rutunga,Kibenga,Residential,Active,2021-12-12,-1.890017,30.130316
CUST-005544,Kicukiro,Masaka,Cyimo,Residential,Active,2024-08-14,-1.952427,30.084273
CUST-005545,Nyarugenge,Kimisagara,Kamuhoza,Non-Residential,Active,2020-01-03,-1.947128,30.08323
CUST-005546,Gasabo,Bumbogo,Kinyaga,Residential,Active,2023-01-12,-1.869168,30.133464
CUST-005547,Nyarugenge,Mageragere,Ntungamo,Residential,Disconnected,2021-01-07,-1.935089,30.063805
CUST-005548,Nyarugenge,Nyarugenge,Agatare,Residential,Disconnected,2023-12-21,-1.965261,29.998188
CUST-005549,Nyarugenge,Gitega,Gacyamo,Residential,Active,2024-04-01,-1.944325,30.076991
CUST-005550,Gasabo,Rusororo,Kabuga I,Non-Residential,Active,2022-04-26,-1.874081,30.047554
CUST-005551,Nyarugenge,Kimisagara,Katabaro,Residential,Suspended,2023-02-02,-1.954422,30.077079
CUST-005552,Gasabo,Ndera,Mukuyu,Residential,Active,2020-07-13,-1.879153,30.103085
CUST-005553,Kicukiro,Kigarama,Rwampara,Residential,Active,2025-08-22,-1.945755,30.085375
CUST-005554,Nyarugenge,Mageragere,Ntungamo,Residential,Active,2023-10-13,-1.970451,30.042916
CUST-005555,Nyarugenge,Mageragere,Nyarufunzo,Residential,Active,2021-03-26,-1.975948,30.074003
CUST-005556,Kicukiro,Kagarama,Kanserege,Residential,Active,2024-01-29,-1.992822,30.138924
CUST-005557,Nyarugenge,Rwezamenyo,Kabuguru II,Residential,Active,2020-10-16,-1.98314,30.060906
CUST-005558,Nyarugenge,Nyarugenge,Biryogo,Residential,Active,2021-03-14,-1.963824,30.048041
CUST-005559,Kicukiro,Kicukiro,Kicukiro,Residential,Active,2020-07-21,-1.957388,30.095118
CUST-005560,Nyarugenge,Muhima,Ubumwe,Residential,Active,2023-10-21,-1.984498,30.055301
CUST-005561,Nyarugenge,Muhima,Rugenge,Residential,Active,2020-11-05,-1.933214,30.094349
CUST-005562,Gasabo,Remera,Nyabisindu,Residential,Active,2023-01-26,-1.848379,30.169028
CUST-005563,Gasabo,Ndera,Rudashya,Residential,Active,2020-11-18,-1.893091,30.138697
CUST-005564,Kicukiro,Nyarugunga,Nonko,Residential,Active,2023-11-22,-1.952611,30.119343
CUST-005565,Nyarugenge,Muhima,Kabasengerezi,Residential,Active,2020-05-26,-1.983598,30.006094
CUST-005566,Nyarugenge,Mageragere,Nyarurenzi,Residential,Active,2024-10-27,-2.006201,30.077279
CUST-005567,Gasabo,Jali,Nyabuliba,Residential,Active,2020-06-27,-1.908611,30.126345
CUST-005568,Gasabo,Nduba,Gatunga,Residential,Suspended,2023-08-17,-1.904545,30.152035
CUST-005569,Gasabo,Kinyinya,Gasharu,Residential,Active,2025-02-18,-1.915061,30.175889
CUST-005570,Nyarugenge,Nyakabanda,Munanira II,Residential,Suspended,2021-11-06,-1.927954,30.002357
CUST-005571,Gasabo,Nduba,Gasanze,Residential,Active,2022-01-24,-1.907998,30.1599
CUST-005572,Kicukiro,Masaka,Rusheshe,Residential,Disconnected,2024-06-29,-2.008901,30.141622
CUST-005573,Kicukiro,Gikondo,Kinunga,Residential,Active,2021-12-07,-1.945703,30.055158
CUST-005574,Nyarugenge,Rwezamenyo,Kabuguru I,Residential,Active,2023-04-21,-1.982246,30.095399
CUST-005575,Gasabo,Jali,Agateko,Residential,Suspended,2025-11-17,-1.873182,30.120994
CUST-005576,Gasabo,Remera,Nyabisindu,Residential,Active,2025-03-26,-1.921049,30.100604
CUST-005577,Kicukiro,Niboye,Gatare,Residential,Active,2023-01-19,-1.973794,30.116496
CUST-005578,Nyarugenge,Kanyinya,Nzove,Residential,Active,2025-02-16,-1.918284,30.067641
CUST-005579,Nyarugenge,Nyamirambo,Mumena,Residential,Disconnected,2020-04-22,-1.991965,30.047518
CUST-005580,Gasabo,Bumbogo,Mvuzo,Residential,Active,2025-04-24,-1.897408,30.181538
CUST-005581,Nyarugenge,Nyarugenge,Kiyovu,Residential,Suspended,2022-07-19,-1.973932,30.109276
CUST-005582,Kicukiro,Gahanga,Gahanga,Residential,Transferred,2024-10-04,-1.985644,30.10518
CUST-005583,Gasabo,Gatsata,Karuruma,Residential,Active,2025-04-03,-1.866368,30.137685
CUST-005584,Nyarugenge,Muhima,Kabeza,Residential,Active,2022-02-13,-1.917121,30.091373
CUST-005585,Gasabo,Gikomero,Murambi,Residential,Active,2024-10-31,-1.854798,30.118102
CUST-005586,Gasabo,Jabana,Kidashya,Residential,Active,2020-04-17,-1.895083,30.159769
CUST-005587,Kicukiro,Gahanga,Murinja,Residential,Active,2023-03-23,-1.988741,30.085574
CUST-005588,Nyarugenge,Nyakabanda,Munanira I,Non-Residential,Active,2023-09-15,-1.96748,30.115403
CUST-005589,Gasabo,Remera,Nyarutarama,Residential,Active,2021-05-10,-1.888996,30.180073
CUST-005590,Gasabo,Jali,Nkusi,Residential,Active,2021-04-21,-1.908182,30.159342
CUST-005591,Gasabo,Rutunga,Gasabo,Residential,Active,2023-07-08,-1.892753,30.103768
CUST-005592,Kicukiro,Kigarama,Kigarama,Residential,Active,2024-05-09,-1.9414,30.09948
CUST-005593,Nyarugenge,Nyakabanda,Nyakabanda II,Residential,Active,2024-01-03,-1.92453,30.0657
CUST-005594,Kicukiro,Masaka,Cyimo,Residential,Active,2021-01-10,-1.987405,30.095092
CUST-005595,Nyarugenge,Kimisagara,Katabaro,Residential,Suspended,2025-11-27,-1.959405,30.07415
CUST-005596,Kicukiro,Kagarama,Kanserege,Non-Residential,Active,2020-10-15,-1.978502,30.163677
CUST-005597,Kicukiro,Gatenga,Nyanza,Residential,Active,2020-08-18,-1.972715,30.12196
CUST-005598,Nyarugenge,Nyamirambo,Cyivugiza,Residential,Disconnected,2021-12-14,-1.986035,30.001829
CUST-005599,Nyarugenge,Rwezamenyo,Kabuguru I,Residential,Transferred,2024-09-22,-1.970294,30.054389
CUST-005600,Gasabo,Rutunga,Kabaliza,Residential,Active,2022-07-06,-1.880939,30.117687
CUST-005601,Nyarugenge,Nyakabanda,Nyakabanda I,Residential,Disconnected,2022-08-17,-1.966689,30.020757
CUST-005602,Nyarugenge,Kigali,Kigali,Residential,Active,2021-02-01,-1.961128,29.995792
CUST-005603,Gasabo,Ndera,Kibenga,Residential,Active,2025-08-18,-1.936072,30.112754
CUST-005604,Gasabo,Rusororo,Mbandazi,Residential,Active,2020-12-07,-1.838221,30.145403
CUST-005605,Gasabo,Ndera,Masoro,Non-Residential,Active,2022-03-25,-1.868901,30.154123
CUST-005606,Nyarugenge,Nyamirambo,Rugarama,Residential,Active,2020-09-24,-1.925468,30.040126
CUST-005607,Gasabo,Kimironko,Kibagabaga,Non-Residential,Active,2022-06-18,-1.860031,30.162925
CUST-005608,Kicukiro,Kagarama,Kanserege,Residential,Active,2023-10-28,-2.008827,30.124577
CUST-005609,Kicukiro,Masaka,Gako,Residential,Active,2024-06-28,-1.941692,30.130419
CUST-005610,Gasabo,Rutunga,Kigabiro,Residential,Active,2022-11-25,-1.849366,30.091236
CUST-005611,Kicukiro,Masaka,Ayabaraya,Residential,Active,2020-03-15,-1.97746,30.094598
CUST-005612,Kicukiro,Gahanga,Rwabutenge,Non-Residential,Disconnected,2024-12-19,-1.963947,30.115641
CUST-005613,Nyarugenge,Kigali,Rwesero,Residential,Active,2022-01-06,-1.965145,30.017571
CUST-005614,Nyarugenge,Kanyinya,Nyamweru,Residential,Active,2020-05-12,-1.936219,30.030036
CUST-005615,Gasabo,Nduba,Butare,Residential,Active,2022-03-01,-1.897743,30.159387
CUST-005616,Gasabo,Bumbogo,Musave,Residential,Disconnected,2021-06-09,-1.900403,30.124169
CUST-005617,Kicukiro,Kigarama,Nyarurama,Residential,Active,2023-05-20,-1.952812,30.038899
CUST-005618,Kicukiro,Nyarugunga,Rwimbogo,Public Taps,Suspended,2020-09-23,-1.998866,30.10434
CUST-005619,Gasabo,Kinyinya,Kagugu,Residential,Active,2025-05-26,-1.840373,30.116306
CUST-005620,Kicukiro,Gikondo,Kanserege,Residential,Suspended,2024-02-17,-1.983021,30.066628
CUST-005621,Nyarugenge,Muhima,Tetero,Residential,Suspended,2023-03-16,-1.936362,30.109038
CUST-005622,Kicukiro,Nyarugunga,Nonko,Residential,Active,2021-04-21,-1.906689,30.114249
CUST-005623,Nyarugenge,Muhima,Amahoro,Residential,Suspended,2025-12-20,-1.901757,30.082839
CUST-005624,Nyarugenge,Nyamirambo,Rugarama,Residential,Active,2020-12-26,-1.975668,30.115703
CUST-005625,Kicukiro,Kagarama,Muyange,Residential,Active,2020-10-23,-1.962274,30.117554
CUST-005626,Gasabo,Rusororo,Kabuga I,Residential,Active,2023-10-17,-1.895094,30.141756
CUST-005627,Gasabo,Rutunga,Kigabiro,Residential,Disconnected,2021-12-28,-1.892593,30.112592
CUST-005628,Gasabo,Bumbogo,Musave,Residential,Active,2025-03-18,-1.863016,30.143486
CUST-005629,Kicukiro,Kagarama,Rukatsa,Residential,Active,2024-11-16,-1.989508,30.165262
CUST-005630,Kicukiro,Kanombe,Karama,Residential,Active,2025-10-20,-1.946232,30.131883
CUST-005631,Nyarugenge,Rwezamenyo,Kabuguru I,Residential,Active,2022-07-21,-1.96423,30.075968
CUST-005632,Gasabo,Ndera,Masoro,Residential,Active,2021-05-11,-1.877534,30.174021
CUST-005633,Gasabo,Ndera,Masoro,Residential,Active,2022-12-20,-1.826583,30.073248
CUST-005634,Kicukiro,Gikondo,Kanserege,Residential,Active,2023-03-02,-1.920924,30.073371
CUST-005635,Gasabo,Nduba,Muremure,Public Taps,Active,2024-12-19,-1.850188,30.170308
CUST-005636,Gasabo,Gisozi,Ruhango,Residential,Suspended,2023-02-24,-1.871488,30.105626
CUST-005637,Gasabo,Rutunga,Kabaliza,Non-Residential,Active,2021-01-29,-1.879746,30.163431
CUST-005638,Gasabo,Gikomero,Kibara,Residential,Active,2020-03-28,-1.888654,30.154434
CUST-005639,Gasabo,Kinyinya,Murama,Residential,Active,2025-12-21,-1.892868,30.054088
CUST-005640,Kicukiro,Kicukiro,Kagina,Residential,Active,2021-01-06,-2.01748,30.113736
CUST-005641,Gasabo,Bumbogo,Nkuzuzu,Non-Residential,Active,2020-02-12,-1.88857,30.141496
CUST-005642,Kicukiro,Kicukiro,Ngoma,Residential,Active,2025-07-21,-1.969588,30.145704
CUST-005643,Kicukiro,Masaka,Rusheshe,Residential,Active,2022-05-11,-1.951915,30.074409
CUST-005644,Gasabo,Jabana,Kabuye,Residential,Active,2021-06-30,-1.881339,30.185132
CUST-005645,Gasabo,Ndera,Rudashya,Residential,Active,2020-05-18,-1.885653,30.128503
CUST-005646,Kicukiro,Masaka,Ayabaraya,Residential,Active,2023-10-18,-2.016185,30.147149
CUST-005647,Kicukiro,Kigarama,Karugira,Residential,Active,2023-10-26,-1.980506,30.051483
CUST-005648,Nyarugenge,Nyamirambo,Rugarama,Non-Residential,Active,2020-02-16,-1.963615,30.03818
CUST-005649,Kicukiro,Gahanga,Karembure,Residential,Active,2024-11-22,-1.939638,30.059301
CUST-005650,Nyarugenge,Gitega,Akabahizi,Residential,Active,2021-10-19,-1.956471,30.036359
CUST-005651,Gasabo,Bumbogo,Nyabikenke,Residential,Active,2023-10-22,-1.904707,30.095612
CUST-005652,Kicukiro,Masaka,Gitaraga,Residential,Active,2023-02-12,-1.937528,30.092715
CUST-005653,Kicukiro,Kicukiro,Ngoma,Residential,Active,2021-02-14,-1.978504,30.110113
CUST-005654,Kicukiro,Kigarama,Bwerankori,Residential,Active,2022-05-27,-1.963422,30.110995
CUST-005655,Gasabo,Rutunga,Indatemwa,Residential,Active,2024-01-25,-1.880102,30.164567
CUST-005656,Gasabo,Jali,Agateko,Residential,Active,2023-10-17,-1.875105,30.109086
CUST-005657,Gasabo,Gikomero,Munini,Residential,Active,2020-02-03,-1.899029,30.119888
CUST-005658,Kicukiro,Masaka,Rusheshe,Residential,Suspended,2023-01-03,-1.995197,30.115341
CUST-005659,Gasabo,Rutunga,Kacyatwa,Residential,Active,2024-03-01,-1.913572,30.176863
CUST-005660,Nyarugenge,Gitega,Kigarama,Residential,Disconnected,2021-09-03,-1.969319,30.053498
CUST-005661,Gasabo,Jali,Nyabuliba,Residential,Active,2020-02-28,-1.862881,30.139556
CUST-005662,Gasabo,Rusororo,Gasagara,Residential,Active,2025-12-01,-1.889771,30.127976
CUST-005663,Nyarugenge,Gitega,Akabahizi,Residential,Active,2023-01-03,-1.949965,30.023346
CUST-005664,Nyarugenge,Gitega,Akabeza,Residential,Active,2020-07-18,-1.92167,30.057415
CUST-005665,Nyarugenge,Muhima,Nyabugogo,Residential,Transferred,2025-04-08,-1.962972,30.066054
CUST-005666,Kicukiro,Nyarugunga,Kamashashi,Residential,Active,2022-12-31,-2.029174,30.088192
CUST-005667,Gasabo,Ndera,Cyaruzinge,Residential,Suspended,2023-10-03,-1.878172,30.154488
CUST-005668,Gasabo,Gatsata,Karuruma,Residential,Active,2025-01-02,-1.883196,30.12814
CUST-005669,Gasabo,Remera,Rukiri II,Residential,Active,2021-09-10,-1.840105,30.149825
CUST-005670,Kicukiro,Masaka,Cyimo,Residential,Active,2021-06-17,-1.985748,30.085946
CUST-005671,Gasabo,Rusororo,Ruhanga,Residential,Disconnected,2021-05-07,-1.871497,30.165694
CUST-005672,Nyarugenge,Nyakabanda,Nyakabanda I,Residential,Active,2021-06-15,-1.94352,30.04892
CUST-005673,Gasabo,Kimironko,Nyagatovu,Residential,Active,2022-08-13,-1.871602,30.145205
CUST-005674,Gasabo,Jabana,Bweramvura,Residential,Active,2024-08-10,-1.857658,30.140049
CUST-005675,Kicukiro,Kanombe,Rubirizi,Residential,Active,2024-01-05,-1.896811,30.097419
CUST-005676,Nyarugenge,Kanyinya,Nyamweru,Residential,Active,2025-12-28,-1.956604,30.051141
CUST-005677,Nyarugenge,Kigali,Ruriba,Residential,Active,2022-12-02,-1.917341,30.046222
CUST-005678,Nyarugenge,Muhima,Ubumwe,Residential,Active,2024-11-16,-1.97357,30.042502
CUST-005679,Nyarugenge,Muhima,Rugenge,Residential,Active,2020-11-04,-2.003922,30.037604
CUST-005680,Nyarugenge,Nyarugenge,Rwampara,Residential,Active,2023-02-21,-1.989046,30.087623
CUST-005681,Kicukiro,Nyarugunga,Rwimbogo,Residential,Disconnected,2023-02-27,-1.965994,30.16696
CUST-005682,Gasabo,Bumbogo,Nkuzuzu,Residential,Active,2024-03-10,-1.890958,30.170638
CUST-005683,Gasabo,Rutunga,Gasabo,Residential,Active,2020-10-06,-1.9259,30.118028
CUST-005684,Gasabo,Rusororo,Ruhanga,Industries,Suspended,2020-06-01,-1.898404,30.184986
CUST-005685,Gasabo,Rusororo,Ruhanga,Residential,Active,2020-06-08,-1.839466,30.119427
CUST-005686,Gasabo,Kimihurura,Rugando,Residential,Active,2025-02-14,-1.83156,30.105068
CUST-005687,Nyarugenge,Gitega,Kinyange,Residential,Active,2022-09-18,-1.929875,30.015134
CUST-005688,Kicukiro,Gahanga,Rwabutenge,Residential,Active,2024-01-30,-1.968912,30.118066
CUST-005689,Gasabo,Gatsata,Karuruma,Residential,Active,2020-05-29,-1.874326,30.157164
CUST-005690,Gasabo,Ndera,Bwiza,Residential,Active,2022-07-20,-1.876963,30.140879
CUST-005691,Nyarugenge,Kigali,Mwendo,Residential,Active,2020-05-14,-1.893987,30.089697
CUST-005692,Nyarugenge,Kigali,Ruriba,Residential,Active,2025-10-22,-2.009304,30.060682
CUST-005693,Gasabo,Kacyiru,Kamatamu,Residential,Active,2025-08-18,-1.90543,30.154112
CUST-005694,Nyarugenge,Mageragere,Nyarurenzi,Residential,Active,2022-11-13,-2.00083,30.058188
CUST-005695,Gasabo,Kimironko,Bibare,Residential,Active,2025-04-02,-1.876283,30.100523
CUST-005696,Gasabo,Ndera,Rudashya,Residential,Active,2020-04-25,-1.900944,30.189293
CUST-005697,Gasabo,Gikomero,Munini,Residential,Active,2023-08-15,-1.936581,30.11636
CUST-005698,Gasabo,Gatsata,Karuruma,Residential,Active,2023-02-06,-1.88149,30.176156
CUST-005699,Gasabo,Jali,Muko,Residential,Active,2022-05-31,-1.912507,30.082271
CUST-005700,Gasabo,Rusororo,Kabuga I,Residential,Active,2020-08-01,-1.890223,30.131795
CUST-005701,Gasabo,Ndera,Mukuyu,Residential,Active,2020-06-11,-1.879864,30.148862
CUST-005702,Gasabo,Bumbogo,Kinyaga,Residential,Active,2025-04-20,-1.870177,30.125766
CUST-005703,Gasabo,Kinyinya,Murama,Residential,Active,2025-09-23,-1.893871,30.127687
CUST-005704,Gasabo,Ndera,Kibenga,Residential,Active,2022-09-29,-1.934449,30.097038
CUST-005705,Gasabo,Bumbogo,Nyabikenke,Residential,Transferred,2022-05-14,-1.888103,30.157982
CUST-005706,Gasabo,Rutunga,Kabaliza,Residential,Disconnected,2024-03-17,-1.89415,30.175949
CUST-005707,Kicukiro,Kicukiro,Ngoma,Residential,Active,2021-12-18,-1.985779,30.087062
CUST-005708,Gasabo,Rusororo,Kabuga II,Non-Residential,Active,2021-11-28,-1.881669,30.141262
CUST-005709,Gasabo,Jali,Nyamitanga,Residential,Active,2021-07-23,-1.859161,30.168829
CUST-005710,Gasabo,Bumbogo,Musave,Residential,Active,2022-01-28,-1.875717,30.124082
CUST-005711,Gasabo,Kacyiru,Kamutwa,Residential,Active,2022-09-12,-1.915212,30.108401
CUST-005712,Gasabo,Ndera,Kibenga,Residential,Active,2020-01-17,-1.893963,30.10689
CUST-005713,Kicukiro,Masaka,Rusheshe,Non-Residential,Active,2022-10-04,-1.916634,30.104541
CUST-005714,Kicukiro,Gatenga,Karambo,Non-Residential,Active,2025-02-16,-1.991501,30.107102
CUST-005715,Gasabo,Kimironko,Nyagatovu,Residential,Active,2024-12-21,-1.852357,30.120465
CUST-005716,Gasabo,Bumbogo,Nyagasozi,Residential,Active,2025-09-07,-1.881151,30.176334
CUST-005717,Gasabo,Rusororo,Ruhanga,Residential,Active,2021-11-08,-1.864213,30.145739
CUST-005718,Gasabo,Kimironko,Nyagatovu,Residential,Active,2023-01-08,-1.841415,30.09256
CUST-005719,Gasabo,Bumbogo,Nkuzuzu,Non-Residential,Active,2022-10-14,-1.878375,30.152347
CUST-005720,Kicukiro,Gahanga,Murinja,Residential,Active,2022-12-12,-1.948169,30.141834
CUST-005721,Gasabo,Ndera,Mukuyu,Public Taps,Active,2022-08-06,-1.934266,30.159977
CUST-005722,Gasabo,Bumbogo,Ngara,Residential,Active,2024-02-19,-1.863409,30.141531
CUST-005723,Nyarugenge,Gitega,Akabahizi,Residential,Active,2023-09-02,-1.923891,30.022926
CUST-005724,Nyarugenge,Mageragere,Nyarufunzo,Residential,Active,2022-12-01,-1.944819,30.058903
CUST-005725,Gasabo,Bumbogo,Musave,Residential,Active,2020-06-04,-1.875662,30.119514
CUST-005726,Nyarugenge,Kigali,Nyabugogo,Residential,Active,2024-11-13,-1.926329,30.066974
CUST-005727,Gasabo,Jali,Buhiza,Residential,Active,2023-10-22,-1.873626,30.119873
CUST-005728,Gasabo,Remera,Rukiri II,Residential,Active,2023-08-23,-1.841549,30.17874
CUST-005729,Kicukiro,Gikondo,Kanserege,Residential,Active,2021-12-17,-1.939217,30.114205
CUST-005730,Kicukiro,Gahanga,Karembure,Residential,Active,2023-05-15,-1.999719,30.106334
CUST-005731,Gasabo,Ndera,Masoro,Residential,Active,2021-01-12,-1.94858,30.170689
CUST-005732,Nyarugenge,Muhima,Kabasengerezi,Residential,Active,2025-07-25,-1.977272,30.06557
CUST-005733,Nyarugenge,Muhima,Ubumwe,Residential,Active,2022-10-11,-1.969052,30.055109
CUST-005734,Nyarugenge,Nyarugenge,Kiyovu,Residential,Active,2020-08-17,-1.971242,30.10503
CUST-005735,Gasabo,Nduba,Gatunga,Residential,Active,2022-01-03,-1.878438,30.145943
CUST-005736,Kicukiro,Kicukiro,Gasharu,Residential,Active,2024-05-14,-2.002725,30.077332
CUST-005737,Gasabo,Nduba,Gasura,Residential,Active,2020-11-16,-1.819596,30.112538
CUST-005738,Gasabo,Jali,Nyabuliba,Residential,Active,2025-01-05,-1.855102,30.160741
CUST-005739,Gasabo,Nduba,Shango,Residential,Active,2021-06-02,-1.927321,30.142611
CUST-005740,Kicukiro,Niboye,Niboye,Residential,Active,2024-09-03,-1.988649,30.106885
CUST-005741,Nyarugenge,Muhima,Tetero,Residential,Active,2021-07-16,-1.961289,30.115306
CUST-005742,Gasabo,Remera,Rukiri II,Residential,Active,2025-02-04,-1.850964,30.13981
CUST-005743,Gasabo,Jabana,Bweramvura,Public Taps,Active,2025-10-01,-1.869301,30.12744
CUST-005744,Nyarugenge,Gitega,Akabahizi,Residential,Active,2022-09-20,-1.921944,30.075896
CUST-005745,Gasabo,Remera,Rukiri I,Residential,Active,2024-04-15,-1.868546,30.181679
CUST-005746,Gasabo,Kinyinya,Gacuriro,Residential,Active,2022-09-09,-1.913735,30.12214
CUST-005747,Nyarugenge,Nyakabanda,Munanira I,Residential,Suspended,2023-03-25,-1.999774,30.097368
CUST-005748,Nyarugenge,Mageragere,Ntungamo,Residential,Disconnected,2025-08-29,-2.028483,30.018547
CUST-005749,Nyarugenge,Muhima,Nyabugogo,Residential,Active,2020-04-19,-1.918618,30.050187
CUST-005750,Gasabo,Kimironko,Bibare,Residential,Active,2025-05-11,-1.872827,30.167078
CUST-005751,Gasabo,Bumbogo,Mvuzo,Residential,Suspended,2021-04-15,-1.873151,30.105676
CUST-005752,Kicukiro,Masaka,Ayabaraya,Residential,Active,2024-03-02,-1.991818,30.126688
CUST-005753,Gasabo,Bumbogo,Nkuzuzu,Residential,Suspended,2024-12-22,-1.843907,30.125068
CUST-005754,Kicukiro,Masaka,Cyimo,Residential,Suspended,2024-04-19,-1.979751,30.131583
CUST-005755,Kicukiro,Masaka,Rusheshe,Residential,Active,2025-11-10,-1.986502,30.152987
CUST-005756,Gasabo,Jabana,Ngiryi,Residential,Active,2021-12-23,-1.918807,30.14938
CUST-005757,Gasabo,Rutunga,Kabaliza,Public Taps,Active,2025-10-06,-1.834605,30.196341
CUST-005758,Gasabo,Ndera,Mukuyu,Residential,Active,2024-06-23,-1.886462,30.144137
CUST-005759,Gasabo,Jali,Nkusi,Residential,Active,2024-12-16,-1.911804,30.136097
CUST-005760,Nyarugenge,Mageragere,Kavumu,Residential,Disconnected,2020-02-16,-1.960624,30.061262
CUST-005761,Gasabo,Remera,Rukiri I,Non-Residential,Suspended,2025-11-26,-1.923553,30.171013
CUST-005762,Nyarugenge,Muhima,Ubumwe,Residential,Active,2020-08-17,-2.011209,30.060143
CUST-005763,Nyarugenge,Muhima,Tetero,Residential,Active,2022-07-02,-1.95863,30.029496
CUST-005764,Nyarugenge,Muhima,Rugenge,Residential,Transferred,2022-07-16,-2.011334,30.027917
CUST-005765,Gasabo,Jali,Muko,Residential,Active,2025-11-22,-1.831865,30.128695
CUST-005766,Gasabo,Gatsata,Nyamugari,Residential,Suspended,2024-05-27,-1.879036,30.112591
CUST-005767,Gasabo,Remera,Nyarutarama,Residential,Active,2023-03-29,-1.897735,30.145834
CUST-005768,Kicukiro,Kigarama,Kigarama,Residential,Active,2020-01-22,-1.985786,30.093882
CUST-005769,Gasabo,Gatsata,Karuruma,Residential,Active,2023-12-24,-1.833697,30.145042
CUST-005770,Nyarugenge,Mageragere,Mataba,Residential,Active,2024-11-30,-1.932123,30.079226
CUST-005771,Nyarugenge,Mageragere,Mataba,Non-Residential,Active,2021-10-23,-1.931456,30.075187
CUST-005772,Gasabo,Nduba,Gatunga,Non-Residential,Active,2022-07-22,-1.884163,30.132969
CUST-005773,Nyarugenge,Mageragere,Nyarurenzi,Residential,Disconnected,2025-01-04,-2.009247,29.993531
CUST-005774,Nyarugenge,Kanyinya,Taba,Residential,Active,2025-09-27,-1.968136,30.049292
CUST-005775,Gasabo,Jabana,Bweramvura,Residential,Active,2021-10-19,-1.889318,30.151435
CUST-005776,Nyarugenge,Kigali,Rwesero,Residential,Active,2024-10-19,-1.965778,30.010566
CUST-005777,Gasabo,Gatsata,Nyamabuye,Residential,Active,2024-04-22,-1.883026,30.070475
CUST-005778,Gasabo,Ndera,Rudashya,Residential,Transferred,2020-01-31,-1.866253,30.110909
CUST-005779,Gasabo,Nduba,Gasanze,Residential,Active,2021-09-06,-1.880848,30.150342
CUST-005780,Kicukiro,Masaka,Ayabaraya,Residential,Active,2025-11-17,-1.971174,30.082512
CUST-005781,Gasabo,Rutunga,Gasabo,Residential,Active,2023-09-10,-1.880701,30.125266
CUST-005782,Nyarugenge,Nyakabanda,Munanira II,Industries,Active,2024-11-20,-1.940844,30.048622
CUST-005783,Gasabo,Kimironko,Nyagatovu,Residential,Active,2020-12-09,-1.933088,30.155419
CUST-005784,Nyarugenge,Nyarugenge,Rwampara,Residential,Active,2022-11-21,-1.962951,30.061425
CUST-005785,Kicukiro,Gikondo,Kinunga,Residential,Active,2024-02-23,-2.033948,30.063837
CUST-005786,Gasabo,Bumbogo,Mvuzo,Residential,Active,2022-10-09,-1.895445,30.176813
CUST-005787,Gasabo,Kimihurura,Kamukina,Residential,Active,2022-07-02,-1.844731,30.137371
CUST-005788,Gasabo,Kimihurura,Rugando,Residential,Active,2022-09-22,-1.901606,30.171496
CUST-005789,Kicukiro,Gikondo,Kanserege,Residential,Active,2024-02-21,-1.916171,30.185303
CUST-005790,Kicukiro,Kicukiro,Kagina,Residential,Active,2022-12-17,-1.924442,30.098925
CUST-005791,Kicukiro,Gatenga,Gatenga,Residential,Active,2025-01-11,-2.002307,30.068342
CUST-005792,Kicukiro,Kanombe,Busanza,Residential,Active,2025-05-07,-1.995264,30.067202
CUST-005793,Gasabo,Rutunga,Gasabo,Residential,Disconnected,2020-01-18,-1.844666,30.108291
CUST-005794,Kicukiro,Kicukiro,Kicukiro,Residential,Active,2022-01-07,-1.969723,30.122756
CUST-005795,Gasabo,Gikomero,Kibara,Non-Residential,Active,2020-05-03,-1.859767,30.133174
CUST-005796,Kicukiro,Kigarama,Kigarama,Residential,Active,2023-08-17,-1.94189,30.131135
CUST-005797,Gasabo,Rutunga,Gasabo,Residential,Active,2021-11-07,-1.8538,30.144571
CUST-005798,Kicukiro,Gatenga,Karambo,Residential,Active,2024-09-01,-2.012226,30.125141
CUST-005799,Kicukiro,Gatenga,Nyarurama,Residential,Active,2022-08-03,-1.953516,30.061135
CUST-005800,Gasabo,Gatsata,Nyamabuye,Industries,Active,2024-08-27,-1.876582,30.16151
CUST-005801,Kicukiro,Gahanga,Murinja,Residential,Active,2022-08-02,-1.962665,30.083047
CUST-005802,Gasabo,Ndera,Rudashya,Residential,Disconnected,2020-10-04,-1.94061,30.140675
CUST-005803,Gasabo,Bumbogo,Nkuzuzu,Residential,Active,2021-08-03,-1.870795,30.139887
CUST-005804,Nyarugenge,Nyamirambo,Cyivugiza,Residential,Disconnected,2024-03-28,-1.966181,29.996389
CUST-005805,Nyarugenge,Muhima,Rugenge,Residential,Active,2022-01-12,-1.938422,30.077046
CUST-005806,Kicukiro,Kanombe,Kabeza,Residential,Disconnected,2022-07-03,-1.924751,30.072454
CUST-005807,Kicukiro,Gahanga,Murinja,Residential,Active,2024-07-23,-1.95232,30.09388
CUST-005808,Nyarugenge,Muhima,Nyabugogo,Residential,Active,2025-09-24,-2.004354,30.02084
CUST-005809,Kicukiro,Kanombe,Karama,Non-Residential,Active,2025-12-05,-2.005798,30.088931
CUST-005810,Gasabo,Gatsata,Nyamugari,Residential,Active,2024-02-24,-1.895689,30.123673
CUST-005811,Nyarugenge,Kimisagara,Katabaro,Residential,Active,2022-05-07,-1.962843,30.043739
CUST-005812,Nyarugenge,Kanyinya,Nzove,Residential,Active,2020-12-28,-2.035309,30.033244
CUST-005813,Gasabo,Rutunga,Kacyatwa,Residential,Active,2025-11-18,-1.919724,30.155296
CUST-005814,Gasabo,Ndera,Cyaruzinge,Residential,Active,2020-10-17,-1.887725,30.108945
CUST-005815,Kicukiro,Kagarama,Muyange,Residential,Active,2025-09-10,-1.988338,30.082781
CUST-005816,Gasabo,Jali,Agateko,Residential,Active,2021-01-14,-1.918817,30.14649
CUST-005817,Nyarugenge,Muhima,Nyabugogo,Residential,Active,2024-02-06,-1.969976,30.012348
CUST-005818,Kicukiro,Gahanga,Kagasa,Residential,Active,2022-12-19,-2.083903,30.058475
CUST-005819,Nyarugenge,Kigali,Mwendo,Residential,Active,2023-02-22,-1.965052,30.052528
CUST-005820,Nyarugenge,Mageragere,Ntungamo,Residential,Active,2020-11-06,-1.956574,30.119307
CUST-005821,Kicukiro,Kagarama,Kanserege,Residential,Active,2023-03-01,-1.976474,30.09673
CUST-005822,Gasabo,Jali,Nyabuliba,Residential,Active,2020-08-11,-1.849426,30.134791
CUST-005823,Nyarugenge,Kanyinya,Nzove,Residential,Active,2022-10-25,-1.958565,30.0836
CUST-005824,Gasabo,Jabana,Ngiryi,Residential,Active,2021-01-25,-1.883998,30.121502
CUST-005825,Nyarugenge,Nyamirambo,Gasharu,Residential,Active,2025-10-26,-1.956907,30.069824
CUST-005826,Gasabo,Kinyinya,Gasharu,Residential,Active,2022-04-28,-1.863739,30.076539
CUST-005827,Gasabo,Kacyiru,Kamutwa,Residential,Active,2020-03-16,-1.888949,30.084002
CUST-005828,Gasabo,Rutunga,Kacyatwa,Residential,Active,2025-07-12,-1.934797,30.106793
CUST-005829,Nyarugenge,Gitega,Kora,Residential,Active,2023-02-20,-1.941391,29.981567
CUST-005830,Gasabo,Nduba,Shango,Residential,Active,2024-07-25,-1.87656,30.070817
CUST-005831,Kicukiro,Nyarugunga,Kamashashi,Residential,Active,2022-12-01,-1.974267,30.143256
CUST-005832,Gasabo,Gikomero,Gasagara,Residential,Active,2021-05-31,-1.86071,30.144327
CUST-005833,Nyarugenge,Kigali,Rwesero,Residential,Active,2022-04-14,-1.968141,30.025649
CUST-005834,Kicukiro,Masaka,Gitaraga,Residential,Active,2024-12-05,-1.970541,30.098726
CUST-005835,Kicukiro,Kicukiro,Ngoma,Residential,Active,2024-04-30,-1.958176,30.12423
CUST-005836,Gasabo,Nduba,Shango,Residential,Disconnected,2025-05-15,-1.847974,30.173916
CUST-005837,Nyarugenge,Rwezamenyo,Kabuguru I,Residential,Suspended,2024-09-20,-1.989113,30.054729
CUST-005838,Gasabo,Nduba,Butare,Residential,Active,2023-11-27,-1.858302,30.166984
CUST-005839,Gasabo,Jali,Nkusi,Residential,Active,2025-06-30,-1.921801,30.122912
CUST-005840,Gasabo,Nduba,Gasanze,Residential,Suspended,2024-05-07,-1.914449,30.094879
CUST-005841,Gasabo,Kinyinya,Murama,Non-Residential,Active,2020-02-24,-1.89996,30.156367
CUST-005842,Gasabo,Rusororo,Kabuga I,Residential,Disconnected,2021-06-15,-1.927499,30.154462
CUST-005843,Gasabo,Jali,Muko,Residential,Active,2022-04-17,-1.901104,30.1105
CUST-005844,Kicukiro,Kigarama,Bwerankori,Residential,Disconnected,2021-05-10,-1.956525,30.1727
CUST-005845,Kicukiro,Kigarama,Bwerankori,Residential,Active,2022-05-09,-1.979504,30.107391
CUST-005846,Nyarugenge,Nyamirambo,Rugarama,Residential,Active,2022-05-17,-2.013806,30.039974
CUST-005847,Gasabo,Rutunga,Gasabo,Residential,Active,2020-04-02,-1.879385,30.17632
CUST-005848,Nyarugenge,Rwezamenyo,Rwezamenyo II,Residential,Suspended,2020-06-10,-1.9946,30.03786
CUST-005849,Kicukiro,Gahanga,Rwabutenge,Residential,Active,2021-01-31,-1.940791,30.109561
CUST-005850,Gasabo,Jali,Nyamitanga,Residential,Active,2023-09-04,-1.945232,30.14958
CUST-005851,Nyarugenge,Nyamirambo,Gasharu,Non-Residential,Active,2021-08-12,-1.963031,30.074381
CUST-005852,Gasabo,Nduba,Gatunga,Residential,Active,2022-07-05,-1.909642,30.137222
CUST-005853,Gasabo,Ndera,Masoro,Residential,Active,2023-05-18,-1.841131,30.146907
CUST-005854,Gasabo,Remera,Nyarutarama,Residential,Active,2021-07-04,-1.946315,30.0263
CUST-005855,Nyarugenge,Nyakabanda,Nyakabanda I,Residential,Active,2020-01-05,-1.963578,30.021844
CUST-005856,Kicukiro,Kicukiro,Gasharu,Public Taps,Disconnected,2024-06-04,-2.010398,30.099068
CUST-005857,Gasabo,Gatsata,Nyamugari,Residential,Disconnected,2022-07-11,-1.869504,30.087689
CUST-005858,Nyarugenge,Kigali,Ruriba,Residential,Active,2022-07-31,-1.95749,30.02478
CUST-005859,Nyarugenge,Mageragere,Ntungamo,Residential,Active,2023-02-21,-2.005629,30.080803
CUST-005860,Kicukiro,Kicukiro,Kagina,Residential,Active,2024-03-30,-1.99192,30.071142
CUST-005861,Kicukiro,Gikondo,Kanserege,Residential,Active,2023-08-03,-1.983447,30.050038
CUST-005862,Gasabo,Rusororo,Ruhanga,Non-Residential,Active,2025-09-01,-1.913657,30.154571
CUST-005863,Gasabo,Nduba,Butare,Residential,Active,2023-04-18,-1.85884,30.19223
CUST-005864,Nyarugenge,Gitega,Akabahizi,Residential,Active,2022-09-17,-2.006598,30.044765
CUST-005865,Gasabo,Ndera,Masoro,Residential,Active,2023-11-06,-1.912246,30.188273
CUST-005866,Gasabo,Bumbogo,Mvuzo,Residential,Active,2024-12-06,-1.844846,30.076072
CUST-005867,Gasabo,Rusororo,Bisenga,Residential,Active,2025-11-21,-1.89736,30.139989
CUST-005868,Gasabo,Rusororo,Ruhanga,Residential,Active,2020-11-11,-1.90298,30.142815
CUST-005869,Kicukiro,Kigarama,Kigarama,Residential,Active,2023-05-03,-1.987586,30.095346
CUST-005870,Gasabo,Ndera,Masoro,Residential,Active,2022-03-12,-1.903945,30.13024
CUST-005871,Kicukiro,Kanombe,Karama,Public Taps,Active,2025-11-22,-1.961516,30.028034
CUST-005872,Gasabo,Jali,Nyakabungo,Residential,Active,2024-09-21,-1.885173,30.13726
CUST-005873,Kicukiro,Gikondo,Kinunga,Residential,Active,2024-04-18,-1.99921,30.144139
CUST-005874,Kicukiro,Masaka,Gitaraga,Residential,Active,2021-04-12,-1.961707,30.090259
CUST-005875,Kicukiro,Kicukiro,Ngoma,Residential,Active,2025-02-06,-1.996996,30.061749
CUST-005876,Nyarugenge,Muhima,Ubumwe,Industries,Active,2024-05-27,-2.004766,30.07302
CUST-005877,Nyarugenge,Gitega,Akabeza,Residential,Active,2023-10-30,-1.978806,30.037797
CUST-005878,Kicukiro,Gahanga,Karembure,Residential,Active,2022-01-03,-1.977284,30.072354
CUST-005879,Kicukiro,Masaka,Ayabaraya,Residential,Active,2021-02-22,-2.03358,30.048076
CUST-005880,Kicukiro,Kigarama,Karugira,Residential,Active,2024-06-29,-1.990234,30.128044
CUST-005881,Gasabo,Rutunga,Gasabo,Residential,Active,2021-11-16,-1.888157,30.13489
CUST-005882,Gasabo,Nduba,Gasura,Residential,Active,2024-10-17,-1.841301,30.120798
CUST-005883,Gasabo,Remera,Nyabisindu,Residential,Disconnected,2025-07-11,-1.846855,30.118712
CUST-005884,Gasabo,Jali,Nyabuliba,Residential,Active,2020-04-04,-1.908924,30.119015
CUST-005885,Gasabo,Gikomero,Munini,Residential,Active,2023-07-15,-1.863457,30.129666
CUST-005886,Gasabo,Nduba,Gasura,Residential,Active,2024-09-11,-1.912148,30.130958
CUST-005887,Kicukiro,Gatenga,Nyanza,Residential,Active,2020-02-01,-1.932922,30.145187
CUST-005888,Nyarugenge,Mageragere,Kankuba,Public Taps,Active,2024-12-03,-1.970178,30.137181
CUST-005889,Kicukiro,Gahanga,Karembure,Residential,Active,2021-08-14,-1.995984,30.111924
CUST-005890,Kicukiro,Gahanga,Gahanga,Non-Residential,Active,2025-02-15,-1.947721,30.090291
CUST-005891,Gasabo,Jabana,Kidashya,Public Taps,Disconnected,2021-05-03,-1.876748,30.117611
CUST-005892,Kicukiro,Nyarugunga,Rwimbogo,Residential,Active,2020-02-14,-1.969368,30.115189
CUST-005893,Nyarugenge,Muhima,Ubumwe,Residential,Active,2021-11-20,-1.937479,30.070289
CUST-005894,Gasabo,Kinyinya,Gasharu,Residential,Active,2022-05-24,-1.939316,30.11946
CUST-005895,Nyarugenge,Kanyinya,Nyamweru,Residential,Active,2021-04-05,-1.932683,30.092199
CUST-005896,Nyarugenge,Kigali,Rwesero,Public Taps,Active,2024-05-14,-1.900769,30.017096
CUST-005897,Kicukiro,Gikondo,Kagunga,Residential,Active,2021-12-07,-1.962646,30.084831
CUST-005898,Nyarugenge,Nyakabanda,Munanira I,Residential,Active,2022-09-21,-1.961492,30.069503
CUST-005899,Kicukiro,Gahanga,Rwabutenge,Residential,Active,2025-08-29,-2.003315,30.095572
CUST-005900,Nyarugenge,Nyarugenge,Rwampara,Residential,Active,2020-08-08,-1.966451,30.053934
CUST-005901,Gasabo,Kimihurura,Kimihurura,Residential,Active,2024-09-15,-1.897271,30.137167
CUST-005902,Nyarugenge,Kimisagara,Kamuhoza,Residential,Active,2022-11-24,-1.957219,30.072364
CUST-005903,Kicukiro,Gatenga,Nyanza,Residential,Active,2025-09-17,-1.985087,30.097776
CUST-005904,Kicukiro,Kagarama,Rukatsa,Residential,Active,2021-03-16,-1.974978,30.071104
CUST-005905,Nyarugenge,Mageragere,Mataba,Residential,Active,2024-06-13,-1.95207,30.063337
CUST-005906,Nyarugenge,Mageragere,Ntungamo,Residential,Active,2020-12-02,-1.961125,30.067379
CUST-005907,Gasabo,Jali,Nyabuliba,Industries,Active,2024-11-28,-1.844859,30.126901
CUST-005908,Gasabo,Jabana,Bweramvura,Residential,Active,2025-11-02,-1.914155,30.116752
CUST-005909,Gasabo,Rutunga,Kacyatwa,Residential,Active,2021-12-02,-1.875472,30.134725
CUST-005910,Kicukiro,Kigarama,Karugira,Residential,Active,2021-05-24,-1.973139,30.098429
CUST-005911,Kicukiro,Kicukiro,Gasharu,Public Taps,Active,2021-05-23,-2.015162,30.068992
CUST-005912,Gasabo,Gatsata,Nyamugari,Residential,Active,2024-03-16,-1.876912,30.10136
CUST-005913,Gasabo,Kinyinya,Kagugu,Residential,Active,2024-04-01,-1.897239,30.102599
CUST-005914,Kicukiro,Gahanga,Rwabutenge,Residential,Active,2022-10-24,-1.968482,30.125672
CUST-005915,Nyarugenge,Mageragere,Kankuba,Residential,Active,2020-03-20,-1.941962,30.022776
CUST-005916,Kicukiro,Kanombe,Busanza,Residential,Active,2022-09-13,-1.991589,30.130296
CUST-005917,Kicukiro,Masaka,Gitaraga,Non-Residential,Active,2020-08-25,-1.910476,30.129087
CUST-005918,Kicukiro,Masaka,Rusheshe,Residential,Suspended,2020-09-11,-1.959875,30.099382
CUST-005919,Kicukiro,Masaka,Rusheshe,Residential,Disconnected,2024-03-16,-1.963087,30.113285
CUST-005920,Gasabo,Nduba,Butare,Residential,Active,2023-08-07,-1.909676,30.134286
CUST-005921,Gasabo,Jali,Nyabuliba,Residential,Suspended,2020-07-07,-1.862953,30.12333
CUST-005922,Gasabo,Rusororo,Mbandazi,Residential,Active,2023-02-05,-1.927511,30.13062
CUST-005923,Nyarugenge,Kigali,Kigali,Residential,Active,2022-04-23,-1.988603,30.078887
CUST-005924,Gasabo,Remera,Rukiri I,Residential,Active,2020-04-26,-1.923807,30.144052
CUST-005925,Nyarugenge,Nyamirambo,Mumena,Residential,Active,2023-11-13,-1.945543,30.035744
CUST-005926,Gasabo,Ndera,Masoro,Residential,Active,2023-10-26,-1.889666,30.136725
CUST-005927,Kicukiro,Gahanga,Murinja,Residential,Active,2024-01-27,-1.98064,30.102791
CUST-005928,Kicukiro,Masaka,Mbabe,Residential,Active,2021-04-11,-1.997874,30.150585
CUST-005929,Gasabo,Jabana,Kidashya,Residential,Active,2022-04-27,-1.876992,30.113165
CUST-005930,Kicukiro,Kigarama,Bwerankori,Residential,Active,2024-12-10,-1.952176,30.116895
CUST-005931,Gasabo,Bumbogo,Nkuzuzu,Public Taps,Active,2021-03-10,-1.822654,30.071301
CUST-005932,Nyarugenge,Nyakabanda,Munanira II,Residential,Active,2022-11-10,-1.953112,30.052863
CUST-005933,Kicukiro,Kigarama,Kigarama,Residential,Active,2020-07-09,-1.924355,30.107241
CUST-005934,Gasabo,Remera,Nyabisindu,Residential,Suspended,2024-10-31,-1.866439,30.132752
CUST-005935,Gasabo,Jali,Nkusi,Residential,Active,2020-08-20,-1.873623,30.112169
CUST-005936,Gasabo,Gikomero,Gicaca,Residential,Active,2021-07-05,-1.807979,30.071271
CUST-005937,Kicukiro,Kanombe,Kabeza,Residential,Active,2024-09-05,-1.977681,30.104106
CUST-005938,Gasabo,Gikomero,Murambi,Public Taps,Active,2024-02-14,-1.89101,30.09866
CUST-005939,Gasabo,Ndera,Bwiza,Public Taps,Active,2020-08-21,-1.921035,30.127082
CUST-005940,Gasabo,Gatsata,Nyamabuye,Residential,Active,2023-01-31,-1.922182,30.092738
CUST-005941,Nyarugenge,Mageragere,Kavumu,Residential,Active,2025-06-21,-1.976765,30.071012
CUST-005942,Gasabo,Kimihurura,Kamukina,Residential,Active,2022-08-06,-1.859065,30.135799
CUST-005943,Kicukiro,Gahanga,Karembure,Residential,Transferred,2022-03-26,-1.948828,30.158221
CUST-005944,Gasabo,Rusororo,Kabuga I,Residential,Active,2024-04-09,-1.900296,30.172712
CUST-005945,Nyarugenge,Kigali,Nyabugogo,Residential,Active,2024-07-14,-2.035647,30.090618
CUST-005946,Kicukiro,Gatenga,Nyanza,Residential,Active,2025-10-30,-1.998875,30.094003
CUST-005947,Nyarugenge,Kigali,Mwendo,Residential,Active,2020-01-27,-1.963239,30.054132
CUST-005948,Gasabo,Kacyiru,Kamatamu,Residential,Active,2020-07-05,-1.882817,30.066909
CUST-005949,Gasabo,Rutunga,Kibenga,Residential,Transferred,2021-01-21,-1.919412,30.186793
CUST-005950,Nyarugenge,Nyarugenge,Kiyovu,Residential,Active,2025-04-04,-2.010759,30.017759
CUST-005951,Nyarugenge,Rwezamenyo,Rwezamenyo II,Non-Residential,Disconnected,2022-08-05,-1.924038,30.027193
CUST-005952,Kicukiro,Gahanga,Kagasa,Residential,Active,2022-01-23,-1.952985,30.123517
CUST-005953,Gasabo,Bumbogo,Ngara,Residential,Active,2025-11-12,-1.837793,30.131837
CUST-005954,Kicukiro,Masaka,Gako,Residential,Active,2020-08-28,-1.986517,30.077632
CUST-005955,Kicukiro,Kanombe,Busanza,Residential,Active,2024-12-03,-1.935476,30.136486
CUST-005956,Nyarugenge,Mageragere,Mataba,Residential,Active,2023-02-28,-1.921029,30.088566
CUST-005957,Gasabo,Gisozi,Ruhango,Residential,Disconnected,2020-01-29,-1.869669,30.115857
CUST-005958,Kicukiro,Masaka,Cyimo,Residential,Active,2025-05-24,-1.969425,30.147999
CUST-005959,Gasabo,Rusororo,Nyagahinga,Residential,Active,2022-05-04,-1.937278,30.191855
CUST-005960,Gasabo,Bumbogo,Mvuzo,Residential,Disconnected,2023-11-10,-1.815245,30.061035
CUST-005961,Gasabo,Rusororo,Gasagara,Residential,Disconnected,2025-12-12,-1.897402,30.115636
CUST-005962,Gasabo,Rusororo,Kabuga I,Residential,Active,2025-08-06,-1.853202,30.123824
CUST-005963,Gasabo,Ndera,Kibenga,Residential,Active,2021-03-08,-1.885185,30.181519
CUST-005964,Nyarugenge,Kigali,Kigali,Residential,Active,2023-03-11,-1.934641,30.070502
CUST-005965,Nyarugenge,Gitega,Kora,Residential,Active,2021-08-24,-1.976451,30.067349
CUST-005966,Gasabo,Jabana,Kabuye,Residential,Active,2022-02-25,-1.889353,30.121999
CUST-005967,Gasabo,Bumbogo,Musave,Residential,Active,2025-01-02,-1.849629,30.097216
CUST-005968,Nyarugenge,Kigali,Rwesero,Residential,Active,2020-07-18,-1.949935,30.044396
CUST-005969,Gasabo,Gisozi,Ruhango,Residential,Active,2025-11-27,-1.83047,30.097932
CUST-005970,Gasabo,Bumbogo,Ngara,Residential,Active,2022-02-06,-1.827942,30.152316
CUST-005971,Kicukiro,Nyarugunga,Rwimbogo,Residential,Active,2022-01-30,-2.017077,30.184086
CUST-005972,Nyarugenge,Rwezamenyo,Kabuguru I,Residential,Active,2022-05-30,-1.986544,30.099384
CUST-005973,Gasabo,Rutunga,Indatemwa,Residential,Active,2023-06-04,-1.902652,30.125829
CUST-005974,Nyarugenge,Gitega,Kigarama,Residential,Suspended,2025-01-17,-1.970214,30.081915
CUST-005975,Gasabo,Jali,Agateko,Residential,Active,2025-08-13,-1.876099,30.09484
CUST-005976,Nyarugenge,Rwezamenyo,Rwezamenyo I,Residential,Disconnected,2020-10-09,-1.943354,30.124011
CUST-005977,Gasabo,Bumbogo,Kinyaga,Residential,Active,2023-12-10,-1.864737,30.119536
CUST-005978,Gasabo,Gikomero,Gasagara,Residential,Active,2021-06-06,-1.829555,30.10733
CUST-005979,Kicukiro,Masaka,Gitaraga,Residential,Active,2025-06-04,-1.971572,30.115186
CUST-005980,Kicukiro,Masaka,Mbabe,Residential,Active,2025-12-14,-1.984504,30.073076
CUST-005981,Nyarugenge,Kimisagara,Kamuhoza,Non-Residential,Active,2023-10-23,-1.967171,30.107716
CUST-005982,Nyarugenge,Kimisagara,Katabaro,Residential,Suspended,2024-10-30,-1.955425,30.072282
CUST-005983,Gasabo,Jabana,Ngiryi,Residential,Active,2022-06-04,-1.887945,30.162797
CUST-005984,Kicukiro,Kigarama,Nyarurama,Residential,Active,2024-12-08,-1.981024,30.133
CUST-005985,Gasabo,Rutunga,Kigabiro,Residential,Active,2021-12-22,-1.911011,30.127284
CUST-005986,Gasabo,Bumbogo,Ngara,Residential,Active,2023-07-29,-1.798425,30.087123
CUST-005987,Gasabo,Jali,Nyakabungo,Residential,Active,2020-02-19,-1.891458,30.121483
CUST-005988,Gasabo,Rusororo,Kabuga I,Non-Residential,Active,2025-04-28,-1.865573,30.126702
CUST-005989,Kicukiro,Niboye,Nyakabanda,Non-Residential,Active,2021-09-30,-1.954435,30.10821
CUST-005990,Gasabo,Nduba,Butare,Residential,Active,2025-02-04,-1.862949,30.148657
CUST-005991,Nyarugenge,Nyamirambo,Gasharu,Residential,Active,2020-03-15,-1.956867,30.018538
CUST-005992,Kicukiro,Masaka,Gitaraga,Residential,Active,2022-10-01,-1.979453,30.103372
CUST-005993,Gasabo,Nduba,Gasanze,Residential,Suspended,2021-10-24,-1.889406,30.113185
CUST-005994,Kicukiro,Niboye,Niboye,Residential,Active,2024-08-04,-1.967889,30.119781
CUST-005995,Gasabo,Jali,Buhiza,Residential,Active,2022-04-19,-1.909584,30.16528
CUST-005996,Nyarugenge,Kimisagara,Katabaro,Residential,Active,2022-06-20,-1.977756,30.094791
CUST-005997,Gasabo,Jabana,Ngiryi,Non-Residential,Active,2021-08-17,-1.860156,30.188694
CUST-005998,Gasabo,Remera,Rukiri II,Residential,Active,2024-07-24,-1.884644,30.155485
CUST-005999,Nyarugenge,Gitega,Gacyamo,Residential,Active,2020-08-11,-1.971733,30.012933
CUST-006000,Gasabo,Kimihurura,Kimihurura,Residential,Active,2024-11-09,-1.806807,30.103891
